business_id,county,sector,business_age_months,employees,monthly_revenue_kes,monthly_expenses_kes,total_assets_kes,total_liabilities_kes,loan_amount_kes,mpesa_volume_kes,expense_ratio,debt_to_asset_ratio,age_risk_factor,mpesa_dependency,distress_label
MSME_00000,Mombasa,Digital Commerce,103,15,69956.64,57239.43,54653.04,33300.95,74297.39,47382.18,0.8182012715123037,0.6093044539799802,0.009615384615384616,0.6772981478506136,1
MSME_00001,Kisumu,Construction,52,1,204523.61,134370.03,1084686.49,575481.67,0.0,139924.33,0.6569870980318702,0.5305506657959151,0.018867924528301886,0.6841442210793116,0
MSME_00002,Thika,Manufacturing,93,5,164160.29,174074.09,188031.92,110086.08,0.0,131168.13,1.0603845157405865,0.5854617372319698,0.010638297872340425,0.7990198541933973,1
MSME_00003,Nakuru,Manufacturing,15,10,350911.73,316756.2,279774.52,180768.18,44524.97,219436.17,0.9026637477642946,0.6461186454054307,0.0625,0.6253297507901752,1
MSME_00004,Nairobi,Digital Commerce,107,1,119510.33,117123.15,5870586.02,1401686.01,0.0,104834.82,0.980017124736207,0.2387641994275387,0.009259259259259259,0.8771956600265431,0
MSME_00005,Eldoret,Digital Commerce,72,2,45857.01,44729.85,222839.01,75990.38,0.0,27210.08,0.9753988452617111,0.34100869049503274,0.0136986301369863,0.593355010389679,1
MSME_00006,Kisumu,Retail,61,5,329121.49,349817.78,681810.94,469763.04,441310.22,281437.35,1.0628802060898361,0.6889920994930069,0.016129032258064516,0.8551143071383545,1
MSME_00007,Mombasa,Transport,21,2,48666.17,32748.11,202794.14,46857.45,80327.79,42942.62,0.6728994104239059,0.23105805198290252,0.045454545454545456,0.8823734768222603,0
MSME_00008,Nakuru,Agriculture,103,1,813304.92,783091.03,1835865.48,689169.42,0.0,477354.1,0.9628492929204302,0.3753919075857848,0.009615384615384616,0.5869305611349785,1
MSME_00009,Nakuru,Construction,83,1,233460.77,213925.64,1191509.23,754443.33,74082.82,201765.46,0.9163197897454475,0.6331824192562744,0.011904761904761904,0.8642334031820285,1
MSME_00010,Kisumu,Construction,87,1,73211.46,45170.99,1410933.69,1199464.06,13910.46,60120.01,0.6169850050114419,0.8501201852227477,0.011363636363636364,0.8211718333190825,0
MSME_00011,Eldoret,Agriculture,75,10,403790.56,287007.3,2833556.6,454049.58,0.0,360774.77,0.7107808295943581,0.16024010946521786,0.013157894736842105,0.8934678327600508,0
MSME_00012,Eldoret,Agriculture,75,3,132033.5,98650.72,486322.99,249604.61,1990.49,96316.56,0.7471586592898068,0.5132475780189252,0.013157894736842105,0.7294802494802495,0
MSME_00013,Machakos,Digital Commerce,88,1,106787.32,68333.85,2648248.63,438349.42,187939.11,64631.47,0.6399000377569383,0.16552420702122406,0.011235955056179775,0.6052297667010774,0
MSME_00014,Kakamega,Food Services,117,2,67449.24,53628.61,4359584.44,1758244.65,0.0,61406.99,0.795084050108643,0.4033054688796281,0.00847457627118644,0.9104043217637179,0
MSME_00015,Nyeri,Food Services,100,2,20370.05,12526.79,1026160.17,246595.73,72225.98,17426.98,0.6149309927568781,0.24030896628060872,0.009900990099009901,0.8554777490605541,0
MSME_00016,Meru,Manufacturing,104,1,243870.49,220520.12,193389.13,119814.38,93653.02,124238.22,0.9042472328356218,0.6195475436104211,0.009523809523809525,0.5094413455217747,1
MSME_00017,Nyeri,Construction,24,2,26157.03,18736.95,171793.88,121332.18,0.0,24136.04,0.716298207472046,0.7062619095516699,0.04,0.9227009832162438,0
MSME_00018,Mombasa,Transport,3,2,60276.99,45681.02,1240131.97,369403.77,0.0,55866.91,0.7578391382990707,0.2978743239122173,0.25,0.926821050270588,0
MSME_00019,Kisumu,Services,22,2,205426.7,226125.37,193240.38,129530.9,186938.66,135558.38,1.1007540365783193,0.6703062253022618,0.043478260869565216,0.6598836476288251,1
MSME_00020,Thika,Retail,53,5,80766.99,70796.25,145498.91,66559.23,0.0,40747.61,0.876538465300424,0.45745203553734154,0.018518518518518517,0.5045019691588214,1
MSME_00021,Nairobi,Construction,2,1,155928.35,116627.8,2106399.0,688506.05,0.0,116734.48,0.7479528388978727,0.3268638672616787,0.3333333333333333,0.7486369948954446,0
MSME_00022,Machakos,Digital Commerce,88,3,39588.92,36784.2,420602.22,218175.35,0.0,36071.61,0.9291304453254767,0.5187201134599018,0.011235955056179775,0.9111311667212261,0
MSME_00023,Nyeri,Retail,108,3,94046.12,66859.2,13300074.41,5369507.57,76318.32,52289.47,0.7109117216986549,0.4037200846216856,0.009174311926605505,0.5559922515436944,0
MSME_00024,Thika,Transport,30,3,156903.42,100562.17,331386.67,94112.82,0.0,120145.56,0.6409135574383437,0.28399614264465545,0.03225806451612903,0.7657245092266999,0
MSME_00025,Eldoret,Agriculture,38,3,51458.32,31466.69,401583.04,283307.13,33674.72,42674.19,0.611486704449262,0.7054740771072476,0.02564102564102564,0.8292800993095129,0
MSME_00026,Kakamega,Transport,2,2,719537.18,808285.6,1122483.32,828414.38,730153.22,403380.05,1.1233394175136056,0.7380186655970392,0.3333333333333333,0.5606096538198987,1
MSME_00027,Eldoret,Retail,64,10,70444.19,70341.06,932363.53,690181.91,127213.48,51492.8,0.9985218295244855,0.7402489989618116,0.015384615384615385,0.7309626107900341,1
MSME_00028,Machakos,Food Services,60,3,528827.09,549965.09,659328.83,267499.09,3249.16,285546.49,1.039969510696756,0.40571361680996604,0.01639344262295082,0.5399608973116387,1
MSME_00029,Machakos,Services,21,2,112667.29,128384.91,640781.86,150982.79,595563.76,84630.8,1.1394946173408687,0.2356223916476168,0.045454545454545456,0.7511501239612317,1
MSME_00030,Kisumu,Transport,33,10,27764.8,30885.45,35726329.15,27592480.97,187314.53,19406.26,1.1123558478415894,0.7723290036830162,0.029411764705882353,0.6989267372090845,1
MSME_00031,Meru,Manufacturing,76,3,42748.92,42975.59,5351701.09,1944867.59,80493.44,26466.46,1.0052788402878883,0.36341103396508384,0.012987012987012988,0.6190996380811941,0
MSME_00032,Kisumu,Food Services,58,1,158907.78,155998.64,2007154.33,1401903.85,0.0,140456.4,0.9816867261834117,0.6984530938121266,0.01694915254237288,0.8838806767001798,1
MSME_00033,Kakamega,Manufacturing,22,1,374286.1,293914.71,167626.87,126384.03,6938.15,251447.37,0.7852654018800008,0.7539559501650889,0.043478260869565216,0.6718034631703845,1
MSME_00034,Machakos,Manufacturing,108,1,782130.69,514023.71,667508.32,476949.38,23207.51,637372.13,0.6572086473059289,0.7145209298351071,0.009174311926605505,0.8149166414673724,0
MSME_00035,Nyeri,Digital Commerce,89,15,151481.49,138688.48,1611463.2,663672.78,3361.34,129638.95,0.9155413275818216,0.4118445696776882,0.011111111111111112,0.8558015517172975,1
MSME_00036,Meru,Transport,49,5,41058.63,37648.27,1790244.82,1522448.15,0.0,23829.71,0.916916932763398,0.8504129058656312,0.02,0.5803683569481751,1
MSME_00037,Meru,Manufacturing,91,25,176043.27,197825.19,3379130.07,2122532.75,0.0,97457.74,1.12372410644209,0.6281297487522436,0.010869565217391304,0.5535979103438017,1
MSME_00038,Nairobi,Construction,59,3,58383.31,49241.3,337937.62,189446.83,14881.25,29397.5,0.8433995366220823,0.5605953826762978,0.016666666666666666,0.5035171264334545,1
MSME_00039,Nairobi,Agriculture,42,2,197242.97,193287.1,696453.9,458494.6,0.0,125764.79,0.979939209294966,0.6583263324014232,0.023255813953488372,0.6376103157931773,1
MSME_00040,Kisumu,Transport,92,1,51975.38,47621.6,294779.28,40025.63,54123.24,45072.01,0.9162161735773057,0.13578123339865203,0.010752688172043012,0.8671633153366972,0
MSME_00041,Nyeri,Retail,60,3,16488.69,11496.21,3618956.31,1492500.93,259640.1,13978.2,0.6971756291355387,0.41241186401284186,0.01639344262295082,0.8476933162479102,0
MSME_00042,Kisumu,Agriculture,80,3,497253.71,460275.62,1687219.56,1358167.41,0.0,443705.79,0.9256335048088332,0.8049732454659039,0.012345679012345678,0.8923108842950929,1
MSME_00043,Kisumu,Food Services,15,50,106253.53,95316.24,396800.56,90813.27,0.0,89494.17,0.8970557772925071,0.22886318793706356,0.0625,0.8422621604932985,0
MSME_00044,Nakuru,Transport,62,1,140036.77,122062.81,955369.52,412261.55,0.0,71530.25,0.8716420577105735,0.4315200661623932,0.015873015873015872,0.5107925526091996,0
MSME_00045,Machakos,Retail,62,2,361024.6,318561.83,774808.58,328672.55,0.0,243143.91,0.8823801691625194,0.42419783968081554,0.015873015873015872,0.6734810772421679,0
MSME_00046,Nairobi,Services,47,3,872263.39,602030.42,253744.11,97649.2,74053.97,438458.24,0.6901925917209575,0.3848318495674656,0.020833333333333332,0.5026666742637516,0
MSME_00047,Nakuru,Retail,62,3,273780.14,234058.13,2227074.67,1224626.19,39719.53,141331.59,0.8549096186830107,0.5498808174757708,0.015873015873015872,0.5162210589085866,0
MSME_00048,Nakuru,Transport,51,3,147709.33,137828.95,800002.8,717569.26,62753.84,105664.08,0.9331029860944731,0.8969573144527563,0.019230769230769232,0.7153465840879241,0
MSME_00049,Machakos,Agriculture,108,5,211688.87,183999.34,386472.45,117750.07,11118.35,140138.56,0.8691929377631532,0.3046782903198137,0.009174311926605505,0.6619993672819583,0
MSME_00050,Nyeri,Services,55,1,99232.11,86210.62,248567.25,165040.13,2269.78,74556.61,0.8687687002856204,0.6639630363089414,0.017857142857142856,0.7513279589846574,1
MSME_00051,Nakuru,Construction,116,5,138152.63,88781.68,2034001.58,1436810.58,20056.45,73189.45,0.6426300923110018,0.7063956526544819,0.008547008547008548,0.5297685627225285,0
MSME_00052,Machakos,Retail,64,3,154023.99,108575.48,1006278.71,571162.57,72126.41,117787.54,0.7049211949307707,0.567598217795726,0.015384615384615385,0.7647300610115281,0
MSME_00053,Kisumu,Transport,3,15,60680.32,47120.39,316923.51,56406.22,69609.16,32115.12,0.7765221653055668,0.1779799864642845,0.25,0.5292422775246155,0
MSME_00054,Kakamega,Transport,101,10,136103.87,113053.43,401353.4,223914.58,21063.84,94001.21,0.8306347157159034,0.5578974093718668,0.00980392156862745,0.6906528032391495,0
MSME_00055,Nyeri,Construction,51,2,192355.76,178249.46,734264.12,633502.22,48084.58,126677.99,0.9266607526556383,0.862770411864314,0.019230769230769232,0.6585575157327458,1
MSME_00056,Meru,Manufacturing,7,1,223466.52,240190.71,787463.63,294234.3,0.0,134253.45,1.0748349916802227,0.3736476392596833,0.125,0.6007738842763369,0
MSME_00057,Thika,Transport,21,50,206348.92,141873.26,918470.72,561874.92,30920.64,132143.18,0.6875372667941911,0.6117498315571437,0.045454545454545456,0.6403839652566863,1
MSME_00058,Nakuru,Digital Commerce,73,2,34925.58,21245.18,87288.31,75724.2,165139.33,17471.03,0.6082811429003355,0.8675082893884715,0.013513513513513514,0.5002216077268372,1
MSME_00059,Nakuru,Retail,39,15,455549.17,385886.78,842808.45,622323.21,7327.84,294212.83,0.847078555584778,0.7383913528734164,0.025,0.6458406765603886,1
MSME_00060,Nairobi,Services,18,1,419274.55,351208.09,168892.74,109889.42,349428.71,224430.86,0.8376545925465962,0.6506423506282708,0.05263157894736842,0.5352824890456884,0
MSME_00061,Thika,Manufacturing,4,3,121037.0,109362.46,4004002.47,3511186.25,44743.49,110698.74,0.9035382276640395,0.8769188828899791,0.2,0.9145783968670996,1
MSME_00062,Kisumu,Retail,89,10,210135.68,222380.7,2549764.58,602933.56,409414.14,112096.84,1.058266933692871,0.23646627153857808,0.011111111111111112,0.5334472782191095,0
MSME_00063,Kisumu,Agriculture,60,25,107306.69,111738.27,2922869.8,2099202.26,0.0,99676.93,1.041288560027711,0.7181987859333364,0.01639344262295082,0.9288889733811247,1
MSME_00064,Nairobi,Agriculture,14,2,282648.02,185141.18,38151.78,16232.38,0.0,203829.32,0.6550214821194144,0.42545733233593985,0.06666666666666667,0.721139312635862,0
MSME_00065,Nyeri,Retail,114,5,59025.7,65736.77,509396.41,197821.73,0.0,43143.53,1.1136785556366866,0.3883445932714892,0.008695652173913044,0.7309155009512645,1
MSME_00066,Meru,Digital Commerce,9,2,510150.26,337070.52,664234.84,343102.54,0.0,436003.28,0.6607266244917243,0.5165372287047926,0.1,0.8546549115648563,0
MSME_00067,Kisumu,Digital Commerce,90,1,268930.33,255218.59,1454242.6,184690.04,30873.18,218619.08,0.9490102547739603,0.12700075833237293,0.01098901098901099,0.8129178552755455,0
MSME_00068,Nyeri,Food Services,53,3,275249.65,266943.57,2150152.81,752604.44,0.0,166987.77,0.9698199441127568,0.35002353622320626,0.018518518518518517,0.606675297587853,1
MSME_00069,Meru,Food Services,2,3,119964.02,116836.87,3407708.97,793902.12,0.0,61356.78,0.9739244823199296,0.23297232657390732,0.3333333333333333,0.5114555893042821,1
MSME_00070,Kisumu,Food Services,84,25,32447.59,24204.06,45260.67,9547.86,9877.89,27590.26,0.7459202387530552,0.21094802732643317,0.011764705882352941,0.8502760828744792,0
MSME_00071,Meru,Retail,92,2,322524.6,252114.19,278852.83,103139.97,755394.83,180092.66,0.7816873761338635,0.3698710898107442,0.010752688172043012,0.5583825283946453,0
MSME_00072,Mombasa,Transport,111,1,33538.14,30243.77,781803.42,579950.76,0.0,25799.76,0.9017455426704442,0.7418105413115981,0.008928571428571428,0.7692433377838549,1
MSME_00073,Kisumu,Manufacturing,60,1,326430.6,231691.67,1973657.26,514905.18,7245.45,301682.03,0.7097709596742473,0.2608887214344797,0.01639344262295082,0.9241814517957209,0
MSME_00074,Nakuru,Transport,71,2,61566.48,37627.63,1909160.28,1002562.35,0.0,46005.53,0.6111607946272934,0.5251323502643004,0.013888888888888888,0.7472375026556227,0
MSME_00075,Nyeri,Construction,44,2,27253.88,24778.67,1289652.02,901369.98,0.0,17129.28,0.9091461785926043,0.6989244130176968,0.022222222222222223,0.628484880505803,1
MSME_00076,Meru,Retail,8,5,133385.63,114165.19,339601.11,99427.47,515821.36,77425.15,0.85589680165096,0.2927763611362721,0.1111111111111111,0.5804566019847716,0
MSME_00077,Nairobi,Construction,47,2,434869.19,417997.21,395631.77,332078.53,11149.41,222708.45,0.9611999617633024,0.8393605261768382,0.020833333333333332,0.5121262738197806,1
MSME_00078,Meru,Digital Commerce,35,25,50736.27,34535.43,342717.38,271842.85,45304.02,39597.64,0.6806718217200098,0.7931960054199602,0.027777777777777776,0.7804448288211013,1
MSME_00079,Kakamega,Construction,78,25,659366.38,700582.51,224748.16,67636.29,166737.23,495249.81,1.0625070806505472,0.30094123599839034,0.012658227848101266,0.7510984392342854,0
MSME_00080,Eldoret,Transport,81,3,256976.66,174852.53,221002.71,197070.43,13163.47,181882.08,0.6804191850762435,0.89170643334449,0.012195121951219513,0.7077738975442456,1
MSME_00081,Nakuru,Digital Commerce,36,15,155867.18,169932.48,197041.2,125187.54,169058.01,91524.76,1.090232015283684,0.6353336493400905,0.02702702702702703,0.5871933578745835,0
MSME_00082,Thika,Construction,50,5,86195.71,73028.16,1091583.73,359000.09,0.0,52276.35,0.8472267677037789,0.3288797288324105,0.0196078431372549,0.6064773237864879,0
MSME_00083,Kakamega,Agriculture,104,2,92420.37,83399.49,846780.32,546029.32,10865.92,86074.61,0.9023831825907797,0.6448291986412737,0.009523809523809525,0.9313280034693275,1
MSME_00084,Eldoret,Manufacturing,4,1,204877.44,223955.57,239870.85,151837.92,165362.92,104319.87,1.0931143852911025,0.6329959934856884,0.2,0.5091793455670591,1
MSME_00085,Eldoret,Retail,2,2,310531.57,237541.8,93547.15,54720.86,28690.95,206051.86,0.7649497120382573,0.5849486066800894,0.3333333333333333,0.6635434730727279,0
MSME_00086,Eldoret,Services,6,3,73607.62,51525.69,468269.89,313439.68,151171.56,38089.41,0.6999953266342992,0.6693554664480639,0.14285714285714285,0.5174585530879401,0
MSME_00087,Machakos,Manufacturing,54,10,59485.43,50274.91,4308354.61,1355634.77,15624.11,34870.73,0.8451492214274752,0.3146524782804546,0.01818181818181818,0.5861963812587174,0
MSME_00088,Kakamega,Digital Commerce,106,2,107599.7,79021.43,734725.26,648900.82,0.0,98982.18,0.7343951293997157,0.883187188654452,0.009345794392523364,0.9199027515620252,1
MSME_00089,Machakos,Food Services,4,15,536933.04,478039.08,1905189.65,1498082.26,21415.16,304603.86,0.8903124860550842,0.7863161936050862,0.2,0.5673021960015796,1
MSME_00090,Kakamega,Food Services,54,3,39462.72,29651.97,905330.31,630646.83,31361.87,30400.24,0.7513729065582262,0.6965923116035829,0.01818181818181818,0.7703338661433844,0
MSME_00091,Nakuru,Digital Commerce,93,1,417682.83,449205.04,680265.45,82342.05,45888.16,274052.27,1.0754666753558546,0.12104382040302003,0.010638297872340425,0.656123724013927,0
MSME_00092,Meru,Agriculture,63,50,139007.04,129836.54,124534.46,71272.1,68913.25,109102.69,0.9340218019044078,0.5723036635509277,0.015625,0.7848660408419541,0
MSME_00093,Machakos,Retail,18,2,25521.1,15316.04,447744.48,297833.89,381378.25,22546.98,0.600108925205998,0.6651856988037044,0.05263157894736842,0.8834296550832416,1
MSME_00094,Thika,Food Services,90,2,83982.83,87594.98,383944.88,300736.29,32076.61,52820.58,1.0429981580978147,0.7832778150920645,0.01098901098901099,0.6289374990399937,1
MSME_00095,Mombasa,Manufacturing,44,3,245160.43,191621.51,4314372.0,3697096.24,0.0,131254.09,0.7816136086332993,0.8569254999509779,0.022222222222222223,0.5353782199753037,1
MSME_00096,Meru,Digital Commerce,34,1,807593.36,626784.83,908785.88,756730.08,124223.89,477999.13,0.7761134315004379,0.8326815633605977,0.02857142857142857,0.5918802231357831,0
MSME_00097,Thika,Manufacturing,74,3,35334.93,28645.48,3378839.77,1435452.59,0.0,24649.31,0.8106615560988489,0.4248358202449416,0.013333333333333334,0.6975707162652858,0
MSME_00098,Machakos,Agriculture,62,2,7949.18,7525.05,2821941.59,2306093.35,0.0,5817.04,0.9465257390398708,0.8172006610524278,0.015873015873015872,0.7316865781655257,1
MSME_00099,Thika,Services,100,2,35970.24,30327.71,264316.66,26590.0,58397.37,33231.21,0.8431099400521083,0.10059865088091353,0.009900990099009901,0.9238272019535607,0
MSME_00100,Eldoret,Construction,14,25,412674.95,390287.15,730432.04,278426.21,124346.85,209327.67,0.9457472624707111,0.38117964926668707,0.06666666666666667,0.5072446552797661,1
MSME_00101,Nyeri,Food Services,95,2,22164.75,15088.2,5508783.17,1052755.21,149326.49,18639.05,0.6806988258912963,0.19110482050343242,0.010416666666666666,0.8408941723153964,0
MSME_00102,Nakuru,Transport,48,1,595557.9,675118.75,1433765.95,1156266.51,6767.12,317211.64,1.1335885501837013,0.8064535941493142,0.02040816326530612,0.5326284940078975,1
MSME_00103,Kakamega,Services,15,2,449013.82,449590.11,1333426.84,1123259.47,117518.74,240251.56,1.0012812271986924,0.8423848942586949,0.0625,0.5350637647104832,1
MSME_00104,Kisumu,Services,72,15,161302.42,118978.91,2183189.19,665450.77,0.0,128132.11,0.7376093451707347,0.3048065958925915,0.0136986301369863,0.7943545772309105,0
MSME_00105,Nyeri,Food Services,78,1,71227.53,71105.98,1298158.58,511277.63,58173.16,64747.22,0.9982794815504404,0.39384805834117864,0.012658227848101266,0.9090068263377049,0
MSME_00106,Mombasa,Agriculture,87,1,140823.22,129031.25,1405110.01,1246476.03,30961.1,88643.06,0.9162575159301433,0.8871014611151613,0.011363636363636364,0.6294589098380946,1
MSME_00107,Kakamega,Food Services,62,1,245508.62,162048.93,1048145.08,579467.82,84492.69,152506.95,0.660051243613183,0.5528502477440931,0.015873015873015872,0.6211852309494024,1
MSME_00108,Kisumu,Digital Commerce,40,1,210760.24,147112.34,485187.88,241451.16,0.0,163965.21,0.6980047185146567,0.497643639318362,0.024390243902439025,0.7779666223258128,0
MSME_00109,Nairobi,Services,85,10,758925.86,472597.92,204902.78,102522.77,41547.35,644575.75,0.6227186635613344,0.5003459184598742,0.011627906976744186,0.8493252564548842,0
MSME_00110,Nairobi,Retail,80,5,102733.91,107365.25,78563.18,51612.12,123759.44,91539.16,1.045070755403397,0.656942133170613,0.012345679012345678,0.8910229249239621,1
MSME_00111,Mombasa,Agriculture,109,2,36284.9,32781.14,491270.36,424278.0,17031.1,22219.7,0.9034126203291085,0.8636326774677034,0.00909090909090909,0.6123508029289614,1
MSME_00112,Nairobi,Services,82,3,30415.85,23548.31,1231723.86,484434.46,36833.33,25339.13,0.7741863473699612,0.3932976233020092,0.012048192771084338,0.8330622664740104,0
MSME_00113,Mombasa,Digital Commerce,111,2,24902.13,16671.72,971197.68,231267.77,0.0,15893.67,0.669462834591475,0.23812611648113027,0.008928571428571428,0.6382197739802186,0
MSME_00114,Nairobi,Services,53,25,162150.29,140458.67,1564526.38,388018.68,0.0,120828.78,0.8662198740447887,0.24801015626840614,0.018518518518518517,0.745160769303778,0
MSME_00115,Kisumu,Digital Commerce,24,25,105411.95,93700.02,627028.7,72915.43,0.0,61759.13,0.8888852840187094,0.11628704350049128,0.04,0.5858780159363721,1
MSME_00116,Meru,Digital Commerce,26,2,137675.48,135757.89,19122957.07,10409168.57,11898.69,77883.14,0.9860645042639091,0.5443283686497149,0.037037037037037035,0.5656967697024212,1
MSME_00117,Meru,Transport,89,10,77881.25,88275.71,8307827.1,7005938.88,60960.94,71719.8,1.1334509467818406,0.843293673830348,0.011111111111111112,0.9208747821230127,1
MSME_00118,Machakos,Manufacturing,60,5,43907.18,36847.79,118052.62,79149.74,374694.64,32765.28,0.8392010327005127,0.6704558487914222,0.01639344262295082,0.7462226856134779,0
MSME_00119,Meru,Digital Commerce,109,2,246307.46,202789.57,1603678.42,1434284.47,74803.09,123662.43,0.8233154882296776,0.8943710645111353,0.00909090909090909,0.5020632665236102,0
MSME_00120,Nakuru,Services,41,1,11349.58,9118.95,2332684.97,1930581.23,29693.87,9727.12,0.8033906637370073,0.8276215722256004,0.023809523809523808,0.8569711856134224,1
MSME_00121,Machakos,Food Services,29,2,59778.68,63055.04,57123.92,28189.86,0.0,48474.03,1.054790524137968,0.4934774525723625,0.03333333333333333,0.8108780441782224,1
MSME_00122,Eldoret,Digital Commerce,15,5,292579.05,200701.76,891143.75,435982.73,0.0,189195.44,0.6859721296786983,0.4892389592150994,0.0625,0.6466450463727791,0
MSME_00123,Nakuru,Construction,45,25,54130.96,42714.58,1356336.92,817444.98,89343.13,38367.15,0.7890824570179983,0.6026853396534103,0.021739130434782608,0.7087707520658776,0
MSME_00124,Nakuru,Manufacturing,65,5,197141.18,196891.59,724512.26,136750.59,71123.85,138480.99,0.9987288869383508,0.18874822249630047,0.015151515151515152,0.7024422170841369,0
MSME_00125,Mombasa,Digital Commerce,89,10,59858.63,36431.89,1159116.38,679413.04,6054.98,37330.62,0.6086220379243908,0.5861468835882696,0.011111111111111112,0.6236359964136097,0
MSME_00126,Kakamega,Agriculture,71,3,84470.29,64126.41,802009.84,377954.53,0.0,79507.72,0.7591503574764871,0.47125863036963445,0.013888888888888888,0.9412395619860903,1
MSME_00127,Meru,Manufacturing,9,10,236788.0,225610.64,1694833.99,1040954.06,0.0,176347.46,0.9527918948937663,0.6141919810140337,0.1,0.7447451528576073,1
MSME_00128,Meru,Construction,88,5,37128.93,26074.67,4676267.44,2582085.12,18951.67,33556.23,0.7022547578193656,0.5521678563003967,0.011235955056179775,0.9037515018207684,0
MSME_00129,Nairobi,Construction,1,2,280766.41,215204.87,1838936.63,640532.32,245708.82,214339.86,0.7664880692527669,0.34831650054384933,0.5,0.7634071917392407,1
MSME_00130,Nakuru,Construction,108,3,139514.04,121003.99,2988777.25,1752049.88,122399.83,113087.63,0.867318605936679,0.5862093917472799,0.009174311926605505,0.8105766231368317,0
MSME_00131,Meru,Construction,8,10,468100.77,389512.72,205068.03,80553.08,21182.57,240273.36,0.8321111881290257,0.3928095822172661,0.1111111111111111,0.5132929960935632,0
MSME_00132,Nakuru,Retail,88,1,164086.66,108020.7,8309483.93,2124709.39,41211.87,119835.5,0.6583109296579644,0.2556968822855787,0.011235955056179775,0.7303139066033363,0
MSME_00133,Mombasa,Construction,63,10,45730.16,51036.2,1064389.62,681269.68,0.0,37707.93,1.1160049296803316,0.6400560726474647,0.015625,0.8245566042934401,1
MSME_00134,Mombasa,Agriculture,11,1,750124.46,468348.46,456489.39,157524.3,113606.75,416197.83,0.6243601703640349,0.34507692483953495,0.08333333333333333,0.5548376267617954,0
MSME_00135,Kakamega,Agriculture,115,2,49714.76,50329.16,1200749.67,974071.94,11682.29,40032.62,1.0123381398574618,0.8112191517661198,0.008620689655172414,0.8052299713410798,1
MSME_00136,Meru,Food Services,81,10,106175.0,67875.82,379445.27,98453.13,0.0,57113.92,0.6392764843279084,0.25946527290938975,0.012195121951219513,0.53791742013261,0
MSME_00137,Nakuru,Services,8,1,347114.14,297481.22,860860.03,499398.01,0.0,299615.15,0.8570102128071969,0.5801145511256329,0.1111111111111111,0.8631578271117762,0
MSME_00138,Nairobi,Digital Commerce,35,1,20334.46,14162.47,1046904.44,583376.0,0.0,19114.45,0.6964420770417783,0.5572384837354556,0.027777777777777776,0.9399566078170841,0
MSME_00139,Nairobi,Agriculture,35,2,562231.51,380970.2,320141.77,82658.51,61977.77,439682.23,0.677602581181227,0.25819264948572784,0.027777777777777776,0.7820291821972372,0
MSME_00140,Nairobi,Retail,33,15,42155.3,28212.18,879351.99,397387.49,6807.64,22539.81,0.66922808690516,0.4519089541049949,0.029411764705882353,0.5346723977199137,0
MSME_00141,Machakos,Food Services,5,1,84541.73,71778.69,314538.26,201440.06,43064.77,64593.18,0.8490226185030931,0.640428988101517,0.16666666666666666,0.7640299763208499,0
MSME_00142,Nairobi,Retail,106,15,177878.84,157158.93,312117.18,110745.97,12142.53,148242.16,0.88351175715022,0.35482063236431793,0.009345794392523364,0.8333837044152952,1
MSME_00143,Eldoret,Transport,103,1,127809.24,86061.82,216828.88,41428.31,54924.63,117570.85,0.6733562193451793,0.19106365783166046,0.009615384615384616,0.9198859966149817,0
MSME_00144,Meru,Food Services,41,50,293365.94,334046.31,465819.31,275854.74,21533.06,152684.18,1.138663783996929,0.5921913108511735,0.023809523809523808,0.5204546224601858,1
MSME_00145,Nakuru,Agriculture,28,25,26881.47,19939.9,376686.59,105207.63,0.0,22816.16,0.741743597221535,0.2792967774701577,0.034482758620689655,0.8487374858039458,0
MSME_00146,Meru,Agriculture,7,2,275805.55,235086.37,1288067.37,831035.28,34718.67,154357.82,0.8523596339535809,0.6451794790986134,0.125,0.5596597325190429,1
MSME_00147,Eldoret,Agriculture,73,2,298714.15,214760.02,2718432.25,2097470.77,1698.59,255628.78,0.7189458586214994,0.7715733943439663,0.013513513513513514,0.8557610151343177,0
MSME_00148,Meru,Transport,72,2,372959.77,325093.16,1614449.1,320765.68,11548.0,335633.82,0.8716551073186597,0.19868417116143755,0.0136986301369863,0.8999172218568725,0
MSME_00149,Mombasa,Retail,12,3,27182.79,27612.53,2343128.66,1054612.41,0.0,24126.34,1.015771899356197,0.45008708993082347,0.07692307692307693,0.8875267208877055,0
MSME_00150,Machakos,Agriculture,34,1,30670.75,27192.87,2117616.57,965501.47,31081.46,24346.22,0.8865770619544042,0.4559375987799346,0.02857142857142857,0.7937669027688345,0
MSME_00151,Nyeri,Construction,33,1,94620.02,71637.47,239897.01,145384.48,23115.74,68632.11,0.7570988983209016,0.6060262025516594,0.029411764705882353,0.7253368226214428,1
MSME_00152,Nyeri,Services,48,1,34172.42,25172.02,488512.77,179541.31,64030.26,30535.25,0.7365964542032961,0.3675255868427209,0.02040816326530612,0.8935380187291762,0
MSME_00153,Kisumu,Services,119,2,21939.24,22321.29,6170498.58,2683274.16,0.0,16094.23,1.0173676313476971,0.4348552536486843,0.008333333333333333,0.733548493544282,0
MSME_00154,Kakamega,Manufacturing,23,1,90629.58,60271.48,379433.07,41583.21,0.0,53068.15,0.6650236597845893,0.10959271527725488,0.041666666666666664,0.5855435328781963,0
MSME_00155,Mombasa,Construction,62,3,168398.99,135305.49,6747333.44,1335572.1,38611.8,155646.95,0.8034768291850849,0.19794069967576708,0.015873015873015872,0.9242693541727646,0
MSME_00156,Kakamega,Digital Commerce,88,50,2189052.87,1495813.74,442126.45,245773.53,32612.37,1462245.28,0.683315180361459,0.5558884208614506,0.011235955056179775,0.6679804914988227,0
MSME_00157,Nairobi,Agriculture,37,2,230654.26,171119.33,62500.8,17045.01,66341.02,180131.07,0.7418834931403688,0.2727123058855905,0.02631578947368421,0.7809536621883238,0
MSME_00158,Nairobi,Food Services,99,3,768556.99,525674.37,542131.25,116916.84,44875.31,453153.2,0.6839748943342584,0.21566110483189294,0.01,0.5896148448082623,0
MSME_00159,Nyeri,Services,44,2,127497.1,138681.77,2014503.13,724274.74,34243.99,70090.62,1.0877163659693752,0.3595300348180473,0.022222222222222223,0.5497385451234175,1
MSME_00160,Meru,Food Services,104,10,233180.01,233773.99,5368945.45,1239305.93,86192.1,174411.02,1.0025430029658076,0.23082851385116718,0.009523809523809525,0.7479640816376942,0
MSME_00161,Nairobi,Manufacturing,86,15,115135.19,104601.47,123810.77,18286.6,0.0,86301.6,0.9085020965171767,0.1476967819779977,0.011494252873563218,0.7495610198669941,0
MSME_00162,Kakamega,Digital Commerce,91,10,1949577.45,1410390.36,1970741.4,644603.1,0.0,1299167.32,0.7234334991751679,0.32708643199638876,0.010869565217391304,0.6663837097706943,0
MSME_00163,Nakuru,Digital Commerce,35,50,67131.53,59117.69,2130308.56,493138.21,0.0,42983.13,0.8806116796134453,0.23148664365943136,0.027777777777777776,0.6402727559947465,1
MSME_00164,Mombasa,Transport,65,1,76881.9,68152.6,3477008.54,2571305.51,0.0,51386.18,0.8864467911590225,0.7395163805043802,0.015151515151515152,0.6683694293529511,1
MSME_00165,Machakos,Food Services,99,10,295534.45,273287.22,29571.37,4439.42,0.0,253514.04,0.9247189127395714,0.15012053481002707,0.01,0.8578126245091747,0
MSME_00166,Meru,Transport,101,5,163975.6,103804.23,5326450.06,3717620.26,167916.26,108384.7,0.6330429463716164,0.6979544575032668,0.00980392156862745,0.6609766271528986,1
MSME_00167,Kisumu,Transport,47,1,87189.4,98968.35,1238092.45,502959.06,0.0,79744.97,1.1350831054795025,0.4062367505457686,0.020833333333333332,0.9146072274011818,1
MSME_00168,Kisumu,Manufacturing,78,25,348145.98,298009.98,1264739.28,809758.24,43362.21,191770.33,0.8559889848821897,0.6402565434224962,0.012658227848101266,0.5508315194921409,1
MSME_00169,Nyeri,Food Services,3,1,127880.67,141895.43,2537775.24,360748.68,100517.06,117549.11,1.1095838050910658,0.1421514924420602,0.25,0.9192021812039208,1
MSME_00170,Meru,Construction,1,3,126982.34,76874.41,65787.58,55035.47,0.0,102893.36,0.6053897306528557,0.8365505077020966,0.5,0.8102902317737114,1
MSME_00171,Nyeri,Digital Commerce,5,1,167809.1,123533.86,2465730.16,1760286.14,0.0,109907.9,0.7361527107128831,0.7139002696465903,0.16666666666666666,0.6549540224336914,0
MSME_00172,Nyeri,Agriculture,90,2,23526.42,15461.51,12608739.97,2674496.04,0.0,11835.79,0.6571698044239446,0.2121144407965421,0.01098901098901099,0.5030636593387631,0
MSME_00173,Mombasa,Construction,119,5,27085.29,27716.08,141155.84,38821.74,0.0,23322.99,1.0232512462947123,0.2750255673051338,0.008333333333333333,0.861062552309674,0
MSME_00174,Nairobi,Construction,14,3,395100.57,306625.22,675175.18,415365.74,260966.57,369892.11,0.7760668225135121,0.6151960811176721,0.06666666666666667,0.936194989050537,1
MSME_00175,Mombasa,Construction,103,2,67713.33,71929.9,762953.66,638783.02,45906.72,63792.57,1.0622552124491225,0.8372489919650009,0.009615384615384616,0.9420837509578843,1
MSME_00176,Thika,Digital Commerce,27,2,116663.46,123408.0,1118773.44,510905.69,166838.57,80559.89,1.0578028647284698,0.4566655008671811,0.03571428571428571,0.6905264036708351,1
MSME_00177,Kakamega,Transport,9,10,668264.03,646403.2,1216206.86,594124.64,0.0,355334.01,0.967285689032688,0.4885058381385563,0.1,0.531726177561618,0
MSME_00178,Machakos,Transport,79,1,122043.47,117915.96,325855.64,94576.41,100517.53,78252.96,0.9661720846507835,0.29023932119351625,0.0125,0.6411839880987644,0
MSME_00179,Machakos,Food Services,15,2,108002.67,106392.12,765236.78,310998.89,11320.35,69055.08,0.9850787477869964,0.4064081755085328,0.0625,0.6393771619057019,1
MSME_00180,Thika,Food Services,90,15,326464.86,316857.03,5914028.55,1944616.34,0.0,178273.18,0.9705671214748153,0.32881410611145834,0.01098901098901099,0.5460699014592215,1
MSME_00181,Mombasa,Construction,42,10,73257.44,59543.62,1187526.65,451802.73,0.0,53926.45,0.8127885333075616,0.3804565982105764,0.023255813953488372,0.7361124533910358,0
MSME_00182,Meru,Manufacturing,77,2,443711.22,432864.79,1134722.64,132170.34,9937.94,342571.82,0.975553005955076,0.11647799987669245,0.01282051282051282,0.7720585653467016,0
MSME_00183,Kakamega,Retail,51,5,319834.17,349762.28,309447.21,41109.63,0.0,264812.65,1.0935704162866142,0.13284817514375022,0.019230769230769232,0.827966011367668,1
MSME_00184,Nakuru,Construction,63,10,830956.89,650568.96,3638088.72,2344927.27,24308.09,434554.05,0.7829144747635767,0.64454904921916,0.015625,0.5229555615628128,1
MSME_00185,Eldoret,Construction,96,15,66813.27,74810.08,562245.47,362893.55,0.0,41686.72,1.1196721897881994,0.6454349993517967,0.010309278350515464,0.6239194112275716,1
MSME_00186,Nairobi,Digital Commerce,103,2,522810.66,317591.73,62307.43,22691.4,0.0,344972.21,0.6074687201888344,0.36417865126757326,0.009615384615384616,0.659840314196512,0
MSME_00187,Meru,Digital Commerce,113,1,231907.09,183669.35,1207715.82,976281.14,54293.94,209066.24,0.7919919913100056,0.80836925000349,0.008771929824561403,0.9015047297401311,0
MSME_00188,Kakamega,Retail,52,1,35405.9,23815.92,1703712.06,533073.94,14104.25,32064.52,0.6726349948738805,0.3128895073446229,0.018867924528301886,0.9056008857030692,0
MSME_00189,Nairobi,Digital Commerce,96,1,9935.04,6652.91,509627.12,212324.84,25193.57,6129.79,0.6695735926989022,0.4166270102991962,0.010309278350515464,0.6169248513492296,0
MSME_00190,Nyeri,Retail,4,3,59992.4,62901.2,50081.98,34311.19,0.0,43152.47,1.0484686648864707,0.6850868298971028,0.2,0.7192869548983721,1
MSME_00191,Meru,Transport,94,1,178500.7,197261.58,191100.71,132787.19,244390.55,123369.04,1.105096366029007,0.6948508728676474,0.010526315789473684,0.6911364989801216,1
MSME_00192,Kisumu,Manufacturing,101,3,206353.9,212083.74,635300.12,501208.98,44025.84,152086.62,1.0277620739803126,0.7889313653342843,0.00980392156862745,0.7370148225217816,1
MSME_00193,Mombasa,Digital Commerce,23,2,125607.71,142833.38,456567.01,56270.62,0.0,78976.06,1.1371295828131665,0.12324696160819502,0.041666666666666664,0.6287466848437501,1
MSME_00194,Kakamega,Retail,103,1,126737.16,91121.6,1239236.04,306099.91,0.0,89769.8,0.7189752478653627,0.24700674699006733,0.009615384615384616,0.7083091627651845,0
MSME_00195,Machakos,Construction,109,10,117478.02,79584.3,1483644.02,908668.78,22072.32,66424.03,0.6774341495187821,0.6124570013385008,0.00909090909090909,0.5654118497072924,0
MSME_00196,Nakuru,Food Services,15,2,373703.18,331245.67,432359.77,160215.16,144365.75,306174.16,0.8863847067485303,0.37055896630029594,0.0625,0.8192955187175053,1
MSME_00197,Nairobi,Digital Commerce,43,1,31688.54,33462.17,136110.38,18354.39,0.0,21116.71,1.0559373850172642,0.134848313197618,0.022727272727272728,0.6663621497819153,1
MSME_00198,Machakos,Construction,29,10,174257.59,108372.8,4171774.68,2374462.92,92652.4,129662.9,0.621907935786695,0.5691732015658137,0.03333333333333333,0.7440832615482542,0
MSME_00199,Thika,Digital Commerce,36,1,58527.31,67163.67,1429298.74,592385.1,32490.06,45187.21,1.1475415914110625,0.4144582717128319,0.02702702702702703,0.7720573172196498,0
MSME_00200,Thika,Transport,13,5,53823.15,50122.02,1632591.9,638793.84,41600.24,47172.58,0.9312180498902444,0.3912756450184244,0.07142857142857142,0.8764203429129861,0
MSME_00201,Nakuru,Transport,32,5,432021.47,491821.02,1156575.92,360263.48,24279.13,231905.55,1.1384153699227728,0.3114911544318211,0.030303030303030304,0.5367904822172791,1
MSME_00202,Thika,Construction,71,2,49848.16,39918.15,2722068.17,285268.16,73711.77,35752.75,0.8007787894520189,0.10479827740747674,0.013888888888888888,0.7172187053904218,0
MSME_00203,Mombasa,Digital Commerce,59,10,115899.85,98736.6,461706.6,113528.12,0.0,104580.19,0.8519057452986756,0.24588748376678227,0.016666666666666666,0.9023246162560499,1
MSME_00204,Thika,Services,115,2,944582.59,957616.69,1970882.7,944817.99,14877.5,612475.74,1.0137977201149555,0.47938799737396987,0.008620689655172414,0.6484081943451929,1
MSME_00205,Mombasa,Food Services,86,2,308068.35,319154.27,1626923.53,521574.05,381239.13,215659.17,1.0359818982316809,0.3205889642588399,0.011494252873563218,0.7000344889876258,0
MSME_00206,Thika,Manufacturing,28,1,84544.19,61562.39,1563601.36,1250116.4,39215.47,45508.74,0.7281595795100821,0.7995104330745573,0.034482758620689655,0.5382771036412597,1
MSME_00207,Meru,Manufacturing,66,1,91823.81,102052.12,173937.0,37292.05,0.0,76930.26,1.1113785043497504,0.21439852131219173,0.014925373134328358,0.8377938380705606,1
MSME_00208,Nyeri,Retail,42,25,39057.77,42068.45,861946.16,689791.58,0.0,21023.22,1.077055165843676,0.8002713066541108,0.023255813953488372,0.5382458280176258,1
MSME_00209,Nakuru,Food Services,45,2,489258.0,298453.7,1160620.81,491941.49,89026.04,383548.98,0.6100116707101965,0.42386028399724796,0.021739130434782608,0.783938527446608,0
MSME_00210,Nairobi,Agriculture,62,2,366352.7,245717.32,6167377.11,1977706.7,0.0,244873.92,0.6707106274619309,0.32067219890301163,0.015873015873015872,0.6684084806568079,1
MSME_00211,Meru,Manufacturing,57,2,264766.15,231102.04,822266.19,282393.74,31723.35,172673.01,0.8728501251004892,0.3434330634060688,0.017241379310344827,0.6521693117896235,1
MSME_00212,Nairobi,Services,117,3,295620.83,252319.93,2672062.73,972782.16,17882.32,225699.6,0.8535226576467644,0.36405649651178046,0.00847457627118644,0.7634740641447216,0
MSME_00213,Eldoret,Retail,6,1,61419.05,60781.21,122545.51,61916.26,7951.53,46399.09,0.989598836210651,0.5052470282507434,0.14285714285714285,0.7554388184314405,1
MSME_00214,Nyeri,Transport,28,2,28341.65,18403.4,308716.13,118270.96,3848.48,19341.87,0.6493182535860267,0.38310462396433914,0.034482758620689655,0.6824298363067673,0
MSME_00215,Kakamega,Manufacturing,28,5,233407.34,222827.08,1235415.42,763196.5,0.0,145939.12,0.9546663156937751,0.6177645752838545,0.034482758620689655,0.6252523795850654,1
MSME_00216,Kakamega,Agriculture,108,1,324019.14,304255.09,1222571.8,538106.67,175599.96,236104.95,0.9390005510151314,0.4401428446633199,0.009174311926605505,0.7286736867652733,1
MSME_00217,Thika,Transport,44,1,664670.48,484206.32,308641.0,196701.53,0.0,412226.09,0.7284896893725604,0.6373129062149675,0.022222222222222223,0.6201952429191034,0
MSME_00218,Kisumu,Services,84,1,109000.72,97917.16,2296513.81,1340110.27,29870.45,59534.95,0.8983083936657147,0.5835408786238134,0.011764705882352941,0.5461835831581373,1
MSME_00219,Machakos,Transport,30,2,94206.9,68037.54,596584.39,176328.38,0.0,80982.0,0.7222063117848927,0.29556268550257325,0.03225806451612903,0.8596094382742849,0
MSME_00220,Nyeri,Services,62,15,104897.59,71415.08,580144.95,435235.55,0.0,85600.57,0.6808011432756151,0.7502173375510077,0.015873015873015872,0.8160316549536082,0
MSME_00221,Meru,Digital Commerce,75,1,260600.49,238507.88,663905.17,490748.86,22377.4,140192.1,0.9152207072952653,0.7391840627117533,0.013157894736842105,0.53795586510269,1
MSME_00222,Nairobi,Services,119,1,100499.77,114329.63,3635840.71,3240204.43,24344.2,57603.71,1.1375995427696723,0.8911841296853378,0.008333333333333333,0.5731668523534695,1
MSME_00223,Machakos,Food Services,92,2,126470.06,92362.77,2694555.92,646801.49,0.0,68935.67,0.7303075502016034,0.24004001741406897,0.010752688172043012,0.5450707062943886,0
MSME_00224,Nakuru,Food Services,89,5,305912.04,243333.11,6988423.53,5438884.4,18099.79,261805.52,0.7954322901697816,0.778270463772183,0.011111111111111112,0.8558168033634657,1
MSME_00225,Nyeri,Construction,103,3,71265.23,52815.75,1412077.14,1126251.18,27119.57,60418.08,0.7411048683226263,0.797584176184471,0.009615384615384616,0.8477799372858646,0
MSME_00226,Nyeri,Manufacturing,62,2,535605.94,399858.17,7400741.71,4542067.08,34969.08,366148.56,0.7465515103295712,0.6137312507652357,0.015873015873015872,0.68361429372069,0
MSME_00227,Nakuru,Agriculture,97,5,250970.08,206374.12,970658.5,490287.2,2412.07,218251.2,0.8223023943635259,0.5051073007578868,0.01020408163265306,0.8696268908752356,0
MSME_00228,Machakos,Food Services,1,3,20793.16,20502.48,626738.55,542635.03,4831.3,19509.84,0.9859729847226336,0.8658062667339248,0.5,0.9382365048648275,1
MSME_00229,Nairobi,Services,27,15,79590.16,49452.75,431161.54,378626.03,0.0,74552.91,0.6213347060150901,0.8781514971128986,0.03571428571428571,0.9366983720302606,1
MSME_00230,Eldoret,Retail,62,10,17600.04,19825.01,590398.59,362125.68,109833.85,16568.43,1.1263544654179525,0.6133569300073531,0.015873015873015872,0.9413324439919459,1
MSME_00231,Nakuru,Transport,116,1,109460.67,68462.61,626178.02,242736.59,0.0,96420.96,0.6254482505154544,0.3876472737780323,0.008547008547008548,0.8808650553202779,0
MSME_00232,Nakuru,Retail,77,1,80958.25,87814.54,320359.22,241465.04,0.0,48384.26,1.084675809126196,0.7537297858017454,0.01282051282051282,0.5976372063723416,1
MSME_00233,Kisumu,Transport,105,1,307077.29,335300.14,359055.52,61543.69,265135.65,161472.94,1.0919044130407267,0.17140390599229335,0.009433962264150943,0.5258363917553404,1
MSME_00234,Nairobi,Retail,3,2,55214.54,49056.41,1512169.71,502760.92,26371.67,47774.21,0.8884529608874604,0.33247629826132524,0.25,0.8652312374378662,0
MSME_00235,Eldoret,Transport,103,50,196365.89,132615.36,406065.66,360766.37,21197.08,125447.31,0.6753448099116912,0.8884412475528033,0.009615384615384616,0.6388414564186456,1
MSME_00236,Machakos,Food Services,70,2,235354.37,214367.89,94801.55,71240.21,0.0,153448.51,0.9108264238882674,0.7514587951484428,0.014084507042253521,0.6519864407597754,0
MSME_00237,Kakamega,Retail,72,1,172334.88,162985.31,89188.2,75958.56,0.0,91828.3,0.9457421751059616,0.8516564785870935,0.0136986301369863,0.53284493049271,1
MSME_00238,Thika,Manufacturing,27,5,416700.74,446606.28,58873.83,33901.65,0.0,342369.7,1.0717648551215553,0.5758258665035636,0.03571428571428571,0.8216181194731753,1
MSME_00239,Nairobi,Services,9,2,1054195.9,951930.95,133120.09,56727.52,0.0,731444.15,0.9029916043198382,0.42613473191963797,0.1,0.6938401640149009,0
MSME_00240,Eldoret,Manufacturing,62,1,149035.82,123087.22,172832.5,152741.08,15946.41,88217.2,0.8258846370984029,0.883746958778246,0.015873015873015872,0.591915474310308,1
MSME_00241,Thika,Agriculture,37,2,199821.45,212022.58,226652.48,78770.91,189333.8,158579.79,1.0610548514443696,0.3475389391771086,0.02631578947368421,0.793603471481808,1
MSME_00242,Meru,Agriculture,97,2,55255.49,62964.93,1028116.36,725779.65,28068.1,51992.53,1.139502889162884,0.7059307412142132,0.01020408163265306,0.9409307395384687,1
MSME_00243,Meru,Digital Commerce,51,5,48073.03,45900.45,158514.78,86638.72,60366.45,34818.34,0.9547868152513945,0.5465621151408396,0.019230769230769232,0.7242650553739721,1
MSME_00244,Eldoret,Construction,106,1,374680.77,404997.27,241999.57,68438.86,267699.28,289578.25,1.0809099946335794,0.2828045405017021,0.009345794392523364,0.7728645298115251,0
MSME_00245,Kisumu,Agriculture,44,1,328248.26,305042.52,80968.58,9229.34,29236.36,188180.07,0.9293014704739929,0.11398527693980876,0.022222222222222223,0.573284064676947,1
MSME_00246,Thika,Retail,24,2,47590.1,46608.95,330220.71,134403.55,14743.11,27242.04,0.9793627379909269,0.40701003577263284,0.04,0.5724187925893708,1
MSME_00247,Machakos,Transport,79,1,36018.19,35243.51,1738732.05,935695.72,18272.32,25436.36,0.9784648127845185,0.5381480038008134,0.0125,0.7061891175231869,1
MSME_00248,Eldoret,Construction,59,3,69651.76,68790.37,709243.04,174865.52,36164.63,61303.45,0.9876187246564242,0.2465519766651828,0.016666666666666666,0.8801295167628677,0
MSME_00249,Machakos,Services,118,2,115684.51,89835.66,804829.6,347399.79,30577.42,105170.81,0.7765506674085632,0.4316433669395771,0.008403361344537815,0.9091096196922156,0
MSME_00250,Nairobi,Services,32,2,88510.25,81129.71,727708.04,430913.73,29320.59,69815.85,0.9166033696281547,0.5921511295228653,0.030303030303030304,0.7887793924501123,1
MSME_00251,Machakos,Agriculture,96,25,156453.62,144997.24,156094.47,104885.88,0.0,103608.89,0.9267686694071418,0.6719341695181802,0.010309278350515464,0.6622296612270063,1
MSME_00252,Mombasa,Food Services,88,3,333388.09,257805.47,446633.22,63508.57,42036.43,279218.42,0.7732870622730935,0.1421936948763129,0.011235955056179775,0.8375151688377084,0
MSME_00253,Nyeri,Manufacturing,105,1,211526.25,167617.38,950905.95,600349.39,20854.53,133552.0,0.7924150670894649,0.6313439921750493,0.009433962264150943,0.6313701898927916,0
MSME_00254,Mombasa,Manufacturing,52,3,227776.69,232158.14,2334873.5,339336.15,36786.82,136392.43,1.0192312513135067,0.1453337856060358,0.018867924528301886,0.5987962649019752,0
MSME_00255,Kisumu,Food Services,113,5,11481.17,10568.4,1128416.18,138285.59,15867.54,9850.18,0.9204183529768327,0.12254828484621265,0.008771929824561403,0.8578674588514192,0
MSME_00256,Eldoret,Manufacturing,62,5,26531.74,18096.4,2098495.81,465718.38,0.0,22236.07,0.6820403772848187,0.22192951534674957,0.015873015873015872,0.8380615797689948,0
MSME_00257,Kakamega,Retail,113,1,60086.66,63733.94,198097.81,123398.15,2210.1,53894.57,1.0606826759437795,0.6229121214811941,0.008771929824561403,0.8969324150749088,0
MSME_00258,Nyeri,Digital Commerce,58,50,70870.27,76944.76,120089.43,17083.58,13361.97,53820.14,1.0856974906756995,0.14225596494241882,0.01694915254237288,0.7594070206446137,0
MSME_00259,Meru,Food Services,52,2,308608.21,264285.17,89062.63,10395.12,96647.93,278834.17,0.8563748632129287,0.1167156559866244,0.018867924528301886,0.9035186279761384,0
MSME_00260,Eldoret,Digital Commerce,12,1,55331.55,39556.47,1944430.8,377934.37,77236.03,28325.07,0.7148860842307104,0.1943675113727311,0.07692307692307693,0.511906102285183,0
MSME_00261,Nairobi,Retail,39,1,259607.89,291068.1,129619.98,111444.25,0.0,159443.93,1.1211792477522629,0.8597701544919658,0.025,0.6141697612897616,1
MSME_00262,Kisumu,Construction,2,1,60772.6,65953.36,2607874.9,2153640.99,0.0,52386.26,1.0852304290020667,0.8258218843925819,0.3333333333333333,0.8619904037279346,1
MSME_00263,Eldoret,Services,3,10,40099.36,29449.37,427118.96,72256.9,20292.47,27694.47,0.7343916613217437,0.1691723795816051,0.25,0.6906289619345063,0
MSME_00264,Kisumu,Digital Commerce,113,1,42005.27,27411.65,5403251.83,1854453.02,7957.36,25527.66,0.6525609153109763,0.3432104841927229,0.008771929824561403,0.6077107060445976,0
MSME_00265,Machakos,Manufacturing,101,1,1274757.46,1073804.04,425771.19,365240.98,24820.07,1094076.63,0.8423588261575452,0.8578319312024583,0.00980392156862745,0.8582619094757762,1
MSME_00266,Machakos,Food Services,113,10,59434.79,57771.71,454723.02,81008.97,884.32,51709.48,0.9720020546542748,0.17814974894002739,0.008771929824561403,0.8700057658861774,0
MSME_00267,Nairobi,Food Services,56,2,265929.68,185210.37,790454.84,138864.57,143013.82,187564.31,0.6964610852722973,0.1756765691047333,0.017543859649122806,0.7053127905362405,0
MSME_00268,Machakos,Services,81,1,28051.62,24749.02,443502.39,74864.59,46441.6,19915.73,0.8822355986713541,0.16880274579186416,0.012195121951219513,0.7099418877808917,0
MSME_00269,Nakuru,Construction,59,1,550690.93,459264.41,1204626.86,1061494.29,101264.57,468869.99,0.8339770114299658,0.881180259271108,0.016666666666666666,0.8514197584119308,0
MSME_00270,Thika,Construction,113,1,188912.86,205877.83,208217.0,144603.96,19610.15,160027.88,1.089797381727312,0.6944834740512347,0.008771929824561403,0.8470944376447552,1
MSME_00271,Kakamega,Services,2,1,175251.76,146556.33,912187.87,247738.82,5285.45,155965.96,0.8362569011751939,0.2715871988221036,0.3333333333333333,0.8899486661436886,1
MSME_00272,Machakos,Construction,2,3,201556.96,180106.67,296257.96,40515.59,45302.87,159328.7,0.8935725981747386,0.13675734904355297,0.3333333333333333,0.7904857739183311,0
MSME_00273,Mombasa,Food Services,92,1,225032.41,253253.14,569975.55,497128.8,0.0,131340.43,1.1254024013589805,0.8721916717450918,0.010752688172043012,0.58364857911543,1
MSME_00274,Machakos,Services,54,1,299259.77,228882.99,140056.36,61679.59,30791.95,223658.0,0.7648279124590903,0.4403880667178076,0.01818181818181818,0.7473682567882185,0
MSME_00275,Nyeri,Manufacturing,87,5,73196.48,55552.1,2077665.08,1202345.43,0.0,49193.39,0.7589345972019802,0.5787000334529213,0.011363636363636364,0.67206398362348,0
MSME_00276,Nakuru,Manufacturing,101,3,69037.96,71784.1,475916.0,153890.76,0.0,35359.01,1.0397621864524031,0.32335629952281597,0.00980392156862745,0.5121602353222007,1
MSME_00277,Eldoret,Manufacturing,96,2,139975.67,105352.19,2189732.87,1547458.51,46118.33,82365.36,0.7526410651146366,0.7066879364659961,0.010309278350515464,0.5884220563326731,1
MSME_00278,Thika,Agriculture,97,2,264191.04,279388.95,301235.88,77550.73,63737.08,156535.88,1.0575222099802857,0.2574410211658015,0.01020408163265306,0.5925079347583675,0
MSME_00279,Kisumu,Agriculture,1,2,124659.9,81346.14,721528.82,526376.59,271221.92,66948.78,0.6525393286908726,0.7295285314749708,0.5,0.5370471414854217,1
MSME_00280,Mombasa,Digital Commerce,19,2,288919.04,191031.45,2215806.46,630358.02,0.0,203397.22,0.6611914147595993,0.28448230786261547,0.05,0.7039913880670929,1
MSME_00281,Mombasa,Transport,2,2,247171.27,270832.45,177978.12,31738.8,8208.85,180092.89,1.0957234401739322,0.17832878373597982,0.3333333333333333,0.7286128415618792,1
MSME_00282,Nakuru,Digital Commerce,53,2,107260.61,96260.69,253016.02,122221.42,22750.68,70041.75,0.897438421817461,0.48305612009816573,0.018518518518518517,0.6529992417604025,1
MSME_00283,Nyeri,Food Services,44,15,23221.18,23113.15,1929331.6,1448105.07,13009.63,15919.55,0.9953049196931555,0.7505730582689579,0.022222222222222223,0.685532107666033,1
MSME_00284,Nairobi,Digital Commerce,90,1,80537.01,58301.46,3674472.7,1498787.13,188179.09,60183.01,0.7238999324666702,0.40789164717657383,0.01098901098901099,0.747262193342001,0
MSME_00285,Nairobi,Manufacturing,32,5,761311.01,526409.19,743744.3,91554.12,20166.95,421931.94,0.6914500009004192,0.12309875437196038,0.030303030303030304,0.5542168446810658,0
MSME_00286,Nakuru,Food Services,70,1,187223.74,198312.04,227866.8,123651.41,0.0,140984.45,1.0592192036159325,0.5426453847362375,0.014084507042253521,0.7530225439223471,1
MSME_00287,Meru,Construction,32,5,70294.57,56041.85,498063.5,320940.72,31751.44,57604.03,0.797231603641595,0.6443758187945536,0.030303030303030304,0.8194546256613324,0
MSME_00288,Eldoret,Retail,119,3,171210.93,145575.16,7753243.35,5369554.86,58883.83,153001.43,0.8502629460458743,0.6925558666289165,0.008333333333333333,0.893637668823662,1
MSME_00289,Nairobi,Retail,68,10,262142.64,161318.53,147227.46,62062.26,8712.21,166646.22,0.6153822003844914,0.4215371131369574,0.014492753623188406,0.6357057527697411,0
MSME_00290,Kisumu,Manufacturing,55,1,70328.64,57123.34,1374476.1,244128.54,35849.2,58818.25,0.8122228408961001,0.17761557467927258,0.017857142857142856,0.8363223528515147,0
MSME_00291,Thika,Agriculture,75,3,458347.95,469229.49,847991.3,481202.12,112010.23,354169.76,1.0237385511628203,0.5674604828369314,0.013157894736842105,0.7727076935596776,1
MSME_00292,Kisumu,Digital Commerce,56,2,218752.89,230062.71,182105.05,66220.37,0.0,158871.38,1.0516965435448942,0.36363629873911385,0.017543859649122806,0.7262562508031285,1
MSME_00293,Thika,Transport,17,5,44359.9,43664.12,500550.19,429226.79,0.0,40536.08,0.984292924625064,0.857508280022269,0.05555555555555555,0.9137794769718378,1
MSME_00294,Thika,Digital Commerce,38,2,313754.55,307698.73,83660.57,42011.8,0.0,244415.74,0.9806957359001298,0.5021636576985108,0.02564102564102564,0.7790005308272635,1
MSME_00295,Eldoret,Agriculture,24,2,88467.15,77712.34,1030819.4,492538.74,19820.82,58806.88,0.8784216692674144,0.4778123715828674,0.04,0.66472374521226,1
MSME_00296,Kakamega,Food Services,69,2,111398.55,99822.14,1226435.99,426024.16,91974.76,91438.14,0.8960730990385508,0.34736734416335563,0.014285714285714285,0.8208124718636655,0
MSME_00297,Eldoret,Services,116,2,48244.22,48651.76,141577.03,52529.21,37769.62,44960.94,1.008426534276349,0.3710265639379217,0.008547008547008548,0.9319252767424421,1
MSME_00298,Meru,Agriculture,98,2,250558.18,184414.83,1422542.31,725786.53,27597.54,228804.79,0.7360130648575718,0.5102034679000388,0.010101010101010102,0.913176639546793,0
MSME_00299,Kisumu,Manufacturing,70,1,114821.59,83513.69,328351.12,113390.1,0.0,108061.06,0.7273280458139815,0.34533079914330994,0.014084507042253521,0.9411132426119285,0
MSME_00300,Kakamega,Construction,86,25,261386.9,293395.99,294535.93,239706.27,0.0,141877.55,1.1224543676275758,0.8138411370010545,0.011494252873563218,0.5427854541086256,1
MSME_00301,Nyeri,Construction,11,5,76804.43,47252.35,226292.2,102106.29,0.0,53728.51,0.6152214758774217,0.45121236519700986,0.08333333333333333,0.6995405142579113,0
MSME_00302,Nakuru,Agriculture,112,25,68500.53,46354.72,1613555.95,538310.77,53277.63,47588.02,0.6766961263492947,0.33361745924121244,0.008849557522123894,0.6947001037787038,0
MSME_00303,Mombasa,Retail,16,1,63168.62,57716.08,97869.62,21953.71,72527.72,42494.49,0.9136683108114312,0.22431358869495258,0.058823529411764705,0.6727045374026311,1
MSME_00304,Kakamega,Manufacturing,97,10,198001.95,199152.18,108313.05,69090.79,17182.97,114904.67,1.0058041054438835,0.6378746801546059,0.01020408163265306,0.5803179700100427,1
MSME_00305,Kisumu,Digital Commerce,73,10,67484.29,60455.13,358401.1,43233.77,0.0,59014.31,0.8958267794359334,0.12062923180416632,0.013513513513513514,0.8744766452066813,0
MSME_00306,Kisumu,Manufacturing,59,3,108758.74,86494.22,373585.19,171847.93,0.0,87320.81,0.795277921775098,0.459995402934996,0.016666666666666666,0.802878068667689,1
MSME_00307,Kisumu,Digital Commerce,70,3,79345.98,90286.75,1547167.67,835621.32,8130.5,61310.3,1.1378725441094293,0.5400971052496817,0.014084507042253521,0.7726859925859813,0
MSME_00308,Kisumu,Manufacturing,80,2,206919.26,204253.93,653849.78,243119.45,0.0,145067.76,0.987114214915446,0.371827116272615,0.012345679012345678,0.70108050318514,1
MSME_00309,Kakamega,Agriculture,93,10,23498.63,24844.28,655194.97,458540.95,0.0,15857.7,1.0572200498475932,0.6998531294385099,0.010638297872340425,0.6748063692917718,1
MSME_00310,Thika,Retail,3,2,170592.49,106131.69,104425.13,66887.26,0.0,145670.29,0.6221321223922437,0.6405222524285827,0.25,0.8539029830505257,0
MSME_00311,Thika,Agriculture,20,1,752640.67,549244.09,553247.59,485264.08,342803.95,554753.22,0.7297550904934614,0.8771176081985135,0.047619047619047616,0.7370748154297648,0
MSME_00312,Meru,Food Services,59,2,458642.4,369571.34,40561.06,20565.0,0.0,354733.93,0.8057923432453187,0.5070008771743841,0.016666666666666666,0.77344169784194,0
MSME_00313,Machakos,Construction,36,25,71922.68,50376.86,969900.93,514289.86,0.0,39197.96,0.7004210574319891,0.530249341807166,0.02702702702702703,0.5449938045439278,0
MSME_00314,Kakamega,Transport,19,10,218513.22,139869.13,1644176.29,487780.17,29188.23,155618.03,0.6400916608539252,0.2966712732055799,0.05,0.7121643158966954,0
MSME_00315,Nyeri,Transport,90,50,179973.6,130264.97,286233.64,116894.13,0.0,100540.77,0.7237964134939041,0.40838568665204183,0.01098901098901099,0.5586386634558432,0
MSME_00316,Mombasa,Construction,67,3,579193.6,517509.25,1144416.86,139033.46,0.0,303627.86,0.8934980574749835,0.1214883696414874,0.014705882352941176,0.5242242589968898,0
MSME_00317,Kakamega,Services,19,1,10827.94,10640.18,430690.57,280560.38,334357.07,8772.61,0.9825689310311073,0.6514183223971624,0.05,0.8101079145327243,0
MSME_00318,Mombasa,Transport,20,1,405496.44,415922.36,3199606.25,1117616.83,20604.87,252894.42,1.025708966251427,0.3492981302627065,0.047619047619047616,0.6236646524821464,1
MSME_00319,Nairobi,Construction,96,1,101974.94,63593.09,958971.35,510454.32,0.0,95272.55,0.6236087649694624,0.5322930530791633,0.010309278350515464,0.9342649844659436,0
MSME_00320,Nyeri,Food Services,71,1,63371.6,52940.15,209741.76,63760.22,0.0,48952.94,0.8353791701776478,0.3039924715398996,0.013888888888888888,0.7724622313113239,0
MSME_00321,Nyeri,Food Services,52,2,61586.5,41091.52,2973252.04,1774522.92,0.0,48673.22,0.6672055206007712,0.5968287583084418,0.018867924528301886,0.7903100466815507,1
MSME_00322,Nairobi,Food Services,105,1,36318.91,30404.75,1967788.11,901376.82,16755.62,21376.23,0.8371372616286769,0.4580657629516,0.009433962264150943,0.5885540465270976,0
MSME_00323,Thika,Retail,33,2,72105.21,60473.68,444821.23,215955.6,16455.98,40234.51,0.8386750600260365,0.4854874271908578,0.029411764705882353,0.5579895268382571,1
MSME_00324,Nyeri,Services,40,25,45263.94,39561.43,1321945.18,1129054.49,0.0,33333.9,0.8739971819249069,0.8540850657021454,0.024390243902439025,0.7364176336034025,1
MSME_00325,Nairobi,Services,39,2,159566.68,174096.32,1296829.52,862298.59,86280.34,146243.26,1.0910500171463295,0.6649277424470238,0.025,0.9164967492163828,1
MSME_00326,Thika,Manufacturing,82,10,240370.71,250659.18,437693.35,135474.75,0.0,126215.13,1.0427981728798286,0.30951907421240415,0.012048192771084338,0.525083130622984,0
MSME_00327,Kakamega,Construction,104,3,103097.11,97962.51,789201.42,397076.79,2605.52,75124.52,0.9501872536751643,0.5031368124796171,0.009523809523809525,0.7286701957969938,1
MSME_00328,Meru,Digital Commerce,1,1,597030.34,648956.47,978158.55,462999.86,0.0,351901.51,1.086972201492806,0.47333776989653675,0.5,0.5894188234741581,1
MSME_00329,Nairobi,Food Services,11,2,77001.39,74934.5,324240.01,238654.29,23306.04,65596.93,0.9731451192618826,0.7360398056988534,0.08333333333333333,0.851881740294035,1
MSME_00330,Mombasa,Transport,92,1,97844.78,102773.24,3670554.71,2814155.9,47154.83,78948.7,1.0503594534174086,0.7666838817711338,0.010752688172043012,0.8068687275015847,1
MSME_00331,Mombasa,Construction,57,2,83038.48,75571.5,68005.5,22221.09,0.0,45151.59,0.9100671150638227,0.32674950188584917,0.017241379310344827,0.5437364251317566,0
MSME_00332,Kakamega,Digital Commerce,89,3,242466.51,215521.22,1643484.46,1243988.17,22912.78,188481.76,0.888866388738021,0.7569207031499993,0.011111111111111112,0.7773485198078703,1
MSME_00333,Kisumu,Digital Commerce,50,1,268222.87,267754.41,169052.15,41181.29,0.0,252832.26,0.9982497456322585,0.24359966081673132,0.0196078431372549,0.9426165538510798,0
MSME_00334,Nakuru,Transport,23,1,218680.47,133576.4,544575.44,386766.43,0.0,161312.41,0.6108263311015789,0.7102151352710008,0.041666666666666664,0.737659253891059,0
MSME_00335,Nyeri,Services,31,2,117699.65,115311.25,107168.05,32046.21,17745.87,73968.58,0.9796993474547507,0.299024858389619,0.03125,0.6284466568366446,1
MSME_00336,Kisumu,Construction,94,50,34869.83,38844.47,149817.11,50689.86,0.0,19822.13,1.1139531235706175,0.3383426743268888,0.010526315789473684,0.5684444562977136,1
MSME_00337,Nyeri,Construction,42,5,96815.21,96105.37,657041.72,513789.72,18487.72,91523.19,0.9926578410784722,0.7819730808371181,0.023255813953488372,0.9453291964227891,1
MSME_00338,Eldoret,Agriculture,99,5,584282.4,362393.3,795946.6,347080.39,11473.26,440383.65,0.6202354884633039,0.43605934611775954,0.01,0.7537158337888771,0
MSME_00339,Eldoret,Digital Commerce,7,1,367044.32,296512.02,2601919.6,2322090.07,26390.7,245411.07,0.8078349016955182,0.8924523177225315,0.125,0.6686124481848726,0
MSME_00340,Nyeri,Manufacturing,16,5,178804.87,186899.32,451851.93,100109.79,402037.78,106646.71,1.0452638943005619,0.2215539246364962,0.058823529411764705,0.5964385285561375,0
MSME_00341,Nyeri,Food Services,90,5,90721.34,102264.24,1528330.54,719353.44,0.0,84152.18,1.1272222475743021,0.47067892088388097,0.01098901098901099,0.9275794694008113,1
MSME_00342,Nyeri,Manufacturing,112,3,131449.96,105631.85,720489.71,494227.31,9695.03,102815.28,0.803583709088165,0.6859593095933187,0.008849557522123894,0.7821569351794768,1
MSME_00343,Meru,Food Services,116,50,91125.76,96835.4,1459367.78,152202.79,0.0,47927.61,1.0626450452095522,0.10429357684354465,0.008547008547008548,0.5259444097430875,1
MSME_00344,Nairobi,Transport,60,2,439350.02,472343.2,196746.34,43576.21,236452.24,231428.05,1.0750929860137801,0.22148309603575836,0.01639344262295082,0.5267497728809187,0
MSME_00345,Nairobi,Manufacturing,113,25,57585.9,38456.3,811442.95,94358.97,26002.55,53137.17,0.667795974431685,0.1162852591358898,0.008771929824561403,0.9227301695350851,0
MSME_00346,Kisumu,Manufacturing,2,15,335598.0,357473.5,1141510.36,1020855.33,13764.51,275037.2,1.0651804683565804,0.8943015074330928,0.3333333333333333,0.8195411786089947,1
MSME_00347,Thika,Food Services,1,1,78495.57,61096.04,401934.24,284770.3,4549.21,42901.25,0.7783275116352217,0.7084979659907402,0.5,0.5465366193707571,1
MSME_00348,Mombasa,Food Services,48,2,499282.24,462475.53,1152131.28,459524.43,24329.0,389785.37,0.9262788993277644,0.3988469362215943,0.02040816326530612,0.7806898745489634,0
MSME_00349,Meru,Digital Commerce,12,50,204183.82,183036.33,1291276.54,290573.31,6385.84,140630.42,0.8964247685013997,0.22502777365739668,0.07692307692307693,0.6887408182449607,1
MSME_00350,Nairobi,Services,69,1,62982.53,60757.96,391838.0,67516.27,47073.76,53844.79,0.9646642542899707,0.17230615125089643,0.014285714285714285,0.8549027023413899,0
MSME_00351,Eldoret,Services,37,2,97800.76,98510.36,1849660.74,972044.37,21906.35,60946.57,1.0072452683878081,0.5255254779719886,0.02631578947368421,0.6231643479626543,1
MSME_00352,Nyeri,Manufacturing,32,50,271479.15,228717.0,46003.91,40516.24,2946.47,182510.3,0.842481485294597,0.8806938215942601,0.030303030303030304,0.6722786177921295,1
MSME_00353,Kakamega,Construction,119,3,80890.95,88055.54,73244.51,46853.69,267270.81,46538.67,1.0885575140666037,0.639680029533551,0.008333333333333333,0.5753189285213176,1
MSME_00354,Kisumu,Food Services,9,1,136234.98,142396.09,210857.32,82679.41,472196.09,83596.58,1.0452164692469639,0.39210883402656344,0.1,0.613616021259582,1
MSME_00355,Mombasa,Manufacturing,105,3,79782.21,82333.77,1022355.54,511873.77,49417.85,46682.07,1.0319686309939147,0.5006802910460181,0.009433962264150943,0.5851114539011403,1
MSME_00356,Kisumu,Agriculture,99,1,773837.47,659337.2,294794.89,265056.78,0.0,395380.67,0.8520346629962711,0.8991196586899499,0.01,0.5109343685123331,1
MSME_00357,Nyeri,Manufacturing,19,2,919028.02,570408.61,146488.25,75443.35,0.0,478606.61,0.6206644160159381,0.515009463151733,0.05,0.5207742079787644,1
MSME_00358,Nairobi,Retail,48,1,575574.5,501176.33,655861.21,571492.0,3511.25,504221.07,0.8707395120188403,0.8713598546865507,0.02040816326530612,0.8760294175134279,1
MSME_00359,Machakos,Manufacturing,80,3,117668.43,128746.33,822780.85,93047.77,0.0,101396.27,1.0941357496165318,0.11308923501411705,0.012345679012345678,0.8617044375926697,1
MSME_00360,Kisumu,Services,3,2,89076.19,62776.23,339802.41,229968.25,17007.71,50178.85,0.7047396757800735,0.6767685174201166,0.25,0.5633187351329785,0
MSME_00361,Eldoret,Digital Commerce,20,5,61134.79,69719.7,176069.06,105945.89,6024.83,48941.63,1.1404072802526963,0.6017257562131801,0.047619047619047616,0.8005397493023317,1
MSME_00362,Kakamega,Digital Commerce,24,3,618913.8,646288.26,735656.13,476899.3,0.0,517127.19,1.0442281554747115,0.6482630026300431,0.04,0.8355385749379397,1
MSME_00363,Eldoret,Services,54,2,337973.82,334731.43,1893479.53,1053633.64,14846.33,176785.16,0.9904034566835481,0.5564533795338259,0.01818181818181818,0.5230719850668165,0
MSME_00364,Thika,Construction,33,3,354605.39,344831.75,169889.25,22993.05,45497.57,191431.8,0.9724352400981832,0.13534060959943256,0.029411764705882353,0.5398430637417447,0
MSME_00365,Nyeri,Agriculture,24,1,103784.52,95779.02,4862929.56,1068148.06,0.0,78186.89,0.922855327024425,0.2196511027292975,0.04,0.7533506600920822,1
MSME_00366,Nairobi,Agriculture,116,3,22973.63,22890.21,369553.02,309611.9,278740.96,15354.83,0.9963255120974744,0.8377987607873945,0.008547008547008548,0.6683385107834163,1
MSME_00367,Thika,Services,75,1,28912.88,24056.91,339750.55,97284.17,0.0,23556.08,0.8320194314979518,0.2863391498876164,0.013157894736842105,0.8146979927979227,0
MSME_00368,Mombasa,Construction,113,15,141157.85,150320.19,856953.85,766416.52,9447.18,106003.86,1.0649009254467572,0.8943487746174726,0.008771929824561403,0.7509544034964863,1
MSME_00369,Kakamega,Digital Commerce,72,1,79009.69,77665.76,825669.93,531459.61,19060.84,40607.8,0.982977872994148,0.6436700030119747,0.0136986301369863,0.513953238479502,1
MSME_00370,Kisumu,Services,36,2,70424.66,72128.18,49974.3,22762.47,21933.01,56878.85,1.0241747113197093,0.45547440435575176,0.02702702702702703,0.807643833227832,0
MSME_00371,Eldoret,Digital Commerce,38,3,188178.9,194928.52,640624.28,535586.94,0.0,111357.33,1.0358625974400029,0.8360377848342169,0.02564102564102564,0.5917599594855774,1
MSME_00372,Nairobi,Transport,104,2,367199.23,238913.97,1459491.28,1074169.46,31935.72,235253.51,0.6506367656686926,0.7359884493530859,0.009523809523809525,0.6406681989278711,1
MSME_00373,Nyeri,Construction,84,1,66090.01,41676.52,2504273.27,1109823.95,66889.29,54945.6,0.6305928748857068,0.4431718854820163,0.011764705882352941,0.8313626921422445,0
MSME_00374,Nairobi,Transport,99,3,36112.35,37576.43,634812.27,98316.16,0.0,30589.47,1.0405135496983804,0.15487414117855475,0.01,0.8470404988736853,1
MSME_00375,Machakos,Digital Commerce,112,3,67678.84,50262.45,475770.82,378068.27,189364.32,44371.37,0.7426502485821479,0.7946419987631886,0.008849557522123894,0.6556068985978691,0
MSME_00376,Thika,Retail,89,5,46912.34,43163.27,1740385.7,1239210.22,46486.65,25339.81,0.9200638880113844,0.7120315387379138,0.011111111111111112,0.5401408213527326,1
MSME_00377,Nairobi,Food Services,99,2,241067.59,203470.92,6262714.96,4587989.01,23870.81,204028.22,0.8440374583847693,0.7325877525507319,0.01,0.8463492485686336,1
MSME_00378,Nyeri,Food Services,25,3,132705.98,81232.19,816064.66,567888.78,20141.37,118319.93,0.6121169361249875,0.6958861373973266,0.038461538461538464,0.8915878426289257,0
MSME_00379,Kakamega,Agriculture,93,2,873697.28,543574.86,586019.73,187880.03,7790.21,815981.24,0.6221539774577557,0.32060304419606456,0.010638297872340425,0.933939391525413,0
MSME_00380,Kisumu,Agriculture,18,3,277807.89,293064.79,3296053.47,2594246.48,105411.66,178636.62,1.054915089290339,0.7870763373640485,0.05263157894736842,0.6430198112090653,1
MSME_00381,Nyeri,Transport,110,3,817377.35,763612.44,188010.4,19136.83,0.0,454243.93,0.934221514430863,0.10178547683810664,0.009009009009009009,0.5557327643924016,0
MSME_00382,Machakos,Digital Commerce,82,2,32732.53,29070.21,786366.6,227905.57,183905.0,30177.67,0.8880866194388445,0.2898206513086246,0.012048192771084338,0.9219192063917335,0
MSME_00383,Kakamega,Agriculture,66,1,5152.0,5767.12,13113885.53,1799850.35,37243.37,3502.82,1.119177178342713,0.13724766840726965,0.014925373134328358,0.6797632447118184,0
MSME_00384,Kisumu,Services,54,1,169904.54,118119.89,1256768.65,236872.19,7769.0,92103.6,0.6952091732853443,0.18847701326969507,0.01818181818181818,0.5420870914509321,0
MSME_00385,Eldoret,Manufacturing,35,1,150726.2,111821.35,1830572.69,962704.24,0.0,109193.81,0.7418790370948309,0.5259030244229065,0.027777777777777776,0.7244466161382949,1
MSME_00386,Kakamega,Manufacturing,80,1,117855.5,119765.52,491669.24,63821.1,0.0,69032.21,1.0161978338063662,0.12980468372460371,0.012345679012345678,0.5857310373208097,0
MSME_00387,Mombasa,Retail,61,2,146648.92,150517.43,1474107.21,361310.81,24134.96,96770.02,1.0263723976119454,0.24510467247177195,0.016129032258064516,0.6598709361723484,0
MSME_00388,Mombasa,Digital Commerce,41,3,43302.85,35624.97,3137802.73,898014.41,0.0,27893.86,0.8226744273315191,0.28619202705836544,0.023809523809523808,0.6441427263395749,0
MSME_00389,Nairobi,Manufacturing,100,1,234023.94,262817.81,118537.96,73999.82,57644.94,220983.91,1.1230333399508616,0.624265811004247,0.009900990099009901,0.9442750417968273,1
MSME_00390,Kisumu,Retail,33,25,278227.18,310512.67,649824.3,308703.21,0.0,219182.08,1.1160360176312838,0.47505569573853157,0.029411764705882353,0.7877781466995902,1
MSME_00391,Nakuru,Transport,68,1,40144.92,24360.95,1109806.93,517980.21,590545.79,28956.98,0.6068101067306466,0.46672959887752835,0.014492753623188406,0.7212932223249586,0
MSME_00392,Kisumu,Services,33,5,93560.5,65004.0,681715.9,487253.74,558007.34,68410.37,0.6947729568251898,0.7147449916526933,0.029411764705882353,0.7311807741432106,0
MSME_00393,Machakos,Manufacturing,14,3,99522.21,104609.85,406540.62,189194.71,25055.87,76815.21,1.0511100877875623,0.46537599274583497,0.06666666666666667,0.7718321183571148,0
MSME_00394,Nairobi,Retail,21,2,68131.1,53439.93,3891170.03,1473940.16,0.0,60823.33,0.7843575935572219,0.37879089575767116,0.045454545454545456,0.8927264828179374,0
MSME_00395,Eldoret,Services,48,1,41726.33,27226.62,931316.99,810209.31,0.0,23604.25,0.6524889083485571,0.8699599048870515,0.02040816326530612,0.5656784174784247,1
MSME_00396,Nyeri,Digital Commerce,20,3,134929.13,139213.07,314471.86,33533.6,112307.49,103873.15,1.031741909683182,0.10663432132108316,0.047619047619047616,0.769829170104557,0
MSME_00397,Meru,Services,8,2,172958.25,147018.13,2376350.01,818211.53,64902.23,111555.01,0.8500160008788198,0.3443142559987382,0.1111111111111111,0.6449785715421407,1
MSME_00398,Nairobi,Food Services,7,25,72389.6,63038.74,3865882.77,2271260.92,0.0,54808.41,0.8708138902012139,0.5875140214057702,0.125,0.7571205377493763,1
MSME_00399,Meru,Services,67,2,44766.32,31448.48,2867337.78,2082396.58,144927.62,32812.77,0.7024874394982769,0.7262471370753059,0.014705882352941176,0.732962571804611,0
MSME_00400,Meru,Retail,17,25,200898.93,193564.57,442970.09,333614.23,0.0,103155.65,0.9634874934998734,0.7531286748306757,0.05555555555555555,0.513467824503473,1
MSME_00401,Nakuru,Construction,33,1,61863.12,55873.7,466542.98,63850.37,30963.94,47146.45,0.9031681045491311,0.13685820144973257,0.029411764705882353,0.762096834158475,0
MSME_00402,Kakamega,Services,48,5,97811.21,69804.94,209377.44,139718.75,0.0,80121.68,0.7136628443422349,0.66730246915585,0.02040816326530612,0.8191378152073242,0
MSME_00403,Eldoret,Digital Commerce,76,3,86156.73,67821.06,989336.41,668992.16,4781.05,52615.9,0.7871732460917901,0.6762022271047043,0.012987012987012988,0.6106927376104269,0
MSME_00404,Thika,Manufacturing,59,5,463104.8,429892.59,2725792.73,739408.18,43974.83,253823.53,0.9282815935365094,0.27126343855813334,0.016666666666666666,0.5480897237737036,0
MSME_00405,Nakuru,Retail,115,1,64768.17,71807.16,1435490.57,273059.05,0.0,38552.61,1.1086626553960781,0.19021989101614856,0.008620689655172414,0.5952308791358605,1
MSME_00406,Thika,Construction,86,3,748275.56,827747.66,5971351.01,4178446.46,22124.85,588433.27,1.106205518451627,0.6997488094827624,0.011494252873563218,0.786384742560959,1
MSME_00407,Eldoret,Transport,119,2,282745.35,214419.44,71079.66,21295.47,0.0,201019.71,0.7583455630815394,0.29959583943086626,0.008333333333333333,0.7109542174461315,0
MSME_00408,Kisumu,Services,22,5,823154.08,826933.62,863038.97,87459.54,0.0,732102.64,1.004590313650254,0.10133892176511825,0.043478260869565216,0.8893860437573926,0
MSME_00409,Kisumu,Agriculture,110,2,259014.37,265887.44,1978778.13,551798.28,19743.46,162724.43,1.0265315143267366,0.27885794409000064,0.009009009009009009,0.6282423703272898,1
MSME_00410,Meru,Food Services,30,15,106825.89,111617.32,351274.49,43858.17,29439.33,70963.8,1.0448429229756666,0.12485405685435098,0.03225806451612903,0.6642878024437481,0
MSME_00411,Eldoret,Transport,38,1,53243.64,48660.39,187620.47,56164.07,0.0,39273.71,0.913902131745092,0.2993477772026837,0.02564102564102564,0.7376087057777083,0
MSME_00412,Kisumu,Food Services,102,10,93394.58,56576.51,171337.89,63055.03,11566.6,66030.68,0.6057728856119315,0.3680135315455819,0.009708737864077669,0.7070000528932953,0
MSME_00413,Machakos,Services,109,10,589648.0,600805.29,826769.52,262185.26,7147.23,440167.86,1.0189202220303943,0.31711974926246767,0.00909090909090909,0.7464913194120569,0
MSME_00414,Machakos,Food Services,51,10,127015.09,83655.77,166281.81,139003.22,10690.26,81345.51,0.6586234074753837,0.8359446174863174,0.019230769230769232,0.6404346882351677,1
MSME_00415,Kisumu,Construction,54,2,258052.77,171419.1,4272237.1,1221972.42,0.0,148380.85,0.6642766738110434,0.2860262914653563,0.01818181818181818,0.5749997374578174,0
MSME_00416,Nyeri,Retail,8,2,163893.38,152927.87,1353121.84,641417.45,0.0,141192.84,0.9330879435890358,0.4740275095792485,0.1111111111111111,0.8614867697110785,1
MSME_00417,Meru,Digital Commerce,27,50,171041.45,195147.4,573269.98,496418.6,0.0,88545.23,1.1409296347193343,0.8659405714205174,0.03571428571428571,0.5176798508206588,1
MSME_00418,Kisumu,Agriculture,27,1,177754.68,130364.7,662253.17,532027.44,0.0,118449.93,0.7333925981999563,0.8033583842892222,0.03571428571428571,0.6663636852560774,1
MSME_00419,Machakos,Services,98,2,218674.91,208877.4,2671926.84,928245.5,108158.3,117938.12,0.9551916349633573,0.34740665002390186,0.010101010101010102,0.5393283604033018,1
MSME_00420,Nairobi,Retail,21,3,59035.4,45280.71,3645774.68,1316825.51,7252.8,49078.95,0.7669964631989755,0.3611921373067034,0.045454545454545456,0.831333719535744,1
MSME_00421,Kisumu,Retail,30,5,101224.46,110769.86,237826.96,136670.48,0.0,67261.72,1.0942885317587097,0.5746611121753725,0.03225806451612903,0.6644743328407695,1
MSME_00422,Nakuru,Manufacturing,97,1,181554.89,168198.68,302612.07,252466.31,852642.25,93232.5,0.9264292114125297,0.8342875276338857,0.01020408163265306,0.5135195558789086,1
MSME_00423,Kisumu,Services,28,3,156919.34,112058.07,475062.29,51306.65,0.0,83817.51,0.7141079990012767,0.10799960990460872,0.034482758620689655,0.534140507215317,0
MSME_00424,Meru,Retail,111,10,84018.76,62524.42,344715.29,142883.05,0.0,49518.08,0.744163277781322,0.41449462687127436,0.008928571428571428,0.5893623119132928,1
MSME_00425,Kakamega,Services,64,1,202116.78,169346.45,83641.1,65225.04,29903.94,172630.37,0.8378602317915822,0.7798111238240072,0.015384615384615385,0.8541077880431894,1
MSME_00426,Eldoret,Agriculture,97,15,61627.2,41112.98,274346.1,117523.28,105403.73,52976.88,0.6671131073112634,0.4283744205788944,0.01020408163265306,0.8596207580296034,0
MSME_00427,Kisumu,Transport,69,1,39222.03,25231.66,313459.38,211912.3,58243.89,37201.14,0.6432868648852473,0.6760417377149864,0.014285714285714285,0.9484514582376732,0
MSME_00428,Kisumu,Construction,61,2,178972.2,174324.97,172787.09,112923.26,49968.97,108889.46,0.9740283461434449,0.6535361320331743,0.016129032258064516,0.608412097453697,1
MSME_00429,Mombasa,Retail,48,1,40195.42,33118.65,1237169.08,327066.64,0.0,21190.89,0.8239203889301585,0.26436675545855426,0.02040816326530612,0.5271835153478842,0
MSME_00430,Kakamega,Agriculture,19,1,176332.02,176230.49,627195.89,288306.65,53967.06,110632.27,0.9994185433902283,0.4596748717934491,0.05,0.627405292553828,0
MSME_00431,Thika,Retail,4,15,18869.82,12464.12,1529948.43,845984.02,4228.25,10953.35,0.6604970001303601,0.5529490082557827,0.2,0.5804384759114867,1
MSME_00432,Meru,Construction,35,2,64538.17,60370.69,223746.03,150440.2,17718.58,52900.3,0.9354116267686741,0.6723673605857473,0.027777777777777776,0.8196619200401866,1
MSME_00433,Nyeri,Food Services,64,2,96030.69,81032.5,1560758.44,1182917.09,310738.62,89899.92,0.8438099964709566,0.7579112191690477,0.015384615384615385,0.9361484734882828,0
MSME_00434,Mombasa,Services,49,1,26725.27,16887.68,867754.19,614323.6,0.0,16646.14,0.6318756788732585,0.7079457513817924,0.02,0.6228381289270818,0
MSME_00435,Meru,Construction,17,3,91796.34,82583.76,377695.07,46323.99,31101.37,59473.46,0.8996312965059772,0.12264885361396531,0.05555555555555555,0.6478778143244673,0
MSME_00436,Kisumu,Retail,44,3,435835.27,281350.12,5000965.63,3183166.0,0.0,286780.6,0.6455408587266038,0.6365101460395067,0.022222222222222223,0.6580007671229381,0
MSME_00437,Nyeri,Manufacturing,92,2,37409.92,39476.66,835050.58,415731.91,407165.87,33131.32,1.0552175674909894,0.4978517734197928,0.010752688172043012,0.8856055932332058,1
MSME_00438,Kakamega,Food Services,30,2,94336.81,89391.35,387760.48,216792.77,17201.73,71706.21,0.9475665165430489,0.5590879475702435,0.03225806451612903,0.760100430569673,0
MSME_00439,Nyeri,Agriculture,93,15,731347.99,662844.19,1021969.67,407125.09,0.0,686216.05,0.9063309022960433,0.3983725775613502,0.010638297872340425,0.9382880941696522,1
MSME_00440,Nakuru,Construction,46,2,46080.22,31030.79,234267.16,157245.03,44742.65,36045.01,0.6733934127612072,0.6712181032198314,0.02127659574468085,0.7822060700649853,0
MSME_00441,Nakuru,Retail,117,2,538866.62,408515.55,590000.48,377075.68,0.0,440602.67,0.7581000135061,0.6391097188434172,0.00847457627118644,0.8176454729270984,0
MSME_00442,Mombasa,Services,6,1,100810.19,87813.92,8326099.71,4692499.75,0.0,54450.13,0.8710731417811851,0.5635891173360549,0.14285714285714285,0.5401199013720599,1
MSME_00443,Mombasa,Digital Commerce,99,5,147548.48,139921.1,87246.01,68861.92,6442.8,136962.79,0.9482995128142776,0.7892754147104869,0.01,0.9282498996268913,0
MSME_00444,Mombasa,Food Services,105,2,484795.4,339733.42,386981.12,70244.82,0.0,379413.2,0.7007754595537425,0.18151954927529987,0.009433962264150943,0.782623798361539,0
MSME_00445,Eldoret,Food Services,37,2,82035.07,49621.08,611022.92,208247.99,0.0,60220.41,0.604869053332272,0.34081806486397453,0.02631578947368421,0.7340723415931553,0
MSME_00446,Kisumu,Transport,24,1,250452.78,197762.05,469920.52,233129.61,5636.74,168888.25,0.7896149541045058,0.49610328550180033,0.04,0.6743290119238767,0
MSME_00447,Kakamega,Food Services,93,50,322738.32,279355.61,400001.5,346754.84,6257.28,172559.31,0.8655766207848489,0.8668816819894877,0.010638297872340425,0.5346708606809979,1
MSME_00448,Nyeri,Construction,113,1,69507.23,48755.04,5564346.41,876778.01,29056.54,38924.48,0.7014283056840895,0.15757068087163162,0.008771929824561403,0.5599981469820193,0
MSME_00449,Nyeri,Agriculture,46,5,62228.59,54181.88,374813.3,138554.23,31109.0,31441.79,0.8706771167864034,0.36966100279525094,0.02127659574468085,0.5052546545783124,0
MSME_00450,Thika,Services,53,2,106021.47,83350.6,1174327.93,987272.1,99563.34,100658.02,0.7861597640575626,0.8407117246102419,0.018518518518518517,0.9494027068035672,1
MSME_00451,Machakos,Digital Commerce,95,1,109391.08,93015.16,349734.81,286208.3,8580.07,93401.42,0.850291538473352,0.818355718277748,0.010416666666666666,0.8538225070772948,1
MSME_00452,Nakuru,Retail,99,5,45299.53,35836.54,1177640.33,932922.5,29090.96,38905.65,0.791084342721818,0.7921957868105732,0.01,0.8588343226889399,1
MSME_00453,Meru,Construction,60,2,70150.59,66338.42,2241852.65,777278.03,0.0,58122.61,0.9456438549717833,0.346712208444115,0.01639344262295082,0.8285287617857272,0
MSME_00454,Kakamega,Food Services,97,10,4159.27,2593.69,667137.06,518678.13,70377.42,2985.72,0.6234427092472363,0.7774674555368644,0.01020408163265306,0.7176745740060139,1
MSME_00455,Kakamega,Digital Commerce,116,15,95389.84,66200.35,367258.84,185198.18,0.0,51480.82,0.6939906389334658,0.5042701646877589,0.008547008547008548,0.5396830555218929,1
MSME_00456,Eldoret,Agriculture,63,10,325915.75,273121.63,628931.21,374731.73,0.0,173557.0,0.8380104121681381,0.5958221316093828,0.015625,0.5325194240553761,1
MSME_00457,Nakuru,Transport,85,1,25167.55,20032.44,1386223.18,403474.01,159292.18,22962.08,0.795931430296938,0.291059711568442,0.011627906976744186,0.9123322559305166,0
MSME_00458,Kisumu,Retail,32,5,83855.93,68375.92,2063172.95,1372709.66,46068.78,41939.83,0.815387827815781,0.6653387902653579,0.030303030303030304,0.500135528453045,1
MSME_00459,Meru,Manufacturing,87,2,1532380.26,1596845.02,992946.66,359603.26,135323.09,1248271.27,1.0420677031772105,0.3621573165296547,0.011363636363636364,0.8145957553670423,1
MSME_00460,Nakuru,Food Services,33,10,130279.83,141677.02,663052.26,248713.78,0.0,101990.91,1.0874740358961483,0.37510377371495013,0.029411764705882353,0.7828543155581678,1
MSME_00461,Meru,Food Services,67,3,517515.3,381288.63,3384030.64,2062410.13,6300.56,375483.95,0.7367664168259048,0.6094535599554854,0.014705882352941176,0.7255499971691713,0
MSME_00462,Nairobi,Transport,18,10,48440.17,51347.31,343890.29,100369.72,0.0,45472.13,1.059993183484214,0.29186467618880374,0.05263157894736842,0.9387083342536937,0
MSME_00463,Eldoret,Agriculture,25,2,208734.5,177911.6,444762.87,124333.9,0.0,122977.55,0.8523303415087515,0.27955036005959744,0.038461538461538464,0.589154935312872,1
MSME_00464,Nairobi,Transport,106,2,40854.89,30665.74,6277193.67,2481565.2,74257.28,34864.7,0.7505830860617649,0.3953302917081589,0.009345794392523364,0.8533579858375376,0
MSME_00465,Meru,Agriculture,95,1,199000.9,227259.19,649463.68,469205.62,0.0,159932.57,1.1419950764289186,0.7224497874156913,0.010416666666666666,0.8036735830160416,1
MSME_00466,Nyeri,Retail,54,5,309356.07,325950.23,1608567.16,449989.65,0.0,290328.91,1.053637565160544,0.2797454663033987,0.01818181818181818,0.9384912715911098,1
MSME_00467,Kakamega,Food Services,58,2,244012.77,279843.44,251634.83,183656.87,17344.23,224572.84,1.1468346233083486,0.7298518259502234,0.01694915254237288,0.9203285535894142,1
MSME_00468,Meru,Manufacturing,67,2,94377.94,65357.19,2424622.88,1591726.66,97261.36,52649.4,0.6924976059277631,0.6564839491723558,0.014705882352941176,0.5578511477242698,0
MSME_00469,Eldoret,Services,104,5,175419.16,119129.51,183368.98,117954.65,0.0,112000.29,0.6791095732668354,0.6432604180902457,0.009523809523809525,0.6384687484038322,0
MSME_00470,Kakamega,Transport,46,3,177103.92,155294.97,167725.37,80475.39,18625.85,156357.98,0.8768529411831133,0.4798016555178533,0.02127659574468085,0.8828550895141705,0
MSME_00471,Meru,Construction,24,1,259364.49,246721.53,2128591.4,1483011.48,0.0,156370.13,0.951250415003168,0.696709938455103,0.04,0.6028948955391097,1
MSME_00472,Nakuru,Manufacturing,114,3,117739.88,81721.26,472738.11,52386.76,106141.67,78926.08,0.6940771973166838,0.11081537129432766,0.008695652173913044,0.670337099569835,0
MSME_00473,Kisumu,Manufacturing,32,2,338114.14,362876.56,545329.5,187858.27,0.0,264298.33,1.0732336919310976,0.34448517000241136,0.030303030303030304,0.7816814414166725,1
MSME_00474,Mombasa,Food Services,47,2,559391.8,499317.27,1222878.3,786689.8,104474.14,421396.15,0.8926058218840142,0.6433094419048552,0.020833333333333332,0.7533099281935699,1
MSME_00475,Nakuru,Food Services,86,1,96967.64,80097.02,514993.94,458260.32,65737.46,76436.97,0.8260095222537926,0.8898346069186621,0.011494252873563218,0.7882648452118128,1
MSME_00476,Kisumu,Digital Commerce,23,1,139586.5,129973.11,207469.4,21164.26,193301.15,114610.24,0.9311228440942061,0.10201098566349705,0.041666666666666664,0.8210637772006806,0
MSME_00477,Meru,Digital Commerce,66,1,53916.14,51178.52,368982.11,187434.72,0.0,44639.68,0.9492068755872436,0.5079764220102108,0.014925373134328358,0.8279311551020696,0
MSME_00478,Machakos,Construction,27,5,187260.75,116762.85,226441.05,189999.7,1162.13,155782.39,0.6235274956044147,0.8390654474290443,0.03571428571428571,0.8318964764560836,0
MSME_00479,Nairobi,Manufacturing,106,1,188459.37,216717.15,2939121.0,2324349.49,0.0,178330.54,1.1499348642900362,0.7908312380363932,0.009345794392523364,0.9462495483798531,1
MSME_00480,Mombasa,Retail,2,2,141207.59,112988.07,3099798.54,367353.89,0.0,93262.57,0.8001501183461999,0.11850891816055951,0.3333333333333333,0.6604596080167645,0
MSME_00481,Kisumu,Construction,90,15,152268.34,96515.05,265971.25,139274.91,0.0,79161.85,0.6338442788285548,0.5236445155462647,0.01098901098901099,0.5198804302954226,0
MSME_00482,Thika,Manufacturing,17,1,910570.3,973197.27,1230023.72,127220.96,13545.08,598233.68,1.0687765691714641,0.10342959611413338,0.05555555555555555,0.6569871903496189,0
MSME_00483,Eldoret,Agriculture,104,2,7429.97,8515.94,525928.13,384800.55,0.0,6762.83,1.1460065105901382,0.7316585601561943,0.009523809523809525,0.9100871084124952,1
MSME_00484,Eldoret,Construction,33,5,81092.29,85065.58,4202959.76,1458846.8,28494.85,43589.13,1.0489842007889927,0.347099790672326,0.029411764705882353,0.5375183322812529,0
MSME_00485,Thika,Digital Commerce,9,25,94492.55,100968.63,12526068.66,8924479.82,0.0,74755.32,1.0685240421171605,0.7124724723908329,0.1,0.7911155840795483,1
MSME_00486,Machakos,Services,43,5,572010.49,540129.09,1755256.87,1502209.69,13139.95,394929.0,0.9442626580805221,0.8558341857769308,0.022727272727272728,0.6904214459048716,1
MSME_00487,Nairobi,Agriculture,118,5,214333.57,237327.08,393771.26,346860.52,0.0,196052.58,1.1072739222608838,0.8808658080688568,0.008403361344537815,0.9147034937014593,1
MSME_00488,Eldoret,Agriculture,48,10,219626.98,136093.22,181552.99,148018.15,0.0,201586.37,0.6196533793189738,0.8152844781874526,0.02040816326530612,0.9178537725475597,0
MSME_00489,Thika,Agriculture,39,2,469703.16,479894.84,978419.33,257632.25,0.0,400825.92,1.0216959543215458,0.2633144897960164,0.025,0.8533582500099637,0
MSME_00490,Kakamega,Transport,93,10,111306.54,107843.86,604959.2,154676.05,20150.12,60587.95,0.9688818924575999,0.255679712483565,0.010638297872340425,0.544329252088403,1
MSME_00491,Thika,Digital Commerce,42,1,255844.86,160484.25,129193.89,77597.0,0.0,130767.87,0.627269286280419,0.6006197303933616,0.023255813953488372,0.5111197421760117,0
MSME_00492,Meru,Retail,119,15,78372.95,70471.82,802304.37,429427.75,475643.65,44003.71,0.8991740240220125,0.5352422731509325,0.008333333333333333,0.5614583672253345,0
MSME_00493,Kakamega,Transport,26,2,46476.11,41051.57,9201158.68,990299.42,0.0,29968.76,0.8832642563188632,0.10762767460199105,0.037037037037037035,0.6448068737492498,0
MSME_00494,Nyeri,Transport,99,3,801441.28,785688.01,1918117.56,792915.04,67855.33,487792.7,0.9803426018402722,0.41338166291451767,0.01,0.6086435819183386,1
MSME_00495,Nakuru,Services,50,1,192727.34,123854.74,180924.97,149326.93,0.0,128431.89,0.6426389601031172,0.8253482349714637,0.0196078431372549,0.6663881917936926,1
MSME_00496,Nyeri,Services,25,5,253891.58,264784.37,713475.45,584113.23,0.0,143292.51,1.0428992056404327,0.8186860687553177,0.038461538461538464,0.5643824250397551,1
MSME_00497,Nyeri,Agriculture,24,1,45244.0,30615.34,1141838.61,300446.86,64136.82,37942.81,0.6766568681622279,0.2631252737851684,0.04,0.8386078019670681,1
MSME_00498,Thika,Retail,13,10,221982.24,184304.2,1317060.01,534160.63,0.0,195429.49,0.8302617801235805,0.40557014894852894,0.07142857142857142,0.8803794827032888,0
MSME_00499,Machakos,Digital Commerce,60,10,788772.13,855587.76,102385.44,56137.2,192879.88,567583.58,1.0847070310318507,0.5482874490020357,0.01639344262295082,0.7195777320659997,1
MSME_00500,Machakos,Services,7,1,100967.09,91707.64,633622.44,495636.84,0.0,93943.52,0.9082833992402947,0.7822261752185179,0.125,0.9304278213047311,0
MSME_00501,Kakamega,Retail,57,10,37956.67,30698.41,997716.32,524395.26,7375.05,21033.88,0.8087538039084065,0.5255950252522428,0.017241379310344827,0.5541404411809261,0
MSME_00502,Thika,Manufacturing,36,5,160167.62,100346.81,583114.49,509968.52,30155.8,87710.39,0.6265073021169815,0.8745583486386205,0.02702702702702703,0.5476128220371755,0
MSME_00503,Mombasa,Construction,45,3,47292.32,45861.75,72055.95,53266.76,0.0,27910.96,0.9697299745503171,0.7392313996082266,0.021739130434782608,0.5901670679918433,1
MSME_00504,Eldoret,Transport,20,2,28062.83,32064.61,608053.64,524430.15,24017.32,26431.28,1.1425600140821832,0.8624720798117749,0.047619047619047616,0.941827255937625,1
MSME_00505,Nairobi,Construction,65,1,63910.2,70396.32,1869110.13,1280702.63,0.0,43933.41,1.101470790722127,0.6851934106240114,0.015151515151515152,0.6874133172276534,1
MSME_00506,Kakamega,Construction,8,1,81422.12,80975.34,367185.86,294519.53,253246.47,74570.25,0.9945005791966705,0.8020971393148438,0.1111111111111111,0.9158363128310485,1
MSME_00507,Kakamega,Services,110,2,49649.83,32665.17,415017.15,317406.38,93223.44,29338.3,0.6578977632398089,0.7648012020679096,0.009009009009009009,0.5908924382532981,0
MSME_00508,Kakamega,Retail,16,15,502055.92,367350.33,3903473.57,1183028.8,73770.62,442183.95,0.7316906019341393,0.3030707075926974,0.058823529411764705,0.8807446573986074,0
MSME_00509,Meru,Digital Commerce,14,1,881702.52,619631.4,573895.92,162773.61,0.0,563856.05,0.7027661633924293,0.2836286523370782,0.06666666666666667,0.6395075410382847,0
MSME_00510,Nakuru,Food Services,76,10,247233.38,196675.12,834243.14,660309.07,27046.95,205322.31,0.7955006904784035,0.7915057934958943,0.012987012987012988,0.8304763682138382,1
MSME_00511,Nairobi,Construction,115,2,195672.08,142749.53,77860.44,13060.48,0.0,183639.78,0.729530756095831,0.1677400263853327,0.008620689655172414,0.9385030378220653,0
MSME_00512,Kisumu,Transport,87,2,115607.01,84906.61,206191.6,88013.07,79429.74,106342.39,0.734435356166065,0.4268488296864194,0.011363636363636364,0.9198531312838963,0
MSME_00513,Kakamega,Construction,15,5,54375.4,51069.46,10095641.66,7637617.59,244171.87,47529.41,0.9391842784737496,0.7565261417444028,0.0625,0.8740815868648899,0
MSME_00514,Mombasa,Services,92,15,661926.78,513182.87,5318044.15,3991678.55,0.0,345918.14,0.7752852886760546,0.7505913239566986,0.010752688172043012,0.5225919661507483,0
MSME_00515,Meru,Retail,98,2,125134.76,121685.99,1286519.26,271489.33,19010.63,96791.29,0.9724317812909756,0.2110260820921701,0.010101010101010102,0.7734902477117652,0
MSME_00516,Nyeri,Food Services,66,2,83902.82,94083.53,46900.43,22989.08,347063.18,73494.82,1.1213259420131287,0.4901573363541368,0.014925373134328358,0.8759412861059246,1
MSME_00517,Kakamega,Construction,32,2,367602.19,349649.55,147560.74,71399.61,26027.36,249858.09,0.9511602714873066,0.48386261913149037,0.030303030303030304,0.6796951081953342,1
MSME_00518,Kakamega,Food Services,87,1,123799.15,125459.44,142889.19,51293.96,0.0,102633.78,1.013402972451972,0.35897467838764857,0.011363636363636364,0.829027913132577,0
MSME_00519,Thika,Food Services,63,1,354085.7,358819.55,140405.14,117062.07,0.0,199049.61,1.0133663591431137,0.833738966116439,0.015625,0.5621493549461191,1
MSME_00520,Nakuru,Agriculture,86,2,88455.18,69161.91,458985.01,285715.46,0.0,51263.7,0.7818776483452033,0.6224927422079815,0.011494252873563218,0.5795378005245083,0
MSME_00521,Nakuru,Digital Commerce,51,2,368662.52,224230.46,1861484.8,1645831.77,0.0,291121.46,0.6082252456114996,0.8841495164776438,0.019230769230769232,0.7896671197627582,0
MSME_00522,Nyeri,Services,25,5,354962.42,223724.43,341706.56,52422.22,0.0,247302.3,0.6302746068876618,0.15341252619637682,0.038461538461538464,0.6966979865136526,0
MSME_00523,Machakos,Digital Commerce,58,2,501234.04,378498.43,502562.58,208804.77,20546.02,299844.75,0.7551316244770119,0.4154793110953245,0.01694915254237288,0.5982118688270477,0
MSME_00524,Nakuru,Digital Commerce,63,2,65550.44,64190.19,504517.08,387524.64,174471.66,41119.35,0.9792338658006597,0.7681085284396547,0.015625,0.6272837026921148,1
MSME_00525,Nyeri,Manufacturing,62,2,122634.12,134735.13,2156240.48,944753.61,0.0,95472.3,1.0986667603864213,0.4381483329965436,0.015873015873015872,0.7785070051711125,1
MSME_00526,Kisumu,Construction,22,5,934502.97,1053501.69,2130469.79,659385.56,4305.04,772289.0,1.1273378431982477,0.30950227672447933,0.043478260869565216,0.8264159648246331,1
MSME_00527,Meru,Construction,58,10,104150.05,63970.71,885935.12,795787.71,98387.25,61805.39,0.6142108984979028,0.8982450224515058,0.01694915254237288,0.5934207096327881,1
MSME_00528,Kisumu,Manufacturing,58,2,299846.45,343188.65,3382495.9,2700922.68,0.0,278808.41,1.1445441673757772,0.7984996763781218,0.01694915254237288,0.9298341873509345,1
MSME_00529,Kisumu,Retail,86,5,1316602.37,1023491.75,460730.18,247494.54,0.0,663146.83,0.7773728773001697,0.537177752979514,0.011494252873563218,0.5036800338738309,1
MSME_00530,Kakamega,Digital Commerce,49,1,20972.32,22306.7,5934596.31,3260273.68,20128.04,17093.03,1.0635750563096353,0.5493672964981681,0.02,0.814989233941026,1
MSME_00531,Mombasa,Retail,52,2,100754.72,70443.92,352465.19,37181.68,0.0,63571.22,0.6991555417399627,0.1054900613304215,0.018867924528301886,0.6309440297781604,0
MSME_00532,Kisumu,Construction,42,2,133501.79,84719.44,68752.29,60831.73,290557.55,95498.04,0.6345892846134527,0.8847828227565547,0.023255813953488372,0.7153261740822044,1
MSME_00533,Machakos,Digital Commerce,70,2,22051.18,17819.46,160250.59,119392.48,0.0,16680.2,0.8080588857881624,0.745031484555005,0.014084507042253521,0.7563968732343016,1
MSME_00534,Mombasa,Construction,15,5,84459.62,90575.25,144039.56,18636.34,0.0,63571.47,1.0723962244179597,0.1293825850163315,0.0625,0.7526758624315095,0
MSME_00535,Nairobi,Manufacturing,54,15,50443.98,36393.0,300069.33,72335.96,0.0,42843.33,0.7214394772284576,0.241063353381189,0.01818181818181818,0.8493080976541174,0
MSME_00536,Eldoret,Services,107,1,314168.73,215103.96,2825897.04,2138709.48,0.0,273554.21,0.6846743637587237,0.7568247154451475,0.009259259259259259,0.8707210907938204,0
MSME_00537,Machakos,Food Services,60,3,23561.11,25926.47,425510.13,72120.75,0.0,12558.24,1.1003458518782911,0.16949204125400902,0.01639344262295082,0.532984524730595,0
MSME_00538,Thika,Retail,101,3,881449.18,983772.61,143487.65,122456.46,0.0,719574.57,1.1160841898063938,0.8534226226255527,0.00980392156862745,0.8163530807833064,1
MSME_00539,Mombasa,Construction,97,1,265640.03,161217.34,127078.79,114359.84,0.0,180522.56,0.6068992429369815,0.8999057993407135,0.01020408163265306,0.6795733324780437,1
MSME_00540,Meru,Agriculture,8,1,46452.17,46456.33,680761.18,550835.35,191947.87,40337.45,1.0000680254975065,0.8091450526819806,0.1111111111111111,0.8683465520221763,1
MSME_00541,Nakuru,Services,53,2,371914.57,286398.12,4545688.62,3141630.83,0.0,287862.13,0.7700621944921531,0.6911230402044036,0.018518518518518517,0.7739985986604433,0
MSME_00542,Kisumu,Digital Commerce,60,1,242069.38,195129.08,950980.68,465814.95,87820.0,122149.76,0.8060840818277725,0.48982536656226644,0.01639344262295082,0.5046043220983913,0
MSME_00543,Nakuru,Services,108,1,128185.33,109983.86,2264031.75,375701.72,0.0,102536.64,0.8579999130952575,0.1659435889343915,0.009174311926605505,0.7999030785888012,0
MSME_00544,Kisumu,Agriculture,108,1,64766.46,54062.83,1181380.9,808486.27,0.0,59362.97,0.834722096558982,0.6843564049863978,0.009174311926605505,0.916555473998826,1
MSME_00545,Machakos,Manufacturing,5,2,230420.98,203516.01,116799.09,48762.7,0.0,123826.76,0.8832317559288397,0.41748854816807074,0.16666666666666666,0.5373912679684464,0
MSME_00546,Nairobi,Retail,103,5,150681.01,138671.57,1500978.18,834818.4,53361.68,108852.54,0.9202928073497294,0.5561825314592306,0.009615384615384616,0.722399044185832,1
MSME_00547,Nairobi,Retail,68,3,66886.97,57260.43,185936.99,62235.41,594903.7,52281.14,0.8560647004237084,0.33471056667870835,0.014492753623188406,0.7816224651458251,0
MSME_00548,Meru,Construction,6,50,34778.16,34286.39,442352.28,129929.84,0.0,20454.38,0.9858314576890298,0.2937241473602275,0.14285714285714285,0.5881217372702503,1
MSME_00549,Nyeri,Services,109,2,56920.51,56649.05,306441.87,110146.72,0.0,45127.22,0.9952134087799147,0.3594363934784973,0.00909090909090909,0.7927973098394614,0
MSME_00550,Meru,Construction,96,5,80555.54,67843.68,644139.15,483788.71,137488.59,42082.96,0.8421871147891903,0.7510612558462627,0.010309278350515464,0.5224027744985076,1
MSME_00551,Kisumu,Digital Commerce,116,10,426124.69,289063.7,541257.36,238799.08,45999.72,386731.88,0.6783531403610048,0.44119240948075145,0.008547008547008548,0.9075535436504661,0
MSME_00552,Kisumu,Food Services,94,3,315135.8,300120.02,461953.0,161390.82,0.0,265720.69,0.9523483769588319,0.3493655645367288,0.010526315789473684,0.8431915599828392,0
MSME_00553,Mombasa,Services,47,2,84959.71,87094.42,523845.19,233832.09,19104.49,78456.94,1.0251140792020217,0.44637547139552547,0.020833333333333332,0.9234496745613354,1
MSME_00554,Mombasa,Retail,99,5,88327.43,83995.87,1005770.14,126555.95,102232.15,60795.05,0.9509494281739187,0.1258297687881559,0.01,0.6882840553149197,0
MSME_00555,Meru,Manufacturing,55,1,359098.6,331602.46,523803.92,425582.0,0.0,185076.45,0.9234275393233522,0.8124818682497293,0.017857142857142856,0.5153902984018919,1
MSME_00556,Mombasa,Retail,40,2,174093.32,126422.49,592959.84,321033.94,7969.55,113803.12,0.7261723989616663,0.5414083331371428,0.024390243902439025,0.6536865763340239,0
MSME_00557,Nakuru,Construction,52,2,171684.67,163928.88,7965340.69,1464515.36,38071.75,125688.32,0.9548198169363814,0.1838609587632141,0.018867924528301886,0.7320839298935082,0
MSME_00558,Nakuru,Retail,16,3,65948.18,51714.64,2539483.37,839872.02,31117.23,60747.66,0.7841589539096621,0.33072541415169254,0.058823529411764705,0.9211283597460955,0
MSME_00559,Meru,Services,13,1,117780.87,130237.07,401044.48,355663.17,9614.62,105694.19,1.1057480238681896,0.8868399913147008,0.07142857142857142,0.8973723205447495,1
MSME_00560,Kisumu,Agriculture,114,25,133821.44,128407.83,829044.02,476240.97,90945.59,102685.51,0.9595388486415283,0.5744452454463811,0.008695652173913044,0.7673265410494682,1
MSME_00561,Kakamega,Manufacturing,106,3,121638.43,91593.59,754717.02,251414.28,0.0,100763.88,0.7529925945887777,0.3331234624555539,0.009345794392523364,0.8283817180004872,0
MSME_00562,Mombasa,Transport,30,2,277636.48,238797.86,802870.24,354127.22,0.0,257994.87,0.8601067118171509,0.4410759812494965,0.03225806451612903,0.9292508705957135,0
MSME_00563,Kisumu,Manufacturing,19,25,286459.9,305257.31,711326.26,218220.54,126640.16,252877.12,1.0656159706263577,0.3067793859045976,0.05,0.8827631275332863,1
MSME_00564,Meru,Manufacturing,17,2,53158.97,41703.49,809876.02,101593.61,0.0,42339.46,0.7844904728125316,0.12544325556983948,0.05555555555555555,0.7964537978482681,0
MSME_00565,Eldoret,Construction,63,50,80804.3,71834.4,539214.99,417149.67,28584.12,60039.6,0.8889812920687132,0.7736225886031309,0.015625,0.7430156190249897,1
MSME_00566,Eldoret,Services,19,2,67011.97,65257.5,348901.87,116527.26,0.0,47861.18,0.9738040262952082,0.3339819474686465,0.05,0.714207712327927,1
MSME_00567,Nyeri,Transport,92,1,534200.1,542208.37,457979.69,352978.04,0.0,448981.5,1.0149892428151122,0.7707269055383099,0.010752688172043012,0.8404728107074284,1
MSME_00568,Nairobi,Digital Commerce,58,5,1268683.78,882548.07,90834.13,43858.86,32926.31,1096076.63,0.6956401494782651,0.482840284370155,0.01694915254237288,0.863947173702202,0
MSME_00569,Kakamega,Construction,55,3,83815.95,76342.4,1679641.91,413722.19,3302.3,50116.89,0.9108229302068376,0.246315563586072,0.017857142857142856,0.5979326377301966,0
MSME_00570,Eldoret,Transport,90,5,112747.35,124214.88,1300833.0,964561.11,153209.24,80423.96,1.1017002022646007,0.7414943874468226,0.01098901098901099,0.7133049840640684,1
MSME_00571,Meru,Agriculture,101,25,309376.68,350399.37,8153184.63,3275046.09,41629.61,262047.84,1.1325942130020499,0.40168913583291,0.00980392156862745,0.8470159838292148,1
MSME_00572,Thika,Food Services,90,5,65695.71,63125.68,173750.65,115749.79,2305.32,52823.84,0.9608651635675515,0.6661795154175514,0.01098901098901099,0.804056093524318,1
MSME_00573,Machakos,Manufacturing,117,3,316446.14,361069.3,449413.75,345951.4,199726.34,242464.06,1.1410098381676004,0.7697820331887194,0.00847457627118644,0.7662071460023308,1
MSME_00574,Kakamega,Manufacturing,62,10,130500.29,119264.79,2959065.41,2575536.58,0.0,84261.03,0.9138974028532592,0.8703882316720293,0.015873015873015872,0.6456720082996881,1
MSME_00575,Machakos,Manufacturing,23,3,23301.2,19653.0,1122050.3,189235.61,9949.79,18038.59,0.8433967608208667,0.16865147787806134,0.041666666666666664,0.7741153195835586,0
MSME_00576,Nairobi,Manufacturing,9,2,36299.76,32792.23,5167217.46,551389.57,6623.58,28149.19,0.9033483045534033,0.10670916553429405,0.1,0.7754435444326785,1
MSME_00577,Machakos,Agriculture,12,15,95048.82,63078.37,4288823.0,2310560.44,0.0,66020.43,0.663634818035426,0.5387398596911415,0.07692307692307693,0.6945876383563903,0
MSME_00578,Thika,Manufacturing,117,1,452683.53,371627.72,39501.99,12300.63,0.0,421962.11,0.820941948248154,0.3113847837847211,0.00847457627118644,0.9321328254800312,0
MSME_00579,Nakuru,Transport,1,5,54582.33,46510.85,993356.74,472124.01,64756.4,43333.16,0.8521072276096017,0.4752809496405595,0.5,0.7938900026803055,1
MSME_00580,Kisumu,Transport,58,15,78112.03,83325.64,999670.22,158074.8,0.0,68958.37,1.0667316323537828,0.15812678892566298,0.01694915254237288,0.8828023954518215,0
MSME_00581,Eldoret,Retail,1,5,164575.42,167415.45,709708.99,355756.7,0.0,91838.22,1.0172505271411298,0.5012705260073907,0.5,0.558027814677218,1
MSME_00582,Eldoret,Agriculture,111,3,25115.36,23376.99,433064.68,86562.93,0.0,21110.74,0.9307475287024075,0.19988406839350556,0.008928571428571428,0.840517495369552,0
MSME_00583,Nyeri,Retail,34,5,179611.83,142073.4,4754034.68,3664743.7,0.0,138452.2,0.7909980595484187,0.7708700453001228,0.02857142857142857,0.770836916271516,1
MSME_00584,Meru,Manufacturing,96,2,28460.14,20003.75,706134.77,499653.51,16947.24,18178.2,0.7028442992796494,0.7075884429420705,0.010309278350515464,0.6387024553478884,0
MSME_00585,Nairobi,Digital Commerce,118,10,234963.21,185919.52,16910.11,2693.08,93024.28,131899.64,0.791267401958792,0.15924915632386047,0.008403361344537815,0.5613605578483635,0
MSME_00586,Meru,Agriculture,48,1,59350.86,57801.34,428876.93,329840.79,118061.75,39815.0,0.9738757976582367,0.7690784881376386,0.02040816326530612,0.6708298611029208,1
MSME_00587,Kisumu,Digital Commerce,89,1,51945.53,38682.32,8757402.15,3152373.98,219919.21,36290.17,0.7446564765731224,0.35996675338624784,0.011111111111111112,0.6986062399163139,0
MSME_00588,Thika,Agriculture,104,1,175044.7,146125.16,190908.36,72981.94,4091.46,98610.24,0.8347829166897558,0.3822858135399962,0.009523809523809525,0.5633399735040621,0
MSME_00589,Thika,Food Services,109,2,294781.74,239576.09,3144116.11,766670.26,19958.47,236284.4,0.8127208872541181,0.2438427810343235,0.00909090909090909,0.8015543922279846,0
MSME_00590,Nakuru,Services,117,2,194125.45,198216.55,2548371.97,1957769.68,0.0,123890.73,1.0210692566623454,0.7682429938817,0.00847457627118644,0.6381960315042077,1
MSME_00591,Mombasa,Food Services,1,10,164003.57,178121.47,536562.56,227376.22,35537.32,141488.79,1.0860762599481222,0.4237638128090547,0.5,0.8627124841704106,1
MSME_00592,Eldoret,Services,16,2,166342.17,163789.49,915219.73,127278.41,7893.2,131702.57,0.9846481223124459,0.13906853923643098,0.058823529411764705,0.7917521951757923,0
MSME_00593,Kisumu,Digital Commerce,61,2,195305.81,153877.78,670919.81,585712.79,71728.89,124942.22,0.7878771866685038,0.8729983945497234,0.016129032258064516,0.6397228033164845,1
MSME_00594,Nakuru,Retail,103,1,208571.29,174834.34,387398.42,118044.08,350528.21,138076.03,0.8382433735564777,0.3047089745255685,0.009615384615384616,0.6620056288397658,0
MSME_00595,Thika,Retail,64,2,89834.01,60983.15,327013.11,277615.11,0.0,83003.61,0.678835010982912,0.8489392399612359,0.015384615384615385,0.9239561502803862,1
MSME_00596,Nyeri,Transport,63,3,256402.29,177546.69,4012000.05,1368054.67,0.0,237596.15,0.6924509041986162,0.34099060617145155,0.015625,0.9266501611582284,0
MSME_00597,Mombasa,Digital Commerce,69,1,59982.6,41409.64,592322.06,453210.06,163725.65,41284.04,0.6903493621589901,0.7651399896536191,0.014285714285714285,0.688255456491441,0
MSME_00598,Kisumu,Transport,22,1,396881.59,266633.98,288831.15,182360.94,0.0,319738.34,0.6718208022176029,0.631373411858756,0.043478260869565216,0.8056245047181334,1
MSME_00599,Nyeri,Construction,93,1,291397.52,203619.75,1409881.14,1112433.93,0.0,274201.42,0.6987672758255601,0.7890261876783544,0.010638297872340425,0.9409842575727563,0
MSME_00600,Eldoret,Digital Commerce,119,1,1179853.7,839440.55,1216820.1,1071890.0,0.0,1117702.64,0.7114779048640482,0.8808936662916184,0.008333333333333333,0.9473222762090958,0
MSME_00601,Nakuru,Construction,67,2,222759.6,147358.88,121733.18,97044.1,0.0,118610.67,0.6615123141165897,0.7971803810564955,0.014705882352941176,0.5324580289333033,0
MSME_00602,Nakuru,Digital Commerce,76,1,330743.92,314915.64,336706.66,142404.06,7973.24,247751.87,0.9521405196487978,0.4229308593692226,0.012987012987012988,0.7490723364700507,0
MSME_00603,Meru,Construction,26,5,27986.06,32036.23,94981.93,71388.68,125939.12,23143.85,1.14468007714994,0.7515948391990013,0.037037037037037035,0.8269482396507528,1
MSME_00604,Meru,Transport,16,10,341702.84,370253.04,15559077.34,10414011.73,28141.53,199585.13,1.0835495439559588,0.6693206051432479,0.058823529411764705,0.5840880512200273,1
MSME_00605,Kakamega,Agriculture,51,2,432118.88,270109.52,471990.78,70460.17,0.0,375881.75,0.625080058802201,0.14928262098123826,0.019230769230769232,0.8698552586842336,0
MSME_00606,Nyeri,Manufacturing,101,50,600021.82,499627.58,323790.05,273216.66,0.0,426498.18,0.8326809637006807,0.8438054726960489,0.00980392156862745,0.7108032657824581,1
MSME_00607,Nairobi,Services,86,2,150311.69,161227.45,400231.86,189217.17,16586.59,108823.89,1.0726136961556607,0.4727677032815347,0.011494252873563218,0.7239833842372191,1
MSME_00608,Nairobi,Retail,57,2,94665.66,63811.39,295071.37,61245.15,0.0,59018.87,0.674064026342537,0.20755975898387233,0.017241379310344827,0.6234388115097754,0
MSME_00609,Kisumu,Transport,29,50,44823.38,47790.9,585582.3,257833.34,8655.75,28465.82,1.066180948849711,0.4403017299161366,0.03333333333333333,0.6350521747316974,1
MSME_00610,Kisumu,Digital Commerce,78,1,49117.17,45481.78,3211034.08,1870469.08,0.0,26419.04,0.925966500787794,0.5825128139054775,0.012658227848101266,0.5378669441471455,1
MSME_00611,Nyeri,Agriculture,92,25,129883.52,144458.3,819794.08,457737.68,43324.39,119386.62,1.1122056731625907,0.5583562175074288,0.010752688172043012,0.9191751257193698,1
MSME_00612,Mombasa,Food Services,69,1,23122.51,25014.43,137981.82,77247.04,117821.83,15534.63,1.0817747824616593,0.5598308543049054,0.014285714285714285,0.6718110702051722,1
MSME_00613,Machakos,Manufacturing,47,2,61807.59,60099.78,183948.03,56043.71,85628.29,35415.97,0.9723531955671534,0.3046697772747157,0.020833333333333332,0.5729943038661779,0
MSME_00614,Nairobi,Food Services,113,1,145731.63,140165.04,899438.17,545205.2,16844.63,82201.33,0.9617958586213671,0.606161281590616,0.008771929824561403,0.5640557643130437,1
MSME_00615,Machakos,Construction,94,5,142515.13,102217.6,268580.58,221829.26,24912.48,97385.25,0.717235305224749,0.8259287922872447,0.010526315789473684,0.6833279152331739,1
MSME_00616,Meru,Digital Commerce,110,3,50544.34,33572.26,580135.84,238397.28,14845.9,39651.71,0.6642008936926729,0.4109328412930991,0.009009009009009009,0.7844780547524263,0
MSME_00617,Eldoret,Food Services,62,5,38798.49,32143.24,17449855.14,10547813.18,5346.49,32978.79,0.8284449099717549,0.6044641913019232,0.015873015873015872,0.8499799868503427,0
MSME_00618,Nakuru,Digital Commerce,116,2,45048.17,31651.7,218197.16,64409.53,57548.73,41267.38,0.7026033997962671,0.29518823623443935,0.008547008547008548,0.9160519494587802,0
MSME_00619,Thika,Manufacturing,69,2,106846.43,70126.43,128613.04,17828.96,44310.17,83988.34,0.6563230393094153,0.13862374589897028,0.014285714285714285,0.7860585884003013,0
MSME_00620,Thika,Agriculture,76,1,1121073.36,859055.76,300042.76,170599.84,17502.28,772753.39,0.766279018280286,0.5685831959978104,0.012987012987012988,0.6892971756128647,1
MSME_00621,Machakos,Digital Commerce,16,2,384746.17,412936.32,84203.66,11623.46,0.0,265427.11,1.0732666857562592,0.13803820358635732,0.058823529411764705,0.6898741061565183,1
MSME_00622,Machakos,Food Services,90,15,165081.47,100605.85,3413759.84,2317491.21,0.0,125209.28,0.6094278211369142,0.6788674774299654,0.01098901098901099,0.7584650266015526,0
MSME_00623,Nairobi,Agriculture,90,2,231860.4,176434.34,181469.32,115465.69,0.0,172067.87,0.7609474453272516,0.6362786487619573,0.01098901098901099,0.7421152033068031,1
MSME_00624,Meru,Services,48,10,368009.81,306636.34,226668.1,89638.17,0.0,290126.63,0.8332264478861369,0.3954582693450497,0.02040816326530612,0.7883644233168042,1
MSME_00625,Kakamega,Food Services,85,10,261873.97,230662.09,147249.5,63174.76,7679.55,190260.52,0.8808099911190443,0.4290291713780259,0.011627906976744186,0.7265319018461367,0
MSME_00626,Nairobi,Transport,39,2,97908.63,68523.08,95799.63,79916.89,0.0,51553.39,0.6998604733773378,0.8342000464923873,0.025,0.526540545603124,1
MSME_00627,Kisumu,Digital Commerce,100,3,57205.87,64661.0,682951.2,75470.82,56303.53,41493.01,1.1303013082170026,0.11050673824610274,0.009900990099009901,0.7253151588262039,1
MSME_00628,Nyeri,Construction,33,1,117562.55,107967.12,296143.22,163069.1,11660.83,59973.36,0.9183724036914502,0.5506408330373628,0.029411764705882353,0.5101356670498637,1
MSME_00629,Eldoret,Manufacturing,94,1,363757.12,322711.06,83647.71,70154.41,22409.61,211442.4,0.8871583677637217,0.8386789228429224,0.010526315789473684,0.581271972705379,1
MSME_00630,Thika,Retail,101,1,101682.33,61502.8,466653.04,387877.25,13420.75,68568.71,0.6048464384476787,0.8311880252874271,0.00980392156862745,0.6743358031252518,1
MSME_00631,Machakos,Manufacturing,23,3,44148.95,38283.47,1131203.89,642212.29,0.0,33027.33,0.867123745327005,0.5677241105278462,0.041666666666666664,0.7480717418706024,1
MSME_00632,Nakuru,Food Services,10,2,23778.85,25222.67,429173.62,173808.45,2985.08,13867.07,1.0606740580785834,0.4049830579450388,0.09090909090909091,0.583143712008276,1
MSME_00633,Nakuru,Food Services,118,2,118062.48,85099.97,1497245.64,268190.86,0.0,73710.57,0.7207984213238505,0.1791226995172953,0.008403361344537815,0.6243299790926035,0
MSME_00634,Machakos,Construction,69,2,47779.78,37897.21,5599810.58,1338507.96,4621.32,31935.76,0.7931475794241952,0.23902732098711077,0.014285714285714285,0.6683808845313952,0
MSME_00635,Kisumu,Digital Commerce,100,2,86118.89,52645.71,1938439.36,1247848.4,0.0,50702.22,0.6113072136994137,0.6437383505572489,0.009900990099009901,0.5887399531049099,0
MSME_00636,Thika,Transport,34,3,571621.61,650111.05,945077.33,107084.13,0.0,542722.48,1.137308144616603,0.11330714777895713,0.02857142857142857,0.949441940373912,1
MSME_00637,Nakuru,Transport,52,5,126266.53,80388.66,1933095.09,1559598.81,8496.42,108857.02,0.636653461107539,0.8067880422850578,0.018867924528301886,0.8621141159568102,0
MSME_00638,Thika,Manufacturing,95,1,62914.96,68830.33,10559489.24,6022579.09,83844.36,54416.5,1.0940042876243166,0.5703475218137045,0.010416666666666666,0.864907727705339,1
MSME_00639,Nakuru,Retail,10,1,181452.88,140107.62,129379.14,17610.74,0.0,137176.33,0.7721390140569052,0.13611625400930932,0.09090909090909091,0.7559845510054676,0
MSME_00640,Mombasa,Construction,19,5,909776.88,839866.0,1558544.12,454804.89,21237.13,848454.35,0.9231550013064728,0.2918137461429413,0.05,0.9325950527616697,1
MSME_00641,Kakamega,Manufacturing,58,2,118101.98,114986.87,220500.99,126867.61,65271.17,97964.45,0.9736153143637866,0.5753581180831974,0.01694915254237288,0.8294833034695653,0
MSME_00642,Kisumu,Retail,96,3,12638.13,8561.78,974870.73,125252.38,0.0,8200.82,0.6774026376815494,0.12848088230027965,0.010309278350515464,0.6488437099705439,0
MSME_00643,Machakos,Agriculture,1,2,255269.87,215465.04,149267.97,108068.51,11498.2,197767.01,0.8440643462373909,0.723985098845393,0.5,0.7747339522131923,1
MSME_00644,Nairobi,Food Services,69,2,188420.24,146780.56,1806816.98,1510386.35,102127.0,140309.96,0.7790021974168093,0.8359371927436764,0.014285714285714285,0.7446610583817408,0
MSME_00645,Kakamega,Agriculture,109,1,145819.14,92031.03,1020608.55,886884.66,14277.62,110987.32,0.6311270171596324,0.8689754666708733,0.00909090909090909,0.7611247664417274,0
MSME_00646,Thika,Manufacturing,4,1,107025.54,113260.47,4410077.6,3029403.13,36464.67,92895.71,1.0582465807079253,0.6869272420677491,0.2,0.8679689168686572,1
MSME_00647,Meru,Retail,16,3,59440.31,37140.82,526745.29,413737.55,17204.22,43349.99,0.6248317878593187,0.7854588781251786,0.058823529411764705,0.7292906229691102,1
MSME_00648,Nairobi,Retail,24,2,606205.44,581527.95,507009.19,298408.36,17984.92,501870.35,0.9592902873153245,0.5885648176025811,0.04,0.827886866394887,1
MSME_00649,Nakuru,Services,80,5,21198.61,16381.07,513125.04,239544.69,0.0,12989.84,0.7727061960102096,0.4668340160635777,0.012345679012345678,0.6127395739827289,0
MSME_00650,Nyeri,Agriculture,119,10,97835.12,69039.42,13983329.17,9375931.32,17694.57,89952.34,0.7056639204416528,0.6705077550207055,0.008333333333333333,0.9194185133261622,1
MSME_00651,Thika,Transport,2,2,95574.36,92410.59,1559999.48,435777.32,31020.37,51502.34,0.9668871767786174,0.27934434994532825,0.3333333333333333,0.5388662935718996,0
MSME_00652,Thika,Transport,113,5,312838.32,286558.57,3662328.87,687885.93,0.0,296292.6,0.915992817015457,0.1878274088947646,0.008771929824561403,0.94710792748175,0
MSME_00653,Meru,Construction,92,2,458474.82,354580.27,1739708.6,1234289.82,0.0,359766.52,0.7733892487503485,0.7094803753454024,0.010752688172043012,0.7847011866405518,1
MSME_00654,Machakos,Agriculture,32,2,106219.84,93699.54,2101881.91,1821384.58,60735.72,75573.1,0.8821201188015458,0.8665490219909537,0.030303030303030304,0.7114714965537837,1
MSME_00655,Eldoret,Transport,91,5,161613.97,118855.83,124226.15,69813.04,0.0,103409.02,0.7354258705118715,0.5619789232868982,0.010869565217391304,0.6398480289294983,0
MSME_00656,Mombasa,Retail,84,2,175955.57,189158.05,372573.96,181083.57,10713.42,120056.92,1.0750269228366975,0.4860325825439262,0.011764705882352941,0.6823099586449087,1
MSME_00657,Kisumu,Manufacturing,24,3,382057.44,295177.7,346076.57,182563.48,0.0,325547.51,0.7725982967422471,0.5275218500869617,0.04,0.852088256445794,0
MSME_00658,Kakamega,Transport,12,1,374269.14,275025.75,783009.21,378014.41,132161.95,210618.02,0.7348321990100519,0.48277072913263797,0.07692307692307693,0.5627433168993925,0
MSME_00659,Kisumu,Construction,50,3,77775.87,78826.51,644222.31,292322.46,0.0,47731.7,1.0134955289406735,0.4537595201266468,0.0196078431372549,0.6137004484752343,0
MSME_00660,Nakuru,Retail,35,10,206468.14,125878.64,105957.09,90871.83,0.0,114729.66,0.6096729031757482,0.8576204988217512,0.027777777777777776,0.5556746155866199,1
MSME_00661,Mombasa,Construction,33,10,195487.51,146108.63,767987.36,371560.39,42434.75,135276.29,0.7474026478589457,0.48380992388999233,0.029411764705882353,0.6919910024379438,1
MSME_00662,Machakos,Digital Commerce,33,5,118668.6,95702.35,65186.25,10748.04,23890.26,80012.33,0.8064605425483865,0.1648794818005055,0.029411764705882353,0.6742445411461739,0
MSME_00663,Machakos,Manufacturing,61,5,193644.97,210149.5,1851978.52,1319374.21,0.0,153357.75,1.085225269598949,0.7124129590806706,0.016129032258064516,0.7919490914269994,1
MSME_00664,Machakos,Services,51,3,135969.76,152659.1,826325.74,341478.52,0.0,128909.14,1.1227347703285617,0.4132487834049761,0.019230769230769232,0.9480651575382825,1
MSME_00665,Kakamega,Retail,43,3,156043.58,155117.13,3250858.13,2173376.93,0.0,140682.91,0.9940565061599705,0.6685546322027187,0.022727272727272728,0.9015558887082141,1
MSME_00666,Eldoret,Services,101,1,34337.51,29904.28,941677.18,530781.51,0.0,30772.25,0.87086714012926,0.5636548889770389,0.00980392156862745,0.896144008578124,1
MSME_00667,Kakamega,Digital Commerce,12,2,53211.97,50675.99,418791.26,280817.99,10112.07,42067.72,0.9523240292733143,0.670542454628937,0.07692307692307693,0.790553881882556,1
MSME_00668,Thika,Digital Commerce,67,2,301871.14,249858.92,110031.12,16460.12,20878.5,187695.55,0.8276978458495706,0.14959377316369074,0.014705882352941176,0.6217716878410839,0
MSME_00669,Thika,Digital Commerce,65,25,39712.14,30354.14,454327.78,57744.45,0.0,26719.86,0.7643349279356908,0.1270983757621518,0.015151515151515152,0.6728216403940862,0
MSME_00670,Nyeri,Food Services,33,2,213226.28,239427.19,283437.4,114178.02,0.0,130612.82,1.1228731614453835,0.40283186752394873,0.029411764705882353,0.612552108717046,1
MSME_00671,Nairobi,Digital Commerce,40,2,122832.14,81494.78,1139227.45,745661.86,5624.54,68882.77,0.6634592260687955,0.6545323372147176,0.024390243902439025,0.5607832707036554,0
MSME_00672,Kakamega,Manufacturing,74,2,373493.07,295252.42,440064.77,122754.32,0.0,260031.13,0.7905143447123537,0.2789453949122196,0.013333333333333334,0.696212204922022,0
MSME_00673,Kisumu,Food Services,43,3,254944.34,279036.31,1507401.5,673387.26,7543.54,230441.84,1.0944946473624504,0.44672027544070014,0.022727272727272728,0.9038872410846969,1
MSME_00674,Kisumu,Digital Commerce,44,5,84687.29,84494.86,3702812.61,3275686.55,16293.97,70690.89,0.9977159770258676,0.8846479717892146,0.022222222222222223,0.8347185897837824,1
MSME_00675,Nyeri,Transport,29,1,106590.71,65660.5,133666.23,36343.8,0.0,100533.91,0.616000062293775,0.27189760721457307,0.03333333333333333,0.9431681882202659,0
MSME_00676,Thika,Construction,13,2,18296.45,11210.32,727137.57,565971.0,0.0,10752.23,0.612671164561182,0.778353704989133,0.07142857142857142,0.5876354355388319,1
MSME_00677,Meru,Transport,12,10,116961.71,103403.73,688801.0,523742.73,0.0,84825.87,0.8840743344609576,0.7603676092694271,0.07692307692307693,0.7252385824507657,0
MSME_00678,Meru,Retail,95,2,37415.91,32414.87,1063493.75,864707.36,22816.53,32060.6,0.8663160587018007,0.813080986060345,0.010416666666666666,0.8568478797420738,1
MSME_00679,Meru,Agriculture,46,1,107075.95,90334.13,1662749.62,1383596.23,12376.36,75724.92,0.8436374962118365,0.8321128937543262,0.02127659574468085,0.7072009428733261,1
MSME_00680,Nakuru,Retail,2,3,70409.38,53953.94,4902748.16,2480085.33,31172.83,46454.31,0.7662782106842769,0.505856051179253,0.3333333333333333,0.6597650800918841,1
MSME_00681,Kisumu,Digital Commerce,115,10,55457.42,63368.49,192650.07,124364.68,17517.76,48089.85,1.1426306411181566,0.6455436764509016,0.008620689655172414,0.8671334307757055,1
MSME_00682,Nakuru,Services,114,1,437015.75,327583.96,110579.82,65807.46,59445.1,303131.0,0.7495913142917291,0.5951073612946621,0.008695652173913044,0.693637028786654,0
MSME_00683,Kisumu,Construction,35,5,37189.77,32337.33,914574.18,317502.5,5970.46,33873.76,0.8694988030632332,0.3471584479255166,0.027777777777777776,0.9108109350787844,0
MSME_00684,Nyeri,Construction,87,10,50865.23,41846.38,1250948.82,405094.84,0.0,31576.15,0.8226750832526805,0.3238298079774295,0.011363636363636364,0.620768435168087,0
MSME_00685,Kisumu,Construction,81,2,66289.64,45980.96,1731309.59,646221.65,0.0,59886.34,0.693626732220416,0.3732557599615907,0.012195121951219513,0.9033905842514116,0
MSME_00686,Nairobi,Food Services,90,50,82362.21,58595.8,292635.01,80406.21,0.0,51501.7,0.7114317181178343,0.2747652621425504,0.01098901098901099,0.6252998152937458,0
MSME_00687,Machakos,Construction,8,5,55449.14,61274.99,109818.17,77521.4,21389.78,34949.81,1.1050466238678567,0.7059004361442542,0.1111111111111111,0.630292547503036,1
MSME_00688,Thika,Manufacturing,93,5,93046.21,99750.55,3149524.72,2745309.35,0.0,64133.3,1.0720423535536423,0.8716580190365932,0.010638297872340425,0.6892554865427991,1
MSME_00689,Eldoret,Services,26,5,180259.78,127889.69,1349127.74,1071500.72,137485.12,131970.95,0.7094704128097082,0.7942168069149576,0.037037037037037035,0.732111277894171,0
MSME_00690,Machakos,Agriculture,74,1,260369.94,281619.89,463037.21,127035.33,32277.93,179186.93,1.0816102979848674,0.2743517214270503,0.013333333333333334,0.6881986522766327,1
MSME_00691,Machakos,Retail,90,1,248030.74,177354.97,55527.45,7858.93,0.0,220243.13,0.7150494932624349,0.141529792385705,0.01098901098901099,0.8879634920917783,0
MSME_00692,Kisumu,Food Services,34,2,19767.56,18672.45,326796.12,230611.89,38442.05,16960.69,0.9445528657626049,0.7056729569709794,0.02857142857142857,0.8579628460545431,1
MSME_00693,Kisumu,Food Services,115,1,194891.04,125647.09,1680272.67,692559.74,0.0,124620.85,0.6447009841961734,0.4121707983438198,0.008620689655172414,0.6394352996664204,0
MSME_00694,Kakamega,Transport,105,2,207295.07,224750.0,1229055.85,933701.55,15662.76,151363.53,1.0841980747633082,0.7596894724601225,0.009433962264150943,0.7301804129716496,1
MSME_00695,Nyeri,Retail,7,15,68706.62,43170.1,139529.84,100934.3,6731.02,47679.88,0.6283160441301853,0.7233834469856271,0.125,0.6939533053247952,1
MSME_00696,Kisumu,Retail,68,10,706221.5,639284.83,1533314.38,920491.86,43682.07,370929.88,0.9052173075765781,0.600327807316457,0.014492753623188406,0.5252309010262347,1
MSME_00697,Meru,Construction,58,3,395405.16,406809.17,656167.58,199653.07,0.0,330822.11,1.0288387262353222,0.3042709999921057,0.01694915254237288,0.8366640266808185,0
MSME_00698,Machakos,Digital Commerce,117,10,110965.61,73709.92,3336681.36,611375.5,0.0,64554.24,0.6642531478613252,0.18322855880114403,0.00847457627118644,0.5817447248320914,0
MSME_00699,Machakos,Construction,114,5,73425.88,60390.15,315678.36,95372.32,25168.19,67578.52,0.8224528946347713,0.30211769309213,0.008695652173913044,0.9203512392192069,0
MSME_00700,Meru,Food Services,109,2,694845.27,432939.04,347884.23,176658.31,0.0,471800.13,0.623071690375484,0.5078062957717406,0.00909090909090909,0.6789992986506209,0
MSME_00701,Machakos,Retail,75,1,130742.66,127541.28,837448.58,739944.76,51474.95,101981.38,0.9755064222616989,0.8835693248541602,0.013157894736842105,0.7800101358643318,1
MSME_00702,Nakuru,Construction,29,2,145079.49,111580.24,441888.02,66702.9,0.0,125963.05,0.7690919709466105,0.15094943974846894,0.03333333333333333,0.8682287328916521,0
MSME_00703,Nyeri,Digital Commerce,36,5,143265.75,130037.65,255717.83,66501.37,170628.69,83256.53,0.9076610588290723,0.26005660201088826,0.02702702702702703,0.5811294665370715,0
MSME_00704,Thika,Transport,89,2,1333215.79,1483872.84,6647334.71,4000522.68,82198.97,991261.08,1.1130019147148604,0.601823475528965,0.011111111111111112,0.7435107984201128,1
MSME_00705,Nairobi,Agriculture,21,3,107310.82,82438.53,4013418.95,1378575.36,0.0,65120.38,0.768214815478854,0.3434914305441672,0.045454545454545456,0.606833245396453,1
MSME_00706,Eldoret,Food Services,36,1,130138.95,81563.95,230522.86,181376.18,0.0,94917.08,0.6267402899724489,0.7868000301573989,0.02702702702702703,0.7293462153627691,1
MSME_00707,Mombasa,Transport,10,5,58042.88,56394.19,950161.12,200990.99,101171.34,44155.9,0.9715785712464433,0.21153336443258755,0.09090909090909091,0.7607330867612573,0
MSME_00708,Meru,Transport,101,10,90264.59,93221.89,116034.92,101011.42,0.0,52002.65,1.0327511291955218,0.8705185428787914,0.00980392156862745,0.5761071300813522,1
MSME_00709,Kisumu,Manufacturing,73,5,47505.83,53530.89,5617953.3,4662338.96,9009.53,36169.44,1.1268040826971617,0.8298997661835733,0.013513513513513514,0.7613524202730428,1
MSME_00710,Nyeri,Agriculture,24,25,59234.93,40681.99,1816042.1,1471036.31,0.0,41743.36,0.6867789532467878,0.8100227962651327,0.04,0.7046966258485349,1
MSME_00711,Mombasa,Transport,64,10,21808.35,17788.57,2432401.31,580018.82,0.0,16026.95,0.8156396224555065,0.23845513450445618,0.015384615384615385,0.7348660093033493,1
MSME_00712,Nyeri,Manufacturing,99,15,321748.21,342429.3,539365.36,196111.57,0.0,291901.29,1.0642739418070366,0.3635962205725993,0.01,0.9072323440980631,1
MSME_00713,Nakuru,Services,49,25,155865.13,162688.79,2986571.28,2219851.16,0.0,111866.18,1.0437725630321353,0.7432772261584107,0.02,0.7177067910777023,1
MSME_00714,Thika,Manufacturing,99,10,169246.12,159707.01,2996097.97,2235827.48,58655.0,120886.89,0.9436320688942891,0.7462462029416872,0.01,0.7142626119723633,1
MSME_00715,Meru,Retail,112,3,126444.87,94600.07,598643.51,397583.3,23469.04,89988.21,0.7481467761659595,0.664139223460013,0.008849557522123894,0.7116737778782337,1
MSME_00716,Machakos,Construction,36,1,143166.85,108265.55,183724.99,84227.01,0.0,111727.03,0.7562141220951492,0.4584381883042241,0.02702702702702703,0.7803918966443932,1
MSME_00717,Meru,Transport,82,2,672756.73,449537.16,1229662.18,429485.85,79157.69,447640.75,0.6682006611800655,0.34927113130280113,0.012048192771084338,0.6653818009642193,0
MSME_00718,Eldoret,Services,113,3,61773.34,68384.29,626666.31,545429.27,82423.26,53162.88,1.1070015478918915,0.8703649628700115,0.008771929824561403,0.8605981059449603,1
MSME_00719,Eldoret,Food Services,103,2,176020.69,122354.15,6736562.78,1424175.5,0.0,110668.18,0.6951083698832797,0.21140978494528556,0.009615384615384616,0.628718994801152,0
MSME_00720,Nakuru,Retail,96,2,175078.75,160212.4,775108.65,104642.19,10681.7,111139.25,0.9150824124434721,0.13500307988682633,0.010309278350515464,0.6347921447226192,0
MSME_00721,Meru,Agriculture,24,25,417478.88,384662.23,828809.23,88934.89,193386.01,319345.3,0.921391062007587,0.10730428604868934,0.04,0.7649357856479215,0
MSME_00722,Kakamega,Construction,23,15,206623.76,165977.35,1921037.26,1383188.18,0.0,127476.57,0.8032790939478889,0.7200211514787841,0.041666666666666664,0.6169472138769816,1
MSME_00723,Machakos,Food Services,62,10,217274.94,172491.35,732289.22,106448.58,74980.07,117431.84,0.7938815038609429,0.1453639241556442,0.015873015873015872,0.5404732801984425,0
MSME_00724,Thika,Food Services,96,2,37863.03,36640.95,1678191.49,890976.84,109733.41,22434.36,0.9676981029224834,0.5309145674939828,0.010309278350515464,0.5924979459397217,1
MSME_00725,Kakamega,Manufacturing,37,1,59343.49,48279.71,381995.12,150442.65,0.0,54070.57,0.8135500027045477,0.39383292688941446,0.02631578947368421,0.9111304183421242,0
MSME_00726,Thika,Services,12,1,41486.01,30712.65,190561.01,41452.03,53500.38,20942.77,0.7402955768564666,0.21752515099940434,0.07692307692307693,0.5048030696837396,0
MSME_00727,Thika,Transport,113,2,11205.14,9182.86,243998.57,168963.25,0.0,6275.52,0.8194489806481091,0.6924735564083166,0.008771929824561403,0.5600072817223416,1
MSME_00728,Thika,Manufacturing,55,1,198233.19,206997.9,486722.82,70090.75,15943.05,166737.47,1.044208872344372,0.14400517730979345,0.017857142857142856,0.8411135838878248,1
MSME_00729,Nyeri,Manufacturing,13,1,102577.22,116072.6,840998.28,298314.76,19468.07,96518.74,1.131552097511538,0.3547146437509435,0.07142857142857142,0.940928200937782,0
MSME_00730,Thika,Services,23,15,198604.7,188629.31,1327548.75,729823.88,0.0,160806.93,0.9497678566123731,0.5497525648285497,0.041666666666666664,0.8096793294452274,1
MSME_00731,Machakos,Transport,89,5,138066.3,142229.78,1260195.31,531717.46,47001.72,126337.64,1.0301481958436212,0.42193224641325916,0.011111111111111112,0.9150438952597756,0
MSME_00732,Nyeri,Transport,99,2,169470.87,151346.58,738287.71,226889.52,15975.75,149957.33,0.8930483861421957,0.3073181492914879,0.01,0.8848508604997395,0
MSME_00733,Mombasa,Digital Commerce,105,1,507938.38,479317.44,201972.69,169818.8,28595.89,363677.06,0.9436508742440879,0.8407966403941027,0.009433962264150943,0.7159851634263915,0
MSME_00734,Kakamega,Transport,30,2,134228.0,153482.69,1687217.51,1425321.38,0.0,87259.67,1.1434391226933078,0.8447758079657388,0.03225806451612903,0.6500806085123185,1
MSME_00735,Nakuru,Manufacturing,17,1,260143.64,218814.72,120377.41,52108.45,75911.27,204084.52,0.8411271514185339,0.43287205737307877,0.05555555555555555,0.784504035908639,1
MSME_00736,Nyeri,Construction,113,25,98494.53,62685.87,179673.44,74563.68,126914.94,72895.71,0.6364336533850826,0.4149932511268714,0.008771929824561403,0.7400915554238858,0
MSME_00737,Mombasa,Digital Commerce,62,2,304001.56,342413.31,770068.55,266372.9,9520.86,155534.25,1.1263500873150543,0.345907587178327,0.015873015873015872,0.5116215139767244,1
MSME_00738,Nakuru,Transport,84,2,38575.1,39970.9,1896921.5,1488334.01,28246.61,35905.08,1.0361571024546288,0.7846045423574237,0.011764705882352941,0.9307597191006868,1
MSME_00739,Mombasa,Transport,112,2,21214.58,17376.24,1548464.39,858363.72,0.0,16051.19,0.8190320509738598,0.5543318730552964,0.008849557522123894,0.7565755920884557,1
MSME_00740,Mombasa,Services,89,1,1095433.21,1249141.42,646674.74,110980.88,0.0,978792.91,1.140316240443139,0.17161750957288116,0.011111111111111112,0.8935204880994178,1
MSME_00741,Nyeri,Food Services,86,3,835933.34,660424.67,1243823.47,973486.6,30781.08,694312.5,0.7900437132418798,0.7826559321509409,0.011494252873563218,0.8305825790097342,0
MSME_00742,Mombasa,Manufacturing,13,5,19043.58,15323.72,203100.3,107218.48,18239.36,12442.6,0.8046236777077782,0.5279064191120392,0.07142857142857142,0.6533407405151491,1
MSME_00743,Nakuru,Transport,59,3,128526.02,120217.1,371700.4,160750.55,3269.99,116383.02,0.9353449570370495,0.4324722747883112,0.016666666666666666,0.9055140312130476,0
MSME_00744,Nyeri,Manufacturing,19,1,154804.2,116241.09,378524.18,140164.46,0.0,132464.42,0.7508862105407311,0.37029098037810854,0.05,0.8556845635676321,0
MSME_00745,Thika,Agriculture,49,3,274572.76,270238.44,226420.1,40651.75,209219.59,190390.46,0.9842107272013174,0.17954046685578331,0.02,0.693403695968617,1
MSME_00746,Nakuru,Services,100,3,758584.06,518922.83,473946.66,410135.3,3093.09,666200.06,0.6840667676740166,0.8653599007113992,0.009900990099009901,0.8782140528841947,1
MSME_00747,Meru,Retail,12,10,46100.99,30399.63,567735.56,393437.8,46865.34,28683.97,0.6593995183288184,0.6929935954802698,0.07692307692307693,0.6221850727051046,0
MSME_00748,Eldoret,Food Services,61,2,48645.67,43498.13,418841.11,86039.2,113082.81,39004.47,0.8941645954389067,0.20542156088364658,0.016129032258064516,0.801791160628261,0
MSME_00749,Mombasa,Digital Commerce,105,2,133096.38,120521.64,536008.86,272836.58,0.0,73410.88,0.9055147441670152,0.5090141065688606,0.009433962264150943,0.5515576640201333,1
MSME_00750,Nyeri,Food Services,19,3,50839.15,33485.73,23534.18,12813.42,21520.38,45226.28,0.6586473486014499,0.5444368812985496,0.05,0.8895780205211825,0
MSME_00751,Kakamega,Digital Commerce,76,3,8829.58,9980.05,1158725.13,271502.05,11667.93,7313.05,1.1301692527557645,0.2343108030195194,0.012987012987012988,0.8281505858052359,1
MSME_00752,Mombasa,Manufacturing,9,2,106166.08,97174.63,448319.77,198057.46,0.0,60371.93,0.9152990738748773,0.44177623088932505,0.1,0.5686501879867093,1
MSME_00753,Machakos,Services,71,2,314124.26,214568.62,447811.71,276119.31,91566.78,160077.9,0.6830670669401117,0.6165955182469027,0.013888888888888888,0.5095989415177882,0
MSME_00754,Nyeri,Transport,28,2,130552.75,100694.47,137868.65,45111.79,78078.75,88180.62,0.7712874582308054,0.3272060964831636,0.034482758620689655,0.6754353666593261,0
MSME_00755,Meru,Digital Commerce,78,10,248710.6,258691.06,4691238.25,1713649.12,0.0,199931.65,1.0401246262739654,0.36528708698879514,0.012658227848101266,0.8038694214503866,1
MSME_00756,Thika,Manufacturing,95,2,215562.51,191371.51,4965410.15,981278.17,0.0,135247.44,0.8877732135647634,0.1976227426806338,0.010416666666666666,0.6274134244705887,0
MSME_00757,Nyeri,Construction,52,25,47715.63,33567.07,98491.99,42409.91,24563.3,44755.58,0.7034669045152602,0.43058810581341883,0.018867924528301886,0.9379451147325367,0
MSME_00758,Kakamega,Retail,83,2,142631.77,93647.3,549829.62,311800.59,0.0,131307.75,0.6565623033192163,0.5670848051350796,0.011904761904761904,0.9206001538075718,1
MSME_00759,Meru,Food Services,111,25,28993.86,24265.71,2220740.29,429092.4,0.0,22298.4,0.836896953460027,0.19322034580624203,0.008928571428571428,0.7690466517168906,0
MSME_00760,Nyeri,Food Services,16,10,79864.71,62739.97,474377.19,280749.46,12001.33,51274.71,0.785568299586894,0.5918262388918007,0.058823529411764705,0.6420115716745021,0
MSME_00761,Meru,Retail,117,2,140147.85,134647.68,352440.43,147402.77,0.0,126598.52,0.9607476622177062,0.41823337852192916,0.00847457627118644,0.9033147257362439,1
MSME_00762,Machakos,Manufacturing,69,10,133098.85,147591.43,326014.57,209479.29,182245.09,114672.9,1.1088775081264177,0.6425438208365325,0.014285714285714285,0.8615554412720975,1
MSME_00763,Eldoret,Food Services,99,1,36646.2,26980.83,1061555.48,373529.08,0.0,19743.85,0.7362316902792029,0.3518692476918421,0.01,0.5387546661136458,0
MSME_00764,Nyeri,Services,12,15,44846.67,48002.92,16826612.66,9335394.45,268415.13,32036.01,1.0703548255684185,0.5547993576504329,0.07692307692307693,0.7143294177824623,1
MSME_00765,Nyeri,Transport,25,3,178253.08,197193.2,1969876.14,1162704.18,0.0,167833.6,1.106247890651367,0.5902419782382976,0.038461538461538464,0.941541422221584,1
MSME_00766,Nairobi,Manufacturing,52,1,304794.61,334085.81,192862.16,125824.41,0.0,214653.87,1.0960978407792685,0.6524025117083013,0.018867924528301886,0.7042551236220234,1
MSME_00767,Nakuru,Transport,85,3,108340.3,121735.77,342950.14,241968.88,79453.21,99652.36,1.1236321698188965,0.7055491344918696,0.011627906976744186,0.9198002977627183,1
MSME_00768,Eldoret,Digital Commerce,100,50,103050.38,109559.02,528974.23,110598.66,0.0,96844.71,1.0631494697111286,0.20908098097523395,0.009900990099009901,0.9397711122354694,1
MSME_00769,Thika,Construction,53,1,338160.53,313277.77,260146.35,226898.14,10056.35,228025.59,0.9264145747152256,0.8721908564511612,0.018518518518518517,0.6743096708842072,1
MSME_00770,Nyeri,Construction,23,3,61570.24,50821.02,207976.19,161164.15,43221.69,57509.76,0.8254019246648272,0.7749126238314884,0.041666666666666664,0.9340360856789631,0
MSME_00771,Eldoret,Construction,16,5,749401.05,652299.87,1793923.72,986397.97,20746.07,421218.28,0.8704271225305561,0.5498547174264927,0.058823529411764705,0.5620724949978453,0
MSME_00772,Mombasa,Agriculture,57,10,34708.06,37482.51,398904.79,324025.21,0.0,19854.88,1.079905649994555,0.8122850510643128,0.017241379310344827,0.5720373873565001,1
MSME_00773,Eldoret,Retail,39,2,380216.59,291158.12,1139588.49,462611.82,6079.22,237424.17,0.7657670966774577,0.40594602184335693,0.025,0.6244428880841625,0
MSME_00774,Eldoret,Construction,109,1,228471.75,157095.79,6192902.66,789156.89,33833.17,162306.4,0.6875909271455787,0.12742922114179958,0.00909090909090909,0.710397191787642,0
MSME_00775,Nyeri,Food Services,53,1,1483805.34,1005204.77,388791.23,265009.86,0.0,862775.16,0.6774501111782553,0.6816233441702269,0.018518518518518517,0.5814607585515505,0
MSME_00776,Kisumu,Retail,42,3,43426.74,45808.57,1014139.64,866760.12,0.0,28361.13,1.0548227929889975,0.8546744759188429,0.023255813953488372,0.6530648382807855,1
MSME_00777,Nairobi,Retail,58,2,12912.84,13155.82,213555.65,49007.55,20932.08,7058.73,1.018738036091511,0.22948266888434524,0.01694915254237288,0.5466019402439553,0
MSME_00778,Thika,Transport,39,25,464838.99,406132.12,1200936.47,738695.01,39047.58,322367.54,0.8737030564001174,0.6150986445614025,0.025,0.6935021661970175,1
MSME_00779,Nyeri,Digital Commerce,14,1,30597.28,22984.04,3471347.08,2606080.66,0.0,26692.01,0.7511546400647358,0.7507402311553845,0.06666666666666667,0.8723369418150301,0
MSME_00780,Kakamega,Food Services,95,3,246662.55,239925.52,3262931.43,2688830.53,59258.47,189381.12,0.9726833170121811,0.8240533899134405,0.010416666666666666,0.7677709981876123,1
MSME_00781,Machakos,Agriculture,5,1,434586.85,269938.5,767402.88,246506.85,241147.55,375731.45,0.6211367851172094,0.32122179262372247,0.16666666666666666,0.8645696146360282,0
MSME_00782,Nyeri,Retail,35,1,194806.25,177765.63,391305.05,79429.86,0.0,109300.08,0.9125206069075972,0.20298653700856403,0.027777777777777776,0.561067824734449,0
MSME_00783,Nyeri,Transport,87,2,168077.57,137678.03,969140.35,289075.27,91278.89,114250.07,0.8191289942554841,0.29827978137554445,0.011363636363636364,0.6797420396901283,0
MSME_00784,Nyeri,Construction,93,2,198976.11,226399.55,775554.71,435999.26,0.0,103009.03,1.1378170584546132,0.5621765843230011,0.010638297872340425,0.517692864269664,1
MSME_00785,Nairobi,Transport,107,3,307866.61,270663.44,1268525.88,1059197.04,121550.2,205190.19,0.8791552966549486,0.8349819437803322,0.009259259259259259,0.6664883973991288,1
MSME_00786,Meru,Construction,75,15,239682.04,216611.99,340654.56,192820.24,15177.17,186118.85,0.9037435022519741,0.566026986320141,0.013157894736842105,0.7765207333818863,0
MSME_00787,Meru,Digital Commerce,18,3,39474.74,39151.03,451259.95,377116.6,5737.75,29842.55,0.9917744417204085,0.8356951781447075,0.05263157894736842,0.7559718956503412,1
MSME_00788,Nyeri,Food Services,111,25,826536.8,716190.97,561313.64,401917.19,25002.14,435704.92,0.8664951197634275,0.7160283401836802,0.008928571428571428,0.5271445782636922,0
MSME_00789,Meru,Manufacturing,76,15,140239.65,101465.17,1622951.71,939220.93,0.0,74036.26,0.7235075564752446,0.5787112121091933,0.012987012987012988,0.5279229667004538,0
MSME_00790,Nakuru,Manufacturing,9,3,223762.74,200380.16,1903139.33,223502.41,3030.22,142599.6,0.8954987970794553,0.11743874399424871,0.1,0.6372775142210262,0
MSME_00791,Nyeri,Digital Commerce,74,10,271302.31,303681.67,434575.54,159254.82,0.0,229828.22,1.1193437706307379,0.366459772540874,0.013333333333333334,0.8471264873252007,0
MSME_00792,Mombasa,Agriculture,58,3,423338.68,349445.36,183288.92,26754.25,13469.69,215589.26,0.8254491050779837,0.14596683767443402,0.01694915254237288,0.5092583336388405,0
MSME_00793,Thika,Digital Commerce,108,1,381591.84,371595.1,1127111.53,403273.61,31483.08,296560.69,0.9737999801044483,0.35779356476500174,0.009174311926605505,0.7771652371674479,1
MSME_00794,Mombasa,Services,17,5,152015.36,172981.14,1755558.96,263100.0,24983.53,88574.15,1.1379113405951835,0.1498667126128805,0.05555555555555555,0.5826619582260751,1
MSME_00795,Kakamega,Construction,102,1,142552.62,150600.75,620958.07,145461.1,28335.91,131852.95,1.0564498467313563,0.2342523155350642,0.009708737864077669,0.9249358241481347,1
MSME_00796,Kisumu,Transport,7,3,200508.31,192982.99,309795.93,132762.65,89500.53,139071.95,0.9624639873330569,0.42854733905852455,0.125,0.6935934795247164,1
MSME_00797,Nairobi,Manufacturing,46,5,400336.61,402257.45,411036.07,210412.57,0.0,208794.66,1.004795552433857,0.5119065538298042,0.02127659574468085,0.5215464517560566,1
MSME_00798,Nyeri,Digital Commerce,13,1,43799.53,48839.36,5215822.14,1427640.15,0.0,35965.43,1.1150403887806837,0.2737132973415966,0.07142857142857142,0.8211186029027503,1
MSME_00799,Mombasa,Retail,40,1,253747.62,286192.72,951767.78,652971.61,0.0,182209.63,1.1278592175200794,0.6860611775897923,0.024390243902439025,0.7180714125657117,1
MSME_00800,Kisumu,Agriculture,42,15,54922.45,62223.43,2460978.55,1408397.59,78928.54,49241.17,1.1329118982875257,0.5722914641854705,0.023255813953488372,0.8965418232103045,1
MSME_00801,Nairobi,Construction,9,3,848489.95,801061.82,278253.79,181813.37,69265.61,673125.15,0.9441017844680606,0.6534060743392773,0.1,0.793320364819448,1
MSME_00802,Kisumu,Retail,50,1,192396.6,156147.43,3116729.02,2138738.55,12550.02,156156.11,0.8115872027509698,0.6862123239022159,0.0196078431372549,0.811632317658848,1
MSME_00803,Nakuru,Manufacturing,27,3,87901.52,59178.31,2134244.89,1454565.3,75589.19,74300.25,0.6732265468612276,0.681535949918123,0.03571428571428571,0.8452573373323086,0
MSME_00804,Nyeri,Transport,66,3,204580.46,166129.85,645062.24,547649.53,7814.71,140988.56,0.8120474357744832,0.8489857986637094,0.014925373134328358,0.6891560945943,1
MSME_00805,Thika,Manufacturing,5,2,134484.15,150437.4,1514699.85,438924.07,0.0,115205.34,1.1186171856149174,0.289776076906539,0.16666666666666666,0.8566398594937805,1
MSME_00806,Nairobi,Agriculture,29,50,113528.94,123677.11,3445987.84,1089361.22,224279.35,59350.7,1.0893788017504458,0.316124419021624,0.03333333333333333,0.5227757541314652,0
MSME_00807,Nakuru,Services,37,3,21824.2,19380.17,192986.28,33842.24,0.0,18430.26,0.8879721606216666,0.17535995118434747,0.02631578947368421,0.8444486190275461,0
MSME_00808,Meru,Construction,38,2,47849.07,42841.86,388139.32,222818.78,33272.06,37625.57,0.8953353673254815,0.5740675949357696,0.02564102564102564,0.7863221516708335,1
MSME_00809,Kisumu,Agriculture,83,10,115791.55,89148.63,1367973.11,569279.83,30552.0,87422.54,0.7698995315329009,0.416148102393546,0.011904761904761904,0.7549927866689178,0
MSME_00810,Thika,Retail,8,15,24628.16,20933.43,747356.74,371405.74,9681.85,15840.04,0.8499449433110995,0.4969584445596295,0.1111111111111111,0.6431417068223196,1
MSME_00811,Mombasa,Retail,112,1,74074.28,73551.81,1194868.63,281818.33,253779.97,40840.9,0.9929332700463637,0.23585696960094302,0.008849557522123894,0.5513431741331252,0
MSME_00812,Eldoret,Agriculture,109,1,80831.76,66390.11,1665749.67,1031512.49,122145.73,63957.35,0.8213267739466029,0.6192478313696251,0.00909090909090909,0.7912305604806764,1
MSME_00813,Meru,Digital Commerce,65,1,61117.74,42989.68,1326887.81,789784.18,94623.8,43531.23,0.7033796835471412,0.5952150429243578,0.015151515151515152,0.7122403046921453,0
MSME_00814,Mombasa,Digital Commerce,86,3,288472.43,258896.15,538529.3,167928.27,0.0,172515.22,0.8974696560442326,0.31182696683919175,0.011494252873563218,0.5980281095558784,0
MSME_00815,Kisumu,Retail,116,3,55261.44,40005.71,584935.02,276284.32,0.0,28709.15,0.7239222517138222,0.47233254672878583,0.008547008547008548,0.5195056533877259,0
MSME_00816,Mombasa,Digital Commerce,17,3,145569.49,165346.29,4715689.23,3845365.16,14599.11,108077.24,1.1358503361498613,0.8154405765537317,0.05555555555555555,0.7424392127827557,1
MSME_00817,Mombasa,Food Services,71,25,93604.72,76258.54,808909.91,581443.82,202282.25,52122.23,0.8146782055626515,0.718798340845718,0.013888888888888888,0.5568274032826199,1
MSME_00818,Thika,Construction,89,5,118326.47,130196.48,3709402.4,1044401.17,4123.21,108651.95,1.1003064630723534,0.2815550258028016,0.011111111111111112,0.9182309906566919,1
MSME_00819,Thika,Agriculture,45,1,664241.29,480947.03,4032066.58,3238087.68,71677.08,377145.8,0.7240536130272585,0.803083682441652,0.021739130434782608,0.5677834815365339,1
MSME_00820,Eldoret,Construction,4,2,159482.0,112285.69,285746.8,43962.25,5479.64,82039.36,0.7040605581786147,0.1538498284151269,0.2,0.514408181436266,0
MSME_00821,Mombasa,Retail,36,2,193500.02,181753.72,1763148.86,760169.03,28472.91,119567.8,0.9392907592941888,0.43114260860389936,0.02702702702702703,0.6179181897852528,0
MSME_00822,Nairobi,Digital Commerce,70,2,61980.98,63757.26,199535.18,32742.64,0.0,35870.28,1.028641873008897,0.16409374981519642,0.014084507042253521,0.5787211057149191,1
MSME_00823,Kisumu,Construction,31,3,249234.54,227232.24,5078873.57,4263060.99,0.0,213359.02,0.9117168442349755,0.8393711896688955,0.03125,0.8560537554154596,1
MSME_00824,Kisumu,Manufacturing,19,15,238940.51,173563.43,914626.04,121244.61,13022.88,150581.31,0.7263845867551435,0.13256180355218888,0.05,0.6302015501617948,0
MSME_00825,Meru,Transport,61,2,216990.46,134716.77,862870.84,190687.76,0.0,132441.92,0.6208390413152665,0.22099198416302474,0.016129032258064516,0.61035544901168,0
MSME_00826,Nakuru,Digital Commerce,108,3,39768.21,37384.46,258293.23,214908.22,0.0,37686.89,0.9400352684903723,0.8320287294067699,0.009174311926605505,0.9476398952858254,1
MSME_00827,Meru,Food Services,54,5,74217.32,49879.27,352163.56,199228.12,52838.09,42120.39,0.6720614263432532,0.5657245010684777,0.01818181818181818,0.5675201217165788,0
MSME_00828,Nairobi,Food Services,39,2,558818.53,440766.45,956874.84,704403.78,15917.46,300783.71,0.788745608085673,0.7361496137262699,0.025,0.5382483858429215,0
MSME_00829,Kisumu,Transport,91,1,66987.11,65090.14,813572.66,92035.74,11368.71,42706.35,0.9716670615128565,0.11312527005852181,0.010869565217391304,0.637521345205888,0
MSME_00830,Nairobi,Transport,74,2,640489.51,418824.35,459484.22,200002.48,0.0,437000.0,0.6539118745100532,0.43527511069888175,0.013333333333333334,0.682289578342074,0
MSME_00831,Thika,Construction,90,1,77157.45,51694.59,2092786.22,1857499.51,35363.25,64981.3,0.6699796328205141,0.887572081981655,0.01098901098901099,0.8421799556626657,1
MSME_00832,Nairobi,Construction,19,25,154541.22,97966.22,727265.26,410072.34,49488.72,143715.57,0.63391233800058,0.5638544815759774,0.05,0.9299437396460334,0
MSME_00833,Mombasa,Manufacturing,39,1,110506.63,126844.32,216902.58,169128.97,158488.47,93229.44,1.1478331405713795,0.7797426395636256,0.025,0.8436470857261168,1
MSME_00834,Meru,Construction,67,2,57250.68,46538.63,1731428.9,1507810.67,0.0,47345.59,0.8128779801745555,0.8708470784754266,0.014705882352941176,0.8269729377373729,1
MSME_00835,Nairobi,Transport,45,2,58080.83,63783.63,181474.17,117601.14,16396.43,54953.27,1.0981683944875702,0.6480288184879507,0.021739130434782608,0.9461353059984507,1
MSME_00836,Nakuru,Food Services,13,50,65890.99,50174.15,72538.69,26266.58,9387.74,55639.25,0.7614605356432549,0.3620994244667988,0.07142857142857142,0.8444008141201987,0
MSME_00837,Thika,Manufacturing,114,1,154517.75,156721.39,818630.54,283971.1,28261.56,86961.03,1.014254839623023,0.34688512001382205,0.008695652173913044,0.5627862638029365,1
MSME_00838,Mombasa,Transport,92,1,324622.27,233886.01,211753.05,33249.87,0.0,229731.41,0.7204844249150716,0.15702117621835335,0.010752688172043012,0.7076862049969492,0
MSME_00839,Nairobi,Services,58,1,144806.94,126572.65,903231.77,399425.06,17583.65,105213.4,0.8740725819316261,0.4422171928062353,0.01694915254237288,0.7265720374172853,1
MSME_00840,Nakuru,Manufacturing,20,1,128878.03,135777.99,1942778.5,1616996.95,8007.19,82116.52,1.0535305084155273,0.832311103756242,0.047619047619047616,0.6371596682563486,1
MSME_00841,Kisumu,Manufacturing,92,1,447028.69,468925.91,2377130.31,1146846.38,26601.79,256560.47,1.0489815788298087,0.4824497389670913,0.010752688172043012,0.5739226627206797,1
MSME_00842,Nyeri,Construction,72,3,138876.2,143994.4,1325337.68,1098434.47,0.0,113917.82,1.0368469410385577,0.8287953008358588,0.0136986301369863,0.8202773385408115,1
MSME_00843,Nyeri,Construction,61,1,77430.53,81538.52,148557.02,111969.44,57316.18,48384.22,1.053040279586365,0.7537084837291181,0.016129032258064516,0.6248645739016135,1
MSME_00844,Kakamega,Retail,105,1,49131.66,35193.49,307373.08,272747.41,0.0,38376.48,0.7162952300974544,0.8873468120669119,0.009433962264150943,0.7810788180407899,1
MSME_00845,Nyeri,Transport,39,10,474704.26,410723.12,734171.95,630034.23,11971.96,306262.76,0.8652171244110504,0.8581550573335616,0.025,0.6451640329411981,1
MSME_00846,Meru,Services,1,2,95856.01,83076.42,742735.75,494057.88,199036.91,69764.61,0.8666702623000655,0.6651857202434106,0.5,0.7277987285436923,1
MSME_00847,Meru,Construction,3,2,74714.26,81421.83,235557.09,187732.84,0.0,48689.32,1.0897617166827769,0.7969704627847849,0.25,0.6516650012326799,1
MSME_00848,Nakuru,Retail,77,2,68525.2,52304.63,418771.49,292496.04,77291.94,46959.72,0.7632793004719363,0.6984604934292603,0.01282051282051282,0.685281250091206,0
MSME_00849,Meru,Construction,92,50,448736.24,499139.52,1928840.78,1278272.9,140257.84,372195.27,1.1123202522705715,0.6627152694711952,0.010752688172043012,0.8294280857991639,1
MSME_00850,Nyeri,Food Services,62,1,75133.82,63708.8,1335067.63,897763.11,0.0,67449.22,0.8479264341087128,0.6724471610122396,0.015873015873015872,0.897709211255181,1
MSME_00851,Thika,Digital Commerce,63,15,358779.32,347435.74,503760.21,340962.51,0.0,261527.01,0.9683801497250462,0.6768335934400348,0.015625,0.7289335435120856,1
MSME_00852,Meru,Manufacturing,113,5,105830.29,79148.96,2509471.91,1012660.27,0.0,81977.52,0.7478786283338322,0.40353504752517927,0.008771929824561403,0.774605695536736,0
MSME_00853,Nakuru,Food Services,25,1,39799.9,32861.34,148477.48,65159.33,13321.88,35381.49,0.8256431387229936,0.4388469628730035,0.038461538461538464,0.8889620586469149,0
MSME_00854,Nairobi,Manufacturing,56,50,95559.88,94641.6,1956451.36,655913.87,0.0,53938.78,0.9903801639331911,0.33525675524243276,0.017543859649122806,0.5644441532978767,0
MSME_00855,Thika,Transport,33,1,128953.46,113738.36,1658646.56,362594.17,145592.88,73888.93,0.8820040811306564,0.21860832810075698,0.029411764705882353,0.5729846800180466,0
MSME_00856,Nairobi,Digital Commerce,38,1,118756.35,132043.93,1786967.87,834075.69,28269.49,78575.93,1.1118800646865223,0.466754460025932,0.02564102564102564,0.6616510893852042,1
MSME_00857,Kakamega,Agriculture,117,10,115845.92,116473.66,1041064.15,853630.37,17944.44,74034.89,1.005410070461951,0.8199586452394454,0.00847457627118644,0.6390751691974201,1
MSME_00858,Meru,Transport,6,5,96573.06,87922.2,333067.94,206839.11,0.0,91152.24,0.9104121748635192,0.6210099026345717,0.14285714285714285,0.9438584232660406,1
MSME_00859,Eldoret,Manufacturing,58,3,60778.42,66106.76,1484205.52,215127.11,48328.77,45817.29,1.0876503921886718,0.14494418876424287,0.01694915254237288,0.7538290098852539,1
MSME_00860,Mombasa,Agriculture,44,1,134690.87,130118.92,442968.79,331765.89,0.0,99099.88,0.9660488045789253,0.7489582754616292,0.022222222222222223,0.7357524993899038,1
MSME_00861,Machakos,Services,45,2,228878.92,218814.26,933116.92,791582.89,65303.62,174044.88,0.95602209228315,0.8483203173292395,0.021739130434782608,0.7604200490807581,1
MSME_00862,Kakamega,Agriculture,32,5,30865.81,22701.93,304528.72,232519.24,260444.65,27588.46,0.7354802780073483,0.7635354605126883,0.030303030303030304,0.89379045000115,0
MSME_00863,Thika,Services,45,2,488484.11,399175.21,482207.76,328881.67,0.0,297778.2,0.8171696574333659,0.6820317200376036,0.021739130434782608,0.609595244366814,1
MSME_00864,Kisumu,Transport,61,2,3305.62,3225.68,614215.54,135186.58,2233.46,2412.89,0.9755218319613381,0.22009596159686612,0.016129032258064516,0.7297149354930412,0
MSME_00865,Mombasa,Food Services,47,1,143666.31,156666.02,1178400.64,446849.42,85872.59,89350.88,1.090477854704734,0.37919959106642115,0.020833333333333332,0.6219290943778373,1
MSME_00866,Kakamega,Transport,21,1,212370.34,164279.31,1440690.06,795591.57,0.0,180782.24,0.7735474570156218,0.5522291295400972,0.045454545454545456,0.8512553530057304,0
MSME_00867,Nakuru,Manufacturing,80,10,72885.66,52369.59,5580781.03,901232.65,25392.77,61931.08,0.7185072000829781,0.16148859517453684,0.012345679012345678,0.8496901902213656,0
MSME_00868,Nairobi,Digital Commerce,118,2,15901.44,14733.21,871308.83,161206.22,161619.32,14801.75,0.926474805124245,0.18501595465759868,0.008403361344537815,0.9307848355346726,0
MSME_00869,Nairobi,Food Services,85,50,120967.34,77051.16,233917.67,198222.57,0.0,84806.56,0.6369531069038395,0.8473995256556477,0.011627906976744186,0.7010640966057731,0
MSME_00870,Eldoret,Manufacturing,75,2,157896.64,156791.04,1904935.59,1261358.73,0.0,90221.03,0.9929916621933045,0.6621526073999134,0.013157894736842105,0.5713893507211381,1
MSME_00871,Kakamega,Services,101,5,42246.69,41685.92,1093792.01,350089.61,43047.63,38165.02,0.9867029416282878,0.3200693429189129,0.00980392156862745,0.9033634738372677,0
MSME_00872,Meru,Construction,36,1,58096.84,46200.43,580447.27,210057.05,26217.59,52331.96,0.7952176879553526,0.36188763212266956,0.02702702702702703,0.9007556907451293,1
MSME_00873,Eldoret,Construction,99,2,348959.83,380705.65,451093.68,183840.27,17078.2,211330.52,1.090969579594363,0.4075425363030218,0.01,0.605599545370178,1
MSME_00874,Thika,Digital Commerce,19,1,149893.72,131336.82,347359.76,55597.37,0.0,93581.86,0.8761937712015474,0.16005656482326905,0.05,0.6243172541367701,0
MSME_00875,Kakamega,Food Services,20,2,29475.75,28154.37,333784.87,230759.37,0.0,18895.03,0.9551382021423664,0.691339540526386,0.047619047619047616,0.6410146980247143,1
MSME_00876,Meru,Retail,57,2,208945.75,149452.24,168626.43,40717.75,81070.36,146948.94,0.715264726539178,0.2414657567870186,0.017241379310344827,0.7032841621130743,0
MSME_00877,Kisumu,Food Services,18,50,52547.94,43590.47,2323561.98,1728953.22,84076.19,45878.0,0.8295213947227099,0.7440956990974267,0.05263157894736842,0.8730528151471751,1
MSME_00878,Nakuru,Retail,47,3,61404.45,65968.62,1229059.1,954607.68,9074.61,34691.45,1.0743121335321213,0.776697315289952,0.020833333333333332,0.5649571821393703,1
MSME_00879,Mombasa,Manufacturing,105,1,162373.97,116441.09,815591.56,498120.38,0.0,132363.35,0.7171123110908042,0.6107465963151993,0.009433962264150943,0.8151708973371943,0
MSME_00880,Nakuru,Transport,49,1,147929.34,120535.18,346313.86,247920.54,0.0,97449.95,0.8148104033290263,0.7158819000720905,0.02,0.6587556683774268,1
MSME_00881,Machakos,Manufacturing,14,1,89089.21,69038.98,2695898.36,640189.95,132417.09,52388.77,0.774933407385615,0.23746804480119763,0.06666666666666667,0.5880418286139408,0
MSME_00882,Mombasa,Transport,15,3,80482.14,54978.2,132619.17,74366.36,55505.87,52498.28,0.6831020757887925,0.5607469813980784,0.0625,0.6522891626743191,0
MSME_00883,Nakuru,Construction,31,5,103694.15,78739.62,623315.76,399819.32,0.0,76730.99,0.7593375389302199,0.6414384236996933,0.03125,0.7399670090645514,0
MSME_00884,Machakos,Retail,1,25,61047.44,44444.05,2370415.09,1491580.06,0.0,55836.21,0.7280128697801287,0.6292482008928653,0.5,0.9146214055592575,0
MSME_00885,Nyeri,Transport,117,1,395937.74,438689.71,66759.1,12940.04,5602.66,309908.74,1.1079736981534063,0.1938289487283572,0.00847457627118644,0.7827189125267207,0
MSME_00886,Meru,Services,54,2,27744.87,27955.55,900999.41,338330.66,82676.64,21451.96,1.0075571607594211,0.3755055560962508,0.01818181818181818,0.7731586719032418,0
MSME_00887,Mombasa,Manufacturing,118,2,104727.96,81044.35,330318.14,118924.45,0.0,57488.68,0.7738485133433961,0.36002894049675715,0.008403361344537815,0.548928204767812,0
MSME_00888,Nakuru,Manufacturing,3,3,30964.45,31578.68,843565.9,470727.91,0.0,16594.17,1.0198036844289362,0.5580208398409183,0.25,0.5358930679192454,1
MSME_00889,Meru,Manufacturing,16,3,339762.37,207994.7,465403.12,331455.31,0.0,189675.27,0.6121751735627063,0.7121881731515398,0.058823529411764705,0.558256971609388,0
MSME_00890,Thika,Digital Commerce,87,3,104578.12,93031.5,1487235.44,827605.32,0.0,56785.45,0.8895800614883737,0.556471921841829,0.011363636363636364,0.5429903215861828,1
MSME_00891,Meru,Food Services,57,3,46320.11,34169.6,3201252.01,2253239.49,14682.38,35173.82,0.7376679876626445,0.7038617325657744,0.017241379310344827,0.7593475199536454,0
MSME_00892,Meru,Manufacturing,75,1,264354.85,175234.79,14886891.95,2667345.13,0.0,186020.39,0.6628746441586219,0.17917406533107366,0.013157894736842105,0.7036741952183015,0
MSME_00893,Nyeri,Food Services,12,5,13467.97,14627.12,636614.89,510890.42,5984.46,6764.24,1.085986530521636,0.8025096891628011,0.07692307692307693,0.5022091518505127,1
MSME_00894,Nyeri,Agriculture,74,1,176466.09,125226.92,1768367.39,935985.64,10884.99,116111.16,0.7096332806303997,0.5292933561202143,0.013333333333333334,0.657976283283189,0
MSME_00895,Machakos,Retail,96,3,421379.52,443424.03,1099740.58,142965.1,130408.84,234840.65,1.0523125985985304,0.12999881299386715,0.010309278350515464,0.5573125449652964,0
MSME_00896,Mombasa,Agriculture,16,2,159459.23,131916.23,1201760.14,738566.21,3402.4,150633.76,0.8272672753576237,0.6145698886552448,0.058823529411764705,0.9446478284898999,0
MSME_00897,Kakamega,Agriculture,72,2,80297.16,48809.43,4286409.26,2202690.35,0.0,56775.79,0.6078524090713909,0.5138776310226544,0.0136986301369863,0.7070621543507348,0
MSME_00898,Nyeri,Food Services,102,15,38477.08,38588.4,320926.67,88670.64,0.0,26616.79,1.002867086923256,0.27629478006679825,0.009708737864077669,0.6917390368750208,1
MSME_00899,Thika,Food Services,76,15,393373.43,365049.7,474519.5,337639.78,22215.0,310717.19,0.9279954978263331,0.7115388692374724,0.012987012987012988,0.7898764289280318,1
MSME_00900,Nyeri,Digital Commerce,24,10,336859.72,265881.54,590917.45,500421.16,183442.21,222560.55,0.7892922036145977,0.8468531656102463,0.04,0.6606901214246648,1
MSME_00901,Thika,Services,28,2,69887.23,52754.39,223726.95,80127.08,29727.9,57446.02,0.7548394057196756,0.3581451490526776,0.034482758620689655,0.8219698796206457,0
MSME_00902,Kisumu,Retail,117,5,71780.09,45977.31,728126.5,360519.13,0.0,65115.83,0.640521201335895,0.49513186907512763,0.00847457627118644,0.9071446254159696,0
MSME_00903,Eldoret,Retail,8,2,436597.55,488021.79,1606492.69,325379.03,43437.14,316316.57,1.117781518055889,0.20253987427737735,0.1111111111111111,0.7245021084014136,1
MSME_00904,Kisumu,Construction,92,10,226752.22,197658.03,1970966.03,1663179.54,0.0,152449.0,0.8716878640135739,0.8438393512853434,0.010752688172043012,0.6723123931823327,1
MSME_00905,Thika,Retail,36,2,22323.96,14444.46,585024.58,207705.28,0.0,16404.84,0.6470094459295783,0.35503623619329605,0.02702702702702703,0.734820577506074,0
MSME_00906,Kisumu,Services,90,50,109567.67,118089.17,2871781.47,734681.38,33324.93,84542.27,1.0777640177616465,0.255827656751453,0.01098901098901099,0.7715916420268678,0
MSME_00907,Mombasa,Digital Commerce,8,25,105603.16,79557.01,60564.3,29236.99,3481.63,93085.61,0.7533510990476132,0.4827349984231895,0.1111111111111111,0.8814577948444455,0
MSME_00908,Nakuru,Manufacturing,58,5,170695.15,121531.79,11881088.21,1599503.28,9356.64,115648.65,0.7119773351654387,0.1346259801377251,0.01694915254237288,0.6775117657896795,0
MSME_00909,Meru,Manufacturing,60,1,134060.44,101150.69,1440798.36,435509.35,0.0,70132.94,0.7545099470809802,0.3022692555887865,0.01639344262295082,0.5231402855287844,0
MSME_00910,Nairobi,Digital Commerce,50,1,79800.8,72659.77,435163.59,67070.11,121710.08,62550.28,0.9105028959246534,0.15412584466029278,0.0196078431372549,0.7838204150783565,0
MSME_00911,Machakos,Retail,28,10,159270.56,102049.6,1269993.06,256407.69,168187.92,150366.57,0.6407270701687107,0.20189676320218378,0.034482758620689655,0.944089264900777,0
MSME_00912,Eldoret,Food Services,92,1,85154.48,73655.76,607225.56,115206.5,6422.86,75311.18,0.8649561954204239,0.18972572609472152,0.010752688172043012,0.8843961656959716,0
MSME_00913,Mombasa,Agriculture,101,10,4049836.33,4425089.69,59452.83,47439.55,13294.48,3406783.84,1.0926586253774297,0.7979225224009959,0.00980392156862745,0.8412149828250015,1
MSME_00914,Meru,Retail,41,2,150652.01,105982.84,771650.38,651541.36,218728.01,87291.68,0.703489694630064,0.8443467826105617,0.023809523809523808,0.5794220772621801,1
MSME_00915,Mombasa,Construction,100,2,131307.94,102703.01,2177762.08,1044493.31,0.0,109888.81,0.7821478872649493,0.4796175119287999,0.009900990099009901,0.8368722647521182,0
MSME_00916,Kisumu,Retail,64,15,841387.47,688143.11,2318777.59,1401315.37,0.0,451542.76,0.8178661041076544,0.6043334089952936,0.015384615384615385,0.536663831392888,1
MSME_00917,Nairobi,Agriculture,27,3,34052.43,31410.69,986617.16,647932.72,0.0,24594.81,0.9223943080036283,0.6567208533846569,0.03571428571428571,0.7222417829863248,1
MSME_00918,Nairobi,Transport,118,3,119375.24,131980.05,2302085.38,950877.89,127998.03,79611.93,1.1055805577391278,0.41305048249318954,0.008403361344537815,0.666899292522532,0
MSME_00919,Mombasa,Retail,63,3,51554.61,42119.94,1230003.92,487288.65,28012.1,46779.56,0.8169807320677615,0.39616804947414364,0.015625,0.9073611969677015,1
MSME_00920,Mombasa,Retail,17,2,251452.67,160435.37,952734.08,610183.51,30668.6,143812.34,0.6380315308183809,0.6404545427255602,0.05555555555555555,0.5719238060832439,0
MSME_00921,Thika,Manufacturing,73,5,81279.61,64322.49,319083.62,128071.11,0.0,69493.92,0.7913632784005927,0.4013703637611866,0.013513513513513514,0.8549876778729883,0
MSME_00922,Machakos,Agriculture,33,1,238016.13,167693.54,480867.59,271597.68,3623.74,124204.04,0.70454399647622,0.564806447432967,0.029411764705882353,0.5218281558138274,0
MSME_00923,Nakuru,Construction,117,25,221471.9,212275.49,536255.49,274645.53,0.0,180674.48,0.9584716233904915,0.5121532981353756,0.00847457627118644,0.815785949432188,1
MSME_00924,Kisumu,Services,84,15,290794.54,179156.82,1027433.15,533821.88,0.0,183840.36,0.6160920487294957,0.5195679742589829,0.011764705882352941,0.6321980041372024,0
MSME_00925,Mombasa,Retail,77,2,225149.25,171239.85,1912236.08,1459967.56,33093.1,211451.4,0.760558116191299,0.763486690677497,0.01282051282051282,0.9391568519244371,0
MSME_00926,Nairobi,Construction,92,5,106506.43,95839.32,348951.23,231440.4,0.0,85448.46,0.8998369409533215,0.6632437912776772,0.010752688172043012,0.8022769866853422,1
MSME_00927,Machakos,Retail,112,3,32936.85,24786.09,137294.98,119247.02,237722.11,21046.89,0.7525108651596871,0.8685397780765322,0.008849557522123894,0.6389879728033251,1
MSME_00928,Nyeri,Transport,29,2,365523.17,330084.75,4104986.49,3008057.34,49402.48,221501.36,0.9030449340737167,0.732781122312263,0.03333333333333333,0.6059827999883017,1
MSME_00929,Mombasa,Agriculture,13,50,545265.13,361560.82,228126.35,49419.93,0.0,429499.32,0.6630905535981119,0.21663307797158035,0.07142857142857142,0.787687509583623,0
MSME_00930,Nyeri,Retail,46,1,52163.16,58346.74,1313379.31,907264.88,0.0,32483.5,1.1185216056388139,0.6907861135819829,0.02127659574468085,0.6227168231981498,1
MSME_00931,Thika,Transport,35,1,278139.3,211385.52,988377.75,625166.76,39631.97,162450.71,0.7599960163989181,0.6325174028680807,0.027777777777777776,0.5840603105698815,0
MSME_00932,Machakos,Retail,6,2,41342.13,45792.63,482529.63,297641.25,0.0,32720.29,1.1076236849991765,0.6168338992283247,0.14285714285714285,0.7914323371259022,1
MSME_00933,Thika,Food Services,82,2,163314.35,127256.09,1512008.35,732712.75,0.0,134886.09,0.7792047103961752,0.4845953829584453,0.012048192771084338,0.8259241400150077,0
MSME_00934,Nakuru,Transport,115,3,200670.69,206693.24,171243.92,25681.65,146678.79,121829.73,1.030006973081255,0.14997028816971622,0.008620689655172414,0.6071097024199078,0
MSME_00935,Machakos,Construction,69,5,87010.16,63987.54,5162211.33,4445633.49,0.0,64486.94,0.7353946321368431,0.8611876470412445,0.014285714285714285,0.7411341257834052,0
MSME_00936,Nairobi,Services,47,3,146542.6,141907.88,17224672.49,13461766.33,81396.46,117033.8,0.9683662746104231,0.7815397103356065,0.020833333333333332,0.7986278486402681,1
MSME_00937,Kakamega,Services,25,3,311203.77,242130.2,3195001.62,1563782.14,2318.19,287509.5,0.7780414162674949,0.4894462778249615,0.038461538461538464,0.9238595539522096,0
MSME_00938,Nairobi,Digital Commerce,66,1,119441.68,105113.16,275926.8,62598.07,44816.13,102904.38,0.8800301533756612,0.22686394774285157,0.014925373134328358,0.8615377685765256,0
MSME_00939,Nakuru,Food Services,10,2,67836.96,65842.4,44764.68,34002.27,3608.47,46764.54,0.9705834314593185,0.7595611191430577,0.09090909090909091,0.689356519565152,1
MSME_00940,Nairobi,Services,56,1,39191.72,36208.66,1293466.85,574994.24,0.0,34488.06,0.9238618804716795,0.4445369399788328,0.017543859649122806,0.8799608702840731,1
MSME_00941,Eldoret,Digital Commerce,30,1,90150.49,82663.88,154500.57,63668.32,0.0,62993.76,0.9169441348113049,0.41208849851817037,0.03225806451612903,0.6987545075516777,1
MSME_00942,Meru,Services,114,3,41162.31,26184.35,444279.4,280920.44,143053.43,22991.5,0.6361089523655896,0.6323043735442752,0.008695652173913044,0.5585435184877018,0
MSME_00943,Meru,Retail,109,1,91364.84,67335.18,4535229.96,3206136.91,26305.6,59706.48,0.7369841945304721,0.706940162094854,0.00909090909090909,0.6534879994536251,1
MSME_00944,Meru,Transport,5,1,83680.19,76526.51,5118737.47,769205.93,0.0,72142.85,0.9145007378599658,0.1502725592464192,0.16666666666666666,0.8621154885584204,0
MSME_00945,Thika,Agriculture,119,1,297778.43,181667.02,5826918.44,4160682.75,3998.03,276967.34,0.6100724284414138,0.7140450100336379,0.008333333333333333,0.9301090407755835,1
MSME_00946,Nairobi,Digital Commerce,33,25,143411.73,105816.97,820851.45,564050.04,36902.65,135181.72,0.7378492132462717,0.6871515581149816,0.029411764705882353,0.9426061410308554,0
MSME_00947,Kakamega,Digital Commerce,118,25,1701906.57,1235672.47,2139151.24,1222241.9,28405.45,1340409.27,0.7260514564842084,0.5713674217034688,0.008403361344537815,0.7875922838747347,1
MSME_00948,Eldoret,Services,65,3,17790.34,13118.97,66854.15,24785.18,8043.45,12724.61,0.7373795340879327,0.3707295548660051,0.015151515151515152,0.7152136938533017,0
MSME_00949,Kakamega,Services,18,15,182293.16,163076.77,120694.1,27981.93,0.0,104440.43,0.8945803310429692,0.23183981785507446,0.05263157894736842,0.5729225225865711,0
MSME_00950,Mombasa,Construction,96,5,84833.32,78053.29,516156.49,94003.65,0.0,46330.52,0.9200673736761252,0.18212203023538415,0.010309278350515464,0.5461294438382955,0
MSME_00951,Nairobi,Services,111,3,51223.79,56343.55,2001797.65,202075.38,0.0,37563.74,1.0999273984334539,0.10094690592383006,0.008928571428571428,0.7333117422248094,1
MSME_00952,Eldoret,Manufacturing,49,1,129343.96,105068.31,437269.62,115949.97,0.0,107032.2,0.8123108159761308,0.2651675294352042,0.02,0.8274941675346298,0
MSME_00953,Eldoret,Services,11,5,120016.33,133172.33,1911100.98,819995.29,89753.29,77502.34,1.1096091706089444,0.4290693529604318,0.08333333333333333,0.6457595748880599,1
MSME_00954,Nairobi,Retail,85,5,391528.2,375309.1,182724.38,53888.25,0.0,314633.83,0.9585724385307659,0.29491387567507044,0.011627906976744186,0.8036024643883521,1
MSME_00955,Nyeri,Transport,26,3,145984.9,160869.99,824421.91,286225.47,0.0,110490.81,1.1019556683213927,0.34718281907037246,0.037037037037037035,0.7568594638249311,1
MSME_00956,Kisumu,Services,63,5,66649.21,70542.17,1411070.01,581871.56,0.0,61539.68,1.0583938145131124,0.41236164294807537,0.015625,0.9233231223127428,1
MSME_00957,Thika,Food Services,89,2,186131.85,182068.66,1810086.96,627393.96,112748.71,110618.27,0.9781651116393479,0.3466096531574079,0.011111111111111112,0.5942974063954858,0
MSME_00958,Mombasa,Transport,86,5,105910.37,84289.64,424270.8,288375.52,5850.25,81124.83,0.7958507193325891,0.6796952331029308,0.011494252873563218,0.7659690361856334,0
MSME_00959,Meru,Agriculture,59,25,43240.01,31678.1,754941.07,372473.91,113944.52,29671.67,0.7325938963960369,0.4933807835083293,0.016666666666666666,0.6861928063197413,1
MSME_00960,Mombasa,Transport,27,2,103928.1,75068.86,114818.83,13257.18,22482.65,64197.32,0.7223083813869262,0.11546071789167428,0.03571428571428571,0.617703030238884,0
MSME_00961,Mombasa,Food Services,49,5,167869.48,188634.2,642999.06,180897.87,7976.03,110925.05,1.1236889297034238,0.28133414171065546,0.02,0.6607775828126541,0
MSME_00962,Nairobi,Retail,77,2,143240.8,161463.27,2671137.69,1783589.68,0.0,90605.64,1.1272077703575354,0.6677263470733524,0.01282051282051282,0.6325363127243584,1
MSME_00963,Nairobi,Construction,33,3,185407.81,185158.85,532070.41,181300.02,43642.87,136727.48,0.9986518439981359,0.3407437734720608,0.029411764705882353,0.7374378811880623,1
MSME_00964,Nakuru,Food Services,98,5,78709.16,85485.06,297295.23,248572.53,1672.1,59120.37,1.0860740214478029,0.8361106025461541,0.010101010101010102,0.7511148497220689,1
MSME_00965,Nyeri,Construction,105,1,183067.82,202371.94,1863026.62,1248472.34,0.0,162837.55,1.1054418769946734,0.6701308808293459,0.009433962264150943,0.8894881717159698,1
MSME_00966,Nakuru,Construction,99,3,150259.01,132431.67,11321910.02,3758212.71,0.0,127958.71,0.8813500677924885,0.33194155150673493,0.01,0.8515819345413327,0
MSME_00967,Eldoret,Food Services,1,1,151483.11,143300.42,9898804.13,5079352.35,40299.16,96363.23,0.9459765780054424,0.513127825358049,0.5,0.6361276440149399,0
MSME_00968,Thika,Food Services,21,3,137634.45,114279.94,998198.2,632649.26,0.0,126499.32,0.8303089066079996,0.6337905900946424,0.045454545454545456,0.9190896676691942,1
MSME_00969,Eldoret,Manufacturing,112,2,1174194.82,974781.22,1838763.18,468319.54,75503.16,1045924.31,0.8301692131726375,0.2546925511677087,0.008849557522123894,0.8907579912863256,0
MSME_00970,Eldoret,Services,55,5,404386.44,251178.94,5211381.13,1547519.49,35158.59,316083.94,0.6211343754890112,0.29694991681602134,0.017857142857142856,0.781636393059092,0
MSME_00971,Nakuru,Construction,6,1,179044.88,150147.36,974379.4,492742.68,0.0,91023.34,0.8385971238210004,0.5056984725883238,0.14285714285714285,0.5083799750097573,1
MSME_00972,Meru,Retail,92,3,59861.73,58090.98,1268794.42,1065680.45,2304.04,35564.54,0.9704031206060934,0.8399151141324265,0.010752688172043012,0.5941015386368113,1
MSME_00973,Eldoret,Services,81,1,99475.58,82772.65,495062.34,185751.5,0.0,85070.89,0.8320817824657823,0.3752075441498051,0.012195121951219513,0.8551851099022504,0
MSME_00974,Meru,Services,69,10,670506.15,724029.52,12504132.53,5273045.99,0.0,472165.31,1.0798237125435575,0.4217042290334531,0.014285714285714285,0.704191312501291,1
MSME_00975,Nakuru,Services,95,15,75891.7,59416.34,1728050.4,436326.11,20887.54,42247.22,0.7828992775326217,0.2524960252918403,0.010416666666666666,0.5566704043998962,0
MSME_00976,Meru,Manufacturing,5,50,112901.42,75979.85,529281.29,304107.54,0.0,77192.6,0.6729691887915247,0.5745658710779836,0.16666666666666666,0.6837107654556918,0
MSME_00977,Eldoret,Construction,102,5,106787.56,111737.94,365711.27,253116.3,59895.81,63576.66,1.0463474739241732,0.6921186975761026,0.009708737864077669,0.5953508503158017,1
MSME_00978,Machakos,Transport,3,5,192506.9,186860.93,78538.89,35539.93,0.0,173574.87,0.9706662947338784,0.4525080185368225,0.25,0.901650633558415,1
MSME_00979,Nairobi,Retail,53,1,86107.65,63116.97,109466.62,76648.47,0.0,77511.2,0.7329922139065007,0.7001930799262832,0.018518518518518517,0.9001557915493972,0
MSME_00980,Nakuru,Retail,23,2,159031.57,142340.92,305168.87,104393.32,0.0,107215.58,0.8950425689530139,0.34208265711159497,0.041666666666666664,0.6741737242880499,0
MSME_00981,Nakuru,Services,101,2,88052.02,72292.36,2222165.53,1479045.68,7491.2,49470.01,0.8210094327258736,0.6655872366145305,0.00980392156862745,0.5618207075691442,0
MSME_00982,Mombasa,Construction,53,5,496089.04,553820.35,1078774.11,330833.73,0.0,328150.03,1.1163706290092017,0.3066753458929915,0.018518518518518517,0.6614727237821587,1
MSME_00983,Kisumu,Transport,37,15,67085.44,62659.99,161819.44,117241.36,0.0,37429.18,0.9340187078044385,0.7245151477773759,0.02631578947368421,0.557924671513349,1
MSME_00984,Machakos,Transport,74,1,354209.86,243382.59,239948.33,183443.68,104721.06,225568.17,0.6871121625124651,0.7645100738560096,0.013333333333333334,0.6368188993414827,1
MSME_00985,Machakos,Food Services,74,15,74225.58,65035.09,1022666.15,754910.61,13787.12,62871.42,0.8761698302683485,0.7381782137032562,0.013333333333333334,0.8470202991974034,1
MSME_00986,Nairobi,Construction,83,3,56741.08,60962.97,5433918.22,1480080.24,0.0,35824.95,1.0743872977515099,0.2723780350934256,0.011904761904761904,0.6313647649152092,1
MSME_00987,Mombasa,Construction,17,3,66118.72,64090.41,194395.13,127406.48,122509.78,49251.23,0.9693085512158854,0.6553961748106817,0.05555555555555555,0.7448795911416443,1
MSME_00988,Nakuru,Retail,85,1,24066.22,25590.78,1265178.99,671597.89,78231.37,13320.48,1.063304361700271,0.5308318937292077,0.011627906976744186,0.5534698232699913,1
MSME_00989,Thika,Digital Commerce,78,1,206612.11,152421.81,427402.59,379888.07,32122.18,135626.69,0.7377160626448148,0.8888275131240708,0.012658227848101266,0.6564282876338293,0
MSME_00990,Kisumu,Agriculture,73,3,41607.01,45293.11,442545.16,172265.77,10282.99,21545.65,1.0885670811942219,0.3892605688861926,0.013513513513513514,0.517824572720493,1
MSME_00991,Nyeri,Services,110,3,93160.63,94612.65,178418.26,127926.09,33933.78,69560.78,1.0155752963961664,0.7169970887672104,0.009009009009009009,0.7466676999962323,1
MSME_00992,Kisumu,Construction,1,1,285392.75,285650.34,1546948.62,612688.33,14118.54,187340.49,1.0008990736482493,0.3960622389241092,0.5,0.6564281453255371,1
MSME_00993,Machakos,Food Services,51,3,276330.44,218466.18,406952.65,169897.03,57524.98,246597.77,0.7905947292859618,0.4174849641967826,0.019230769230769232,0.8923985269283871,0
MSME_00994,Thika,Retail,45,10,31835.62,34643.9,478381.92,90315.52,0.0,21541.53,1.0881777022812096,0.1887933624386088,0.021739130434782608,0.676627418362879,1
MSME_00995,Machakos,Services,77,10,181778.39,172851.01,2376629.68,693331.68,15348.56,136515.35,0.9508834307343643,0.29172882679440965,0.01282051282051282,0.7509946534642898,1
MSME_00996,Nyeri,Transport,4,15,416855.11,445414.57,2530191.17,585960.47,2980.65,391631.15,1.0685091553533905,0.23158733828505998,0.2,0.93948760880583,0
MSME_00997,Eldoret,Transport,62,2,70485.13,56284.79,303828.22,69078.52,0.0,55628.11,0.7985229150756326,0.22735969897826158,0.015873015873015872,0.7892064722520586,0
MSME_00998,Eldoret,Services,65,2,222698.32,151459.05,1041661.36,111679.87,0.0,161503.58,0.680105579127947,0.10721311846191696,0.015151515151515152,0.7252091295114865,0
MSME_00999,Kisumu,Agriculture,113,5,42477.1,33250.46,2164110.25,1590674.3,19782.37,23114.17,0.7827671199983051,0.7350242738214129,0.008771929824561403,0.5441432173284586,0
MSME_01000,Nakuru,Retail,104,2,195958.26,166642.0,585287.1,277627.99,1943.39,170372.76,0.8503910455673286,0.47434415632233085,0.009523809523809525,0.8694294926404601,1
MSME_01001,Machakos,Manufacturing,32,1,151944.62,135743.38,1630644.41,1212113.52,0.0,119895.32,0.8933681668481133,0.7433335981977836,0.030303030303030304,0.7890672992087565,1
MSME_01002,Eldoret,Food Services,34,1,258111.5,227382.05,497686.0,293654.81,40972.31,141660.87,0.8809416436631313,0.590039141066574,0.02857142857142857,0.5488338224611361,1
MSME_01003,Meru,Retail,92,2,242594.37,218415.0,481471.97,368359.82,120652.79,148116.26,0.9003263335157633,0.7650685354153942,0.010752688172043012,0.6105485854903167,1
MSME_01004,Kisumu,Manufacturing,95,1,34424.24,36590.84,238322.93,119879.29,11058.29,25540.77,1.0629073319459792,0.5030098739979657,0.010416666666666666,0.7419198820400381,0
MSME_01005,Kakamega,Transport,72,2,152749.29,105940.14,5690981.56,997246.73,155064.77,79472.11,0.6935511546328325,0.17523278616408203,0.0136986301369863,0.5202746914588509,0
MSME_01006,Kisumu,Transport,39,1,569727.61,440871.3,407896.33,242050.13,272512.19,469022.3,0.7738268576682501,0.593409449382765,0.025,0.8232381027872201,0
MSME_01007,Machakos,Manufacturing,26,1,14983.29,16312.83,278887.22,179104.69,62665.77,9027.54,1.0886621922026334,0.6422095920724081,0.037037037037037035,0.6024669837543187,1
MSME_01008,Machakos,Manufacturing,34,3,350433.46,318281.9,208052.44,125081.82,0.0,252441.67,0.9082494341452607,0.6012004415788559,0.02857142857142857,0.7203677115543945,1
MSME_01009,Nyeri,Agriculture,54,3,661129.56,608810.69,807274.53,598246.17,9402.35,402455.7,0.9208630289303219,0.7410681332060195,0.01818181818181818,0.6087386128391947,1
MSME_01010,Thika,Services,118,3,30192.97,26054.55,215272.39,147504.51,0.0,21742.99,0.8629057391260573,0.6851962056248568,0.008403361344537815,0.7201103399122408,0
MSME_01011,Nyeri,Retail,3,1,68138.72,61456.77,310189.9,138377.56,0.0,39885.38,0.9019228432403302,0.44610451177001,0.25,0.5853469899788258,0
MSME_01012,Nyeri,Transport,50,1,223628.91,158540.34,1902630.98,1437024.69,11067.37,171582.47,0.7089406779263113,0.7552825271022723,0.0196078431372549,0.7672608283927673,1
MSME_01013,Thika,Food Services,12,3,54933.29,49482.63,1249757.0,816627.76,0.0,49971.88,0.9007603447682676,0.6534287117986042,0.07692307692307693,0.9096664396681926,1
MSME_01014,Meru,Transport,65,3,521559.78,598982.84,145164.13,28494.76,60075.8,450263.17,1.14844302518299,0.196292043412905,0.015151515151515152,0.8632995180350792,1
MSME_01015,Eldoret,Retail,54,2,384191.45,350123.72,1740684.18,925867.01,300254.36,233851.32,0.9113237909802755,0.5318980253511436,0.01818181818181818,0.6086827578209827,0
MSME_01016,Eldoret,Services,108,2,33357.46,20829.11,758687.92,518065.98,0.0,24155.78,0.6244026253010481,0.6828437404885258,0.009174311926605505,0.7241275526508119,1
MSME_01017,Thika,Manufacturing,5,15,63382.43,65793.47,2855031.64,1549227.42,0.0,43759.15,1.0380231868171224,0.5426303707687208,0.16666666666666666,0.6903878505786134,1
MSME_01018,Kakamega,Agriculture,94,2,287746.98,235394.72,3999129.94,3436144.11,23969.18,268889.14,0.8180586358938124,0.8592227065213324,0.010526315789473684,0.9344605651097881,1
MSME_01019,Nakuru,Digital Commerce,94,2,276691.76,189401.56,105830.19,19175.69,84240.59,237808.13,0.684519392556567,0.1811912915275733,0.010526315789473684,0.8594663987594038,0
MSME_01020,Kakamega,Services,57,3,1224986.08,1316107.76,1825850.44,1237666.15,18794.34,671712.42,1.0743850131056076,0.6778569838080583,0.017241379310344827,0.548342452722032,1
MSME_01021,Kakamega,Transport,17,2,55277.31,39185.27,5187561.55,3940267.62,0.0,31831.36,0.708872431157899,0.7595605030343201,0.05555555555555555,0.5758381542416908,0
MSME_01022,Meru,Services,112,2,573330.63,634345.66,938069.01,621116.65,40756.41,467787.79,1.1064201359342412,0.6621218495195258,0.008849557522123894,0.8159113600622383,1
MSME_01023,Mombasa,Agriculture,47,2,53427.78,45038.98,1665873.99,680456.22,0.0,30557.28,0.8429722707499592,0.40846775663520823,0.020833333333333332,0.5719254678845371,1
MSME_01024,Kisumu,Services,23,5,219766.51,221642.21,955474.94,390200.92,0.0,203879.78,1.0085303783075124,0.40838382597054196,0.041666666666666664,0.9277066478115896,1
MSME_01025,Meru,Manufacturing,79,1,325247.74,292998.68,2362686.06,1344968.5,0.0,307953.04,0.9008449348643134,0.5692537631284948,0.0125,0.9468231606369942,0
MSME_01026,Nairobi,Construction,101,1,6674.84,4947.02,1155666.83,482697.11,0.0,5675.4,0.7410333381267377,0.4176780710422648,0.00980392156862745,0.8501402070750647,0
MSME_01027,Eldoret,Retail,85,2,331441.4,321199.73,64418.31,51956.36,19100.91,169717.92,0.9690966816556963,0.8065339414532693,0.011627906976744186,0.5120585658322532,1
MSME_01028,Kisumu,Transport,14,10,532090.94,599587.69,630682.29,118533.26,9184.33,381630.02,1.1268497884031095,0.18794418986429778,0.06666666666666667,0.7172257110303156,0
MSME_01029,Kisumu,Retail,66,1,398667.0,407956.07,583631.66,356789.14,285990.53,272184.22,1.0232977565292425,0.6113248357280074,0.014925373134328358,0.6827340544011558,1
MSME_01030,Nairobi,Food Services,75,50,1038552.85,968149.25,1717776.3,356081.23,39967.62,892938.43,0.932209003895176,0.20729184743563672,0.013157894736842105,0.8597902073156823,0
MSME_01031,Machakos,Retail,51,2,349821.14,400491.14,2994283.75,1593341.75,0.0,220091.28,1.1448421760841094,0.5321276642109606,0.019230769230769232,0.6291519456144199,1
MSME_01032,Kisumu,Digital Commerce,103,50,77869.91,58085.48,555040.2,373245.09,27449.48,52465.38,0.7459201388554468,0.6724637558437104,0.009615384615384616,0.6737481300783565,1
MSME_01033,Nakuru,Construction,38,25,460013.51,291780.97,167736.33,38983.39,0.0,249362.1,0.6342864489209263,0.2324073597689912,0.02564102564102564,0.5420744228263582,0
MSME_01034,Eldoret,Manufacturing,64,2,73573.02,45443.99,1053321.24,698590.64,20173.41,48130.46,0.6176635448219358,0.6632259468859216,0.015384615384615385,0.6541773848975494,0
MSME_01035,Eldoret,Manufacturing,98,1,144700.0,143380.09,287466.66,60938.34,0.0,135762.49,0.990871452166882,0.2119832888332552,0.010101010101010102,0.9382277247565669,0
MSME_01036,Mombasa,Food Services,38,1,306135.56,323471.34,352472.1,210229.52,0.0,282859.29,1.0566243378445228,0.5964413170820695,0.02564102564102564,0.9239644229359603,1
MSME_01037,Nyeri,Digital Commerce,50,1,208580.6,198006.67,12717763.25,6415379.31,0.0,174710.58,0.9493007532783333,0.5044423834165663,0.0196078431372549,0.8376126177956252,1
MSME_01038,Thika,Retail,98,5,514593.21,564902.22,323427.22,109467.16,174085.58,467388.88,1.0977624874558927,0.3384589013290183,0.010101010101010102,0.9082668846973618,1
MSME_01039,Nyeri,Construction,82,1,1605064.81,1579202.12,111541.3,21107.96,15259.24,955056.46,0.9838862121173712,0.18923726693819296,0.012048192771084338,0.5950263559598219,0
MSME_01040,Kakamega,Manufacturing,30,2,42729.13,34355.29,1504976.31,1036452.07,70432.5,33321.22,0.804006212946228,0.6886828546272236,0.03225806451612903,0.7798061929603304,1
MSME_01041,Kakamega,Manufacturing,79,2,95957.81,67140.92,1703950.94,690856.87,72403.22,69568.21,0.6996847918393319,0.4054438706763056,0.0125,0.7249799158618162,0
MSME_01042,Kisumu,Manufacturing,91,15,182842.13,202690.76,2093410.25,354256.56,58811.9,126199.56,1.10855004505775,0.16922454200052664,0.010869565217391304,0.690206736233404,0
MSME_01043,Machakos,Manufacturing,51,1,83852.04,55088.98,1998328.72,1435262.58,0.0,54183.16,0.6569705761413064,0.7182311135321553,0.019230769230769232,0.6461681055332044,0
MSME_01044,Thika,Agriculture,63,1,123536.72,111015.49,868677.87,248716.15,74767.41,109928.39,0.8986363840938623,0.28631541365798385,0.015625,0.8898366426059992,0
MSME_01045,Nyeri,Digital Commerce,98,1,289473.67,223677.57,879696.85,606253.33,0.0,207850.01,0.7727017013267518,0.6891608635851503,0.010101010101010102,0.718024862071697,0
MSME_01046,Meru,Transport,52,15,253446.58,189902.01,2252321.08,1243098.68,0.0,209300.01,0.7492752939286302,0.5519187024974687,0.018867924528301886,0.8258118305962915,0
MSME_01047,Machakos,Agriculture,38,3,170643.65,163000.38,5026896.82,1284991.5,100239.45,139531.49,0.9552035765551397,0.25562315885704634,0.02564102564102564,0.8176728072049139,1
MSME_01048,Machakos,Manufacturing,97,1,154466.19,112324.77,160673.27,25888.41,293017.89,86691.37,0.7271755898453257,0.16112355761753266,0.01020408163265306,0.5612283747765464,0
MSME_01049,Kisumu,Digital Commerce,88,1,106524.46,117603.09,351529.72,201988.7,27250.57,55608.01,1.1039904451011053,0.5745975771335149,0.011235955056179775,0.5220161452482814,1
MSME_01050,Nairobi,Construction,79,1,542814.46,446912.25,1549617.83,186216.75,0.0,476582.1,0.8233226260725883,0.12016939030096839,0.0125,0.8779818098769699,0
MSME_01051,Nairobi,Retail,30,1,703194.52,683896.36,990399.5,150908.74,1430023.71,506752.92,0.9725550583712478,0.15237142953784857,0.03225806451612903,0.7206429870315442,0
MSME_01052,Kakamega,Agriculture,119,25,369096.72,369194.77,85077.55,56302.22,0.0,319098.32,1.0002629384976967,0.6617675077913293,0.008333333333333333,0.864536145062072,1
MSME_01053,Mombasa,Services,106,5,42218.91,41189.53,366619.17,194711.1,0.0,26753.25,0.9755949266590098,0.531097620733742,0.009345794392523364,0.6336643067216391,0
MSME_01054,Machakos,Services,51,2,102517.58,112448.47,1048866.93,378678.94,13260.55,91017.61,1.0968594180684126,0.3610358646393164,0.019230769230769232,0.887815750081595,1
MSME_01055,Kakamega,Services,81,10,162700.43,118303.06,740524.9,393501.86,40155.46,142178.9,0.7271175182664344,0.5313816302711356,0.012195121951219513,0.8738638621676528,0
MSME_01056,Thika,Food Services,5,1,52015.94,33671.48,474145.57,271836.88,33222.65,34941.82,0.6473175853866068,0.5733182462967095,0.16666666666666666,0.6717392449459734,0
MSME_01057,Thika,Transport,29,5,144218.34,90930.55,12150509.5,6709859.98,0.0,98827.65,0.6305017759753997,0.5522286475123823,0.03333333333333333,0.6852593417776007,0
MSME_01058,Nairobi,Services,4,10,136246.6,147529.76,707951.15,434712.6,50255.18,89636.85,1.0828063026431292,0.6140423473535604,0.2,0.6578967262542607,1
MSME_01059,Mombasa,Retail,10,2,394012.6,447325.61,962470.6,820246.78,3400.59,203180.54,1.1353049996243785,0.8522295930602005,0.09090909090909091,0.5156688500092383,1
MSME_01060,Eldoret,Agriculture,56,5,80959.93,62046.85,855599.67,351670.3,7567.96,65532.79,0.766380153982915,0.41102153414629744,0.017543859649122806,0.8094372186683133,0
MSME_01061,Kisumu,Transport,17,1,426472.38,418553.92,940343.09,320582.83,0.0,265576.99,0.9814303532848873,0.34092076869436166,0.05555555555555555,0.6227281759063132,1
MSME_01062,Mombasa,Digital Commerce,74,1,51155.84,30944.27,763197.22,99786.46,21801.78,45928.03,0.6048901769538542,0.13074776301234037,0.013333333333333334,0.897788643708251,0
MSME_01063,Meru,Construction,17,1,58815.51,41391.26,59943.7,13047.25,10495.2,53158.62,0.7037353967448936,0.21765477181468923,0.05555555555555555,0.9038043909779754,0
MSME_01064,Kakamega,Digital Commerce,84,2,91184.27,89278.6,222293.58,41124.28,3990.91,75241.67,0.9790901534864129,0.1849990224682941,0.011764705882352941,0.8251515842416214,0
MSME_01065,Nyeri,Agriculture,88,5,139786.55,88937.5,499903.93,184142.29,255152.44,81314.37,0.6362333412381861,0.36835461894724664,0.011235955056179775,0.5816996578021434,0
MSME_01066,Nairobi,Food Services,69,25,11890.41,10198.17,1934314.57,1137362.62,249848.46,6422.98,0.8576081389843593,0.5879922788400034,0.014285714285714285,0.5401361150612081,0
MSME_01067,Nairobi,Manufacturing,34,3,210933.37,203428.53,509341.42,69813.96,90087.6,182963.81,0.964416230508096,0.1370668478780935,0.02857142857142857,0.8673968590325039,0
MSME_01068,Kisumu,Food Services,6,10,736262.9,751928.36,268968.22,183471.83,17983.49,664020.6,1.0212756051193057,0.6821294644792442,0.14285714285714285,0.9018785248061191,1
MSME_01069,Kakamega,Manufacturing,53,10,255574.59,217135.85,2265231.63,946745.31,0.0,168274.81,0.8495954171523189,0.4179461735901271,0.018518518518518517,0.6584150309503345,1
MSME_01070,Thika,Transport,66,1,107939.92,102182.0,3690645.41,3213827.36,15324.23,71114.08,0.9466474808626794,0.8708033777746809,0.014925373134328358,0.6588241048899713,1
MSME_01071,Mombasa,Agriculture,77,2,45044.62,40394.51,115928.33,64306.37,0.0,30433.23,0.8967466759254284,0.5547031971978101,0.01282051282051282,0.6756090825256706,1
MSME_01072,Machakos,Agriculture,107,1,21741.49,13670.36,819387.36,587574.36,14070.77,18967.93,0.6287393946139563,0.7170889759771545,0.009259259259259259,0.8723899608554494,1
MSME_01073,Nakuru,Food Services,43,3,25770.26,25990.4,29607.94,23359.04,37385.82,21084.77,1.0085032706976687,0.7889184820530557,0.022727272727272728,0.8181505289225285,1
MSME_01074,Machakos,Retail,112,25,116910.05,81228.99,501970.13,407136.45,0.0,64872.14,0.6947930926973969,0.8110754297762105,0.008849557522123894,0.5548845896089377,1
MSME_01075,Nyeri,Transport,75,1,1095706.61,676591.21,6999302.61,3603026.8,0.0,860798.9,0.6174924804985154,0.5147693257443935,0.013157894736842105,0.7856100406202344,0
MSME_01076,Mombasa,Construction,115,5,8803.69,7466.78,814504.87,339969.48,21875.64,4440.58,0.8480457574315506,0.41739352965006865,0.008620689655172414,0.5043425719701659,0
MSME_01077,Meru,Manufacturing,111,3,268395.76,288820.86,139066.31,76265.63,49075.96,219996.97,1.0760966712116793,0.5484080334911203,0.008928571428571428,0.8196707367108306,1
MSME_01078,Eldoret,Digital Commerce,23,3,67662.31,46210.39,143237.15,60396.85,8061.7,57112.71,0.6829460456486685,0.42165337935459235,0.041666666666666664,0.8440720680084968,0
MSME_01079,Thika,Transport,55,2,95273.32,57837.73,238193.05,69688.61,0.0,82575.94,0.6070652616570761,0.2925707422162728,0.017857142857142856,0.8667177052536297,0
MSME_01080,Mombasa,Digital Commerce,80,2,52171.99,34459.0,325783.55,117000.56,0.0,40774.45,0.6604758515852743,0.35913477173794767,0.012345679012345678,0.7815241181308565,0
MSME_01081,Kisumu,Construction,95,1,33947.18,27158.17,75256.96,21539.74,0.0,19732.3,0.7999889832091145,0.2862121162997243,0.010416666666666666,0.5812476545134379,0
MSME_01082,Kakamega,Food Services,75,1,151090.95,138866.87,1082857.24,341695.72,8303.96,129513.05,0.9190884755938353,0.3155498174904224,0.013157894736842105,0.8571803461402145,0
MSME_01083,Machakos,Construction,118,1,173304.16,122379.89,1400927.1,245002.8,37630.17,156823.93,0.706152603880923,0.17488606303207135,0.008403361344537815,0.9049005234466186,0
MSME_01084,Eldoret,Services,16,3,259974.82,270654.64,479141.16,211382.79,61208.38,204134.38,1.041076204702422,0.4411692554877659,0.058823529411764705,0.7852052548579326,1
MSME_01085,Kakamega,Agriculture,8,1,24704.89,25058.5,8493950.6,2448186.96,0.0,15410.99,1.0142723051061913,0.28822709091019544,0.1111111111111111,0.623777973592532,0
MSME_01086,Nairobi,Manufacturing,4,10,319327.45,313811.06,435665.98,199837.04,0.0,185437.39,0.982721896530046,0.45869218732160977,0.2,0.5807105192161863,1
MSME_01087,Meru,Manufacturing,104,2,325073.81,282199.3,3089000.53,2266580.67,0.0,196396.06,0.8681057138816753,0.7337583513595735,0.009523809523809525,0.6041565016987935,1
MSME_01088,Nairobi,Services,4,3,203718.35,163151.78,137965.32,63277.78,25810.88,103408.84,0.800865406256205,0.45864657403343073,0.2,0.507604407730537,0
MSME_01089,Meru,Construction,56,2,87468.88,70550.01,1045425.4,902922.94,0.0,44134.69,0.8065634707627356,0.863688672870706,0.017543859649122806,0.5045701446029193,1
MSME_01090,Kakamega,Manufacturing,25,3,181394.75,159026.74,1251759.56,273220.95,53696.21,114943.92,0.8766839355387323,0.21826933898604378,0.038461538461538464,0.6336637986281376,0
MSME_01091,Thika,Manufacturing,67,25,113499.19,72925.85,310918.43,242582.29,0.0,103889.43,0.6425174266228101,0.7802094902849912,0.014705882352941176,0.9153238421891627,0
MSME_01092,Nyeri,Transport,96,1,350991.16,342310.45,891505.35,266209.28,0.0,273631.78,0.975265230995473,0.29860615126297196,0.010309278350515464,0.7795951339767818,0
MSME_01093,Nairobi,Transport,67,1,92360.59,73272.35,307147.43,260198.95,108789.87,62227.78,0.7933205783919485,0.8471440013546545,0.014705882352941176,0.6737408916412114,1
MSME_01094,Kakamega,Construction,27,5,148453.11,107423.24,501671.95,141330.19,0.0,74951.21,0.7236124348460276,0.28171778047829765,0.03571428571428571,0.5048779720547987,0
MSME_01095,Nairobi,Digital Commerce,93,1,23427.79,17643.0,519441.96,362346.83,6703.67,22147.81,0.7530478526633257,0.69756808331756,0.010638297872340425,0.9453245344723309,1
MSME_01096,Eldoret,Digital Commerce,32,1,180827.68,126427.82,135062.47,20218.08,25697.11,127507.02,0.6991580096697051,0.1496931775853234,0.030303030303030304,0.7051260895119071,0
MSME_01097,Mombasa,Food Services,50,2,62972.01,69008.66,1366095.96,824918.07,0.0,59582.62,1.095845029481678,0.603850307960571,0.0196078431372549,0.9461612204974797,1
MSME_01098,Kakamega,Construction,61,1,222451.91,154152.64,1484190.08,408062.29,61825.15,183314.38,0.6929675138886698,0.2749391877493294,0.016129032258064516,0.8240592582043543,0
MSME_01099,Eldoret,Construction,51,3,293145.66,318241.67,466015.03,296449.88,43616.21,153332.03,1.0856056487220425,0.6361366582175295,0.019230769230769232,0.5230556950572114,1
MSME_01100,Eldoret,Digital Commerce,19,1,72404.74,66231.07,975244.27,593595.56,179240.13,64191.26,0.9147212638114051,0.608662844373498,0.05,0.8865493260617183,1
MSME_01101,Thika,Agriculture,21,15,137473.75,148072.7,241900.57,202944.1,0.0,101549.07,1.0770901565560222,0.8389532155578817,0.045454545454545456,0.7386743383785023,1
MSME_01102,Meru,Construction,5,5,158656.21,136561.0,162302.16,97598.97,0.0,111650.78,0.8607298716522244,0.6013374600962791,0.16666666666666666,0.7037233290563978,1
MSME_01103,Thika,Construction,82,3,192540.87,213758.59,451385.79,192560.75,10754.41,161933.28,1.1101927596319698,0.42659810669248877,0.012048192771084338,0.8410289149056255,1
MSME_01104,Kakamega,Agriculture,92,3,293566.02,210287.18,1671487.6,425985.71,43483.23,249137.86,0.7163174528255932,0.2548540923342223,0.010752688172043012,0.8486575229056723,0
MSME_01105,Nairobi,Transport,42,10,257560.82,233113.27,666293.4,417073.55,28065.64,221088.5,0.9050769636586664,0.6259598609863748,0.023255813953488372,0.8583900362250896,1
MSME_01106,Eldoret,Food Services,61,1,91136.14,60989.33,430976.99,83218.76,3047.86,76758.63,0.6692039052355604,0.1930928305642708,0.016129032258064516,0.8422321569450172,0
MSME_01107,Mombasa,Digital Commerce,22,10,658896.62,557407.54,1091197.26,832379.96,0.0,519587.11,0.8459698792052095,0.7628127632828153,0.043478260869565216,0.7885703244762061,0
MSME_01108,Machakos,Retail,21,5,282656.45,258191.7,243035.16,72392.31,86473.08,227264.28,0.9134438168886049,0.2978664162567414,0.045454545454545456,0.8040272067833344,0
MSME_01109,Nyeri,Construction,70,5,543151.95,506826.69,167458.07,86965.52,79534.28,481429.34,0.9331196488944782,0.5193240354195208,0.014084507042253521,0.8863605361988738,0
MSME_01110,Thika,Services,1,3,188472.37,150974.07,477697.67,275515.88,17904.75,152802.71,0.8010366132891878,0.5767566403314458,0.5,0.8107389919329187,1
MSME_01111,Mombasa,Construction,5,1,199946.57,128362.62,263007.8,102570.94,18579.32,109093.02,0.6419813954228101,0.3899905250318621,0.16666666666666666,0.5456081311715867,0
MSME_01112,Kisumu,Construction,105,2,118516.68,113826.9,175000.13,110442.41,9319.04,93684.51,0.9604212637304409,0.6310954106410627,0.009433962264150943,0.7904686456906682,1
MSME_01113,Meru,Manufacturing,12,5,85496.06,74265.09,2158089.84,647801.53,0.0,49288.24,0.8686274124513755,0.3001734301416154,0.07692307692307693,0.5764904664558056,0
MSME_01114,Meru,Construction,90,1,353393.76,238640.93,10258403.23,1309994.59,13748.92,178963.49,0.6752814614455517,0.12769964612712478,0.01098901098901099,0.5064124040775251,0
MSME_01115,Nyeri,Agriculture,46,5,173614.16,193533.22,112923.42,97951.38,0.0,103539.15,1.1147253500212768,0.867406536159318,0.02127659574468085,0.5963715956601946,1
MSME_01116,Mombasa,Manufacturing,34,1,116825.44,131500.79,442823.92,157661.55,0.0,66530.01,1.1256081243252811,0.3560358572412772,0.02857142857142857,0.5694773374931222,1
MSME_01117,Nyeri,Agriculture,49,1,47924.16,51333.17,899283.55,603212.24,119929.47,26163.86,1.0711110823625836,0.6707690463491227,0.02,0.5459316150431214,1
MSME_01118,Nairobi,Construction,78,1,631034.32,671501.01,92528.67,46821.99,29269.68,376565.97,1.0641258717499364,0.5060213659034989,0.012658227848101266,0.5967430951408552,0
MSME_01119,Meru,Retail,90,1,149137.72,97576.22,558320.65,354644.69,36869.57,112391.11,0.654264834779325,0.6351978111541976,0.01098901098901099,0.7536011439551044,0
MSME_01120,Meru,Digital Commerce,45,2,39076.53,44796.59,609181.75,114982.58,63907.73,22201.78,1.1463516245781142,0.18874890991250162,0.021739130434782608,0.5681469632292522,1
MSME_01121,Thika,Construction,27,1,144556.03,118566.21,1297504.14,668316.23,22211.61,90455.53,0.8202036940022911,0.5150779055873336,0.03571428571428571,0.6257428642522609,0
MSME_01122,Kakamega,Agriculture,73,50,108997.43,75177.34,288578.46,119406.74,0.0,96170.23,0.6897103013318633,0.41377421664036657,0.013513513513513514,0.8823083965521339,1
MSME_01123,Nairobi,Construction,26,3,104616.19,109497.16,370489.45,170973.34,0.0,94115.14,1.0466459670729065,0.4614783997806151,0.037037037037037035,0.8996144897411219,1
MSME_01124,Machakos,Retail,47,1,237105.34,171700.29,2340242.14,2042953.38,82823.64,154091.91,0.7241488776723558,0.8729662935792217,0.020833333333333332,0.6498852371471805,0
MSME_01125,Thika,Agriculture,86,3,109148.05,97075.89,1206589.5,252214.76,0.0,98727.47,0.8893883180843076,0.20903095126308388,0.011494252873563218,0.9045197370018337,0
MSME_01126,Meru,Transport,111,15,98174.42,65817.0,1747275.66,1229662.97,143679.9,74963.78,0.6704020211983814,0.7037597411734442,0.008928571428571428,0.7635697407762554,1
MSME_01127,Meru,Manufacturing,56,5,520426.91,448116.27,88885.63,32378.74,0.0,313227.15,0.8610534934607946,0.3642700820134592,0.017543859649122806,0.601864627129625,0
MSME_01128,Nyeri,Food Services,94,1,23398.64,21222.05,327095.04,108689.23,9756.49,19641.57,0.9069391665854688,0.33228537404488295,0.010526315789473684,0.8393962471217506,0
MSME_01129,Nakuru,Services,107,15,126578.47,106991.49,4499683.61,1424698.45,171235.52,115812.0,0.8452515245955763,0.31662184652537234,0.009259259259259259,0.9149350996650563,0
MSME_01130,Nairobi,Food Services,63,5,337341.77,215297.51,659522.64,249975.73,16130.84,268745.39,0.6382158716488869,0.3790246699875686,0.015625,0.796653771474041,0
MSME_01131,Kisumu,Agriculture,48,1,249429.71,216184.84,627268.37,241933.43,0.0,147312.89,0.8667130041846091,0.3856930396585441,0.02040816326530612,0.5905964425952203,0
MSME_01132,Thika,Food Services,61,1,369552.68,317046.1,660859.28,209226.46,0.0,199058.09,0.8579162301942169,0.3165971179263489,0.016129032258064516,0.538644588791539,0
MSME_01133,Nairobi,Construction,81,3,1006079.73,748413.81,4799360.42,3042768.2,32529.65,606902.9,0.7438904132474539,0.6339943866948866,0.012195121951219513,0.6032347921026179,1
MSME_01134,Nakuru,Manufacturing,26,1,728652.16,806531.14,297909.6,41164.43,3150.01,475320.81,1.106879355330045,0.13817712427822307,0.037037037037037035,0.6523279333613266,1
MSME_01135,Machakos,Services,36,10,41959.72,34817.58,1632715.24,597304.45,0.0,27281.41,0.8297660288002685,0.3658348189150124,0.02702702702702703,0.6501654404404882,0
MSME_01136,Machakos,Transport,1,2,26616.77,28620.05,1001215.85,324558.62,0.0,19279.74,1.0752234315647027,0.3241641608408808,0.5,0.7243183782863855,1
MSME_01137,Thika,Transport,8,15,184767.29,122004.63,141569.88,99259.52,22955.16,134386.08,0.6603115177393264,0.7011294978176303,0.1111111111111111,0.7273222044756705,1
MSME_01138,Thika,Retail,113,3,34402.42,26675.03,509743.95,110715.79,0.0,24499.5,0.7753598334119108,0.21719840481009178,0.008771929824561403,0.7121239690705169,0
MSME_01139,Kisumu,Food Services,99,1,19409.75,13528.25,268189.94,228645.26,0.0,12707.97,0.6969462797676546,0.8525465476201396,0.01,0.6546872222866195,1
MSME_01140,Nyeri,Construction,52,1,182817.35,150755.93,158277.21,37419.09,0.0,100197.38,0.8246214343363234,0.23641340144041303,0.018867924528301886,0.5480706942164175,0
MSME_01141,Machakos,Services,79,3,234930.58,155383.13,3065422.08,1213974.25,5194.52,161689.38,0.6613973736523631,0.39602176219016394,0.0125,0.68824029532343,0
MSME_01142,Mombasa,Manufacturing,47,5,737587.97,621468.86,168730.29,43829.41,33612.29,695982.22,0.8425679955599119,0.2597586375354565,0.020833333333333332,0.9435908728407367,0
MSME_01143,Eldoret,Food Services,56,5,287342.76,228330.86,1792577.47,590400.37,0.0,228220.17,0.7946261300401999,0.32935817309018556,0.017543859649122806,0.7942409120003163,1
MSME_01144,Thika,Manufacturing,86,1,908509.01,656691.46,259383.34,183856.04,0.0,634048.26,0.7228224816147044,0.7088170396100243,0.011494252873563218,0.6978990358069913,1
MSME_01145,Nairobi,Digital Commerce,14,1,190147.28,181248.14,3718743.16,1789175.75,91260.75,102217.62,0.9531936865271672,0.48112364632258003,0.06666666666666667,0.5375679443432252,0
MSME_01146,Eldoret,Retail,90,1,42775.88,48037.37,440746.22,101398.33,0.0,25492.8,1.1229750743859768,0.23006005573897892,0.01098901098901099,0.5959480915859221,1
MSME_01147,Kisumu,Digital Commerce,28,3,303211.86,216466.71,1091200.57,149830.46,0.0,230013.87,0.7139100564534103,0.13730777531780858,0.034482758620689655,0.7585887682996031,0
MSME_01148,Kisumu,Construction,87,1,506010.7,501702.0,369705.89,104971.69,0.0,366373.62,0.9914830032586203,0.2839321982882169,0.011363636363636364,0.7240417958715184,0
MSME_01149,Thika,Digital Commerce,78,2,197024.7,198661.87,54153.15,46381.21,0.0,100214.21,1.0083043481129619,0.8564664019285687,0.012658227848101266,0.5086352186542161,1
MSME_01150,Nairobi,Food Services,88,3,568382.83,496747.43,98612.24,76548.09,38544.73,306248.15,0.8739647466747955,0.7762455629690292,0.011235955056179775,0.5388051767764048,1
MSME_01151,Eldoret,Digital Commerce,2,25,117800.68,128840.68,74781.57,33811.66,20961.12,77772.46,1.0937083410015884,0.45213289674318496,0.3333333333333333,0.6601982246772713,1
MSME_01152,Eldoret,Transport,109,2,230014.84,260265.14,989138.22,480321.74,30522.01,129583.83,1.131509638640539,0.4855956879356174,0.00909090909090909,0.5633691575328029,1
MSME_01153,Eldoret,Retail,26,1,111934.36,89461.92,704754.76,577541.53,13312.55,104214.16,0.799228411826254,0.819491748460488,0.037037037037037035,0.931020903492873,0
MSME_01154,Kisumu,Construction,14,3,1438402.37,1378087.73,1489000.61,853310.97,288546.28,741284.92,0.9580676455172653,0.5730759216573311,0.06666666666666667,0.5153526023788445,1
MSME_01155,Thika,Digital Commerce,59,3,309050.72,297991.94,322860.09,259777.64,3249.95,289989.16,0.9642138215571168,0.8046111719439465,0.016666666666666666,0.9383191913638274,1
MSME_01156,Nairobi,Food Services,56,2,43621.04,35856.47,53876.15,26586.33,0.0,34698.32,0.8219805859606749,0.493462070655185,0.017543859649122806,0.7954309335372669,0
MSME_01157,Kakamega,Transport,115,15,849665.03,657840.48,3479166.51,904855.0,0.0,580535.74,0.774234177633299,0.260078020790669,0.008620689655172414,0.6832516771324846,0
MSME_01158,Nairobi,Transport,7,10,64011.64,71280.76,2392748.51,1628843.41,16428.28,47544.3,1.1135419504647832,0.6807412991592254,0.125,0.7427329977329478,1
MSME_01159,Mombasa,Manufacturing,3,1,135089.93,139749.16,1142454.51,595349.79,21440.64,92476.64,1.0344821817423273,0.5211142007621812,0.25,0.6845510649752726,0
MSME_01160,Nakuru,Transport,111,1,212841.02,141104.13,2766378.23,1755963.18,11181.29,161321.45,0.6629524094913214,0.6347514328322946,0.008928571428571428,0.7579398560491016,0
MSME_01161,Kakamega,Agriculture,23,2,230958.19,153803.43,645700.21,145789.25,27666.24,131277.27,0.6659333625130915,0.2257843840806803,0.041666666666666664,0.5684002875139975,0
MSME_01162,Meru,Digital Commerce,110,5,216148.78,239362.84,1002705.44,619753.62,1550.19,119747.71,1.1073934010018422,0.6180808213418875,0.009009009009009009,0.5540033859854033,1
MSME_01163,Kakamega,Food Services,107,1,42914.05,27669.92,313526.37,127230.79,0.0,31664.81,0.644760288057453,0.4058044119082809,0.009259259259259259,0.7378486102194918,0
MSME_01164,Machakos,Food Services,111,3,216865.94,212231.89,201826.17,73787.28,3921.06,115394.98,0.9786272172236119,0.36559636643569837,0.008928571428571428,0.5321003745430262,1
MSME_01165,Kakamega,Manufacturing,109,3,400570.85,290300.52,109972.15,70072.1,8387.53,253007.73,0.7247152289907541,0.6371746194412,0.00909090909090909,0.6316163504749523,1
MSME_01166,Mombasa,Services,18,1,389205.99,241055.48,295577.6,169599.85,13980.06,356941.89,0.6193503359227953,0.5737893406356211,0.05263157894736842,0.9171004097331346,0
MSME_01167,Nairobi,Transport,38,3,36249.74,22938.86,17793887.33,11019504.3,0.0,32417.99,0.6327832204252934,0.6192859084892325,0.02564102564102564,0.8942711238446444,0
MSME_01168,Nakuru,Manufacturing,99,25,69171.7,55713.46,117673.83,102642.93,16780.07,60465.13,0.8054255508314697,0.8722590039008341,0.01,0.8741184022020247,1
MSME_01169,Eldoret,Agriculture,115,1,46886.19,30132.52,236761.2,156489.01,12789.12,34143.63,0.6426599674665937,0.660954366871063,0.008620689655172414,0.7282080670647995,1
MSME_01170,Mombasa,Manufacturing,15,2,187177.57,173729.15,835407.1,511869.94,0.0,95937.51,0.9281465821648279,0.6127184306687953,0.0625,0.5125453731161639,1
MSME_01171,Kakamega,Food Services,64,2,28235.98,26993.31,12954410.3,7654015.31,15713.33,15660.13,0.9559559839614576,0.5908423881832437,0.015384615384615385,0.5545964901345682,1
MSME_01172,Thika,Services,89,15,43358.46,34921.24,206979.31,86718.41,23256.85,39618.92,0.8053891815073342,0.41896936959848985,0.011111111111111112,0.9137318592067336,0
MSME_01173,Machakos,Construction,119,25,68518.91,69107.0,343054.32,264616.1,0.0,60048.83,1.008568166537288,0.771351104539058,0.008333333333333333,0.876370532302217,1
MSME_01174,Eldoret,Construction,101,2,22097.28,19214.1,1632798.43,660876.6,14246.89,14792.69,0.8694839598375982,0.4047506312517515,0.00980392156862745,0.6694045871443389,1
MSME_01175,Nakuru,Services,28,5,129599.07,108425.91,1525645.59,1007223.45,0.0,107313.08,0.8366192240482586,0.6601944753142337,0.034482758620689655,0.8280325774515399,1
MSME_01176,Nyeri,Manufacturing,74,2,16211.96,13356.12,316973.72,106032.44,34282.67,14340.09,0.8237928175977737,0.3345138691186477,0.013333333333333334,0.8844831542173669,0
MSME_01177,Eldoret,Services,39,2,216499.77,181233.81,268128.66,58507.06,0.0,168686.02,0.837104690205028,0.21820435680260067,0.025,0.7791474367504558,0
MSME_01178,Machakos,Food Services,57,1,89588.15,101444.09,1248534.02,254464.52,0.0,79203.73,1.1323256220200772,0.20381047861997495,0.017241379310344827,0.884077257123212,0
MSME_01179,Nyeri,Retail,17,1,71397.4,69596.32,506572.25,307817.15,31842.54,43559.79,0.974760218716386,0.6076458833939613,0.05555555555555555,0.6100947640283256,1
MSME_01180,Eldoret,Agriculture,103,1,84057.08,65006.84,1029919.12,373205.55,21323.1,59509.14,0.7733562317864029,0.36236358796447243,0.009615384615384616,0.7079526441717441,0
MSME_01181,Machakos,Services,86,3,125443.9,125898.37,595280.88,190513.35,72849.97,95408.72,1.003614893869739,0.32003888645157486,0.011494252873563218,0.7605627650067879,0
MSME_01182,Nairobi,Digital Commerce,90,1,241075.68,188436.1,1111917.64,637848.73,12825.74,189008.36,0.7816438321616177,0.573646944168505,0.01098901098901099,0.7840175997114279,0
MSME_01183,Machakos,Agriculture,44,15,497373.87,332814.34,1258937.11,151747.0,28026.75,469593.37,0.6691418486824636,0.12053571084602402,0.022222222222222223,0.9441437401129655,0
MSME_01184,Kisumu,Food Services,25,1,367289.56,316400.93,70450.8,20922.52,31306.54,323460.57,0.861445853658749,0.29697637249864445,0.038461538461538464,0.8806667124796238,0
MSME_01185,Nairobi,Construction,17,1,1241323.02,1257538.57,418477.6,155856.89,49290.06,651530.0,1.0130623026210352,0.3724369418173355,0.05555555555555555,0.5248669883951814,1
MSME_01186,Meru,Retail,13,2,261789.81,211451.02,1088637.05,725793.09,0.0,150819.74,0.807709865751208,0.6666982565968551,0.07142857142857142,0.5761078473304697,0
MSME_01187,Thika,Transport,84,5,153325.0,165291.37,1929351.37,1034134.26,0.0,122002.83,1.0780387540273666,0.5360007202831487,0.011764705882352941,0.7957086860675946,1
MSME_01188,Machakos,Manufacturing,25,1,84370.09,68578.03,489736.88,384341.04,19163.96,51316.38,0.8128143182694452,0.7847892836061608,0.038461538461538464,0.6082223188061219,1
MSME_01189,Kakamega,Services,68,2,87221.06,69114.97,79741.06,29313.22,67311.32,49849.94,0.7924024037038336,0.36760048586655525,0.014492753623188406,0.5715290374934965,0
MSME_01190,Nakuru,Services,10,25,228442.09,262487.76,3265550.75,1100989.56,22530.23,182752.05,1.1490291083000148,0.3371526909656232,0.09090909090909091,0.7999893977970618,0
MSME_01191,Mombasa,Digital Commerce,67,1,49048.06,42444.21,2036578.55,257745.16,163318.89,36363.79,0.865341965778753,0.1265578651224304,0.014705882352941176,0.7413758795785281,0
MSME_01192,Thika,Digital Commerce,105,2,167539.79,174722.5,827826.46,713068.06,5264.97,144475.51,1.0428654419022376,0.861372803458344,0.009433962264150943,0.862330361460036,1
MSME_01193,Mombasa,Transport,109,10,130762.12,136351.34,417727.54,209362.42,69706.75,84173.22,1.042735444060986,0.5011925208653448,0.00909090909090909,0.6437076447854716,1
MSME_01194,Nairobi,Digital Commerce,18,1,64337.82,71383.01,1499101.59,752577.68,52869.93,41714.5,1.1094858438497939,0.5020187977928848,0.05263157894736842,0.6483566220207334,1
MSME_01195,Nyeri,Retail,111,2,46574.56,30119.41,422547.97,354411.65,63147.6,26441.37,0.6466784296313346,0.8387469267763215,0.008928571428571428,0.5677091161115401,1
MSME_01196,Nyeri,Agriculture,100,2,1663971.05,1246599.11,2086945.23,692729.31,128514.55,1320387.93,0.7491707027170319,0.33193443129581734,0.009900990099009901,0.7935156903627076,0
MSME_01197,Thika,Transport,111,2,32972.49,33706.51,6300293.45,2303922.21,4198.81,27004.51,1.022230585843355,0.3656848466820467,0.008928571428571428,0.8189763958865137,1
MSME_01198,Mombasa,Retail,86,1,124522.47,113244.57,406298.84,253968.53,0.0,70018.0,0.9094235006461031,0.6250766182925398,0.011494252873563218,0.5622875751856257,1
MSME_01199,Eldoret,Agriculture,34,1,452518.45,410790.92,1860823.92,1354941.75,0.0,278005.18,0.9077862178078754,0.7281403722817728,0.02857142857142857,0.614349681544075,1
MSME_01200,Nairobi,Construction,111,2,226173.32,156380.4,332310.43,219141.64,0.0,128788.09,0.691415364927371,0.659446592011596,0.008928571428571428,0.5694195963538212,0
MSME_01201,Mombasa,Transport,8,1,82989.09,62626.4,2502566.93,1829312.93,0.0,69416.61,0.754625040170459,0.7309743356297225,0.1111111111111111,0.836444568261102,1
MSME_01202,Eldoret,Digital Commerce,40,5,40451.25,35869.49,542622.46,303915.48,60712.57,24031.84,0.886711863987788,0.56008540434282,0.024390243902439025,0.5940791921339357,0
MSME_01203,Eldoret,Construction,113,2,151719.16,114161.04,4144924.78,3275563.23,0.0,86254.0,0.7524447640972696,0.7902585966207578,0.008771929824561403,0.5685071779518291,1
MSME_01204,Nyeri,Agriculture,108,2,9513.67,6808.51,522719.25,282313.03,0.0,5055.88,0.7155802565932398,0.540084356785489,0.009174311926605505,0.5313773362607427,0
MSME_01205,Eldoret,Food Services,83,15,157923.66,102376.51,248386.32,70410.69,2351.29,138038.66,0.6482617090959701,0.2834713543348348,0.011904761904761904,0.874079197004445,0
MSME_01206,Thika,Digital Commerce,42,3,137974.83,94602.35,488347.4,260465.4,32673.75,76685.12,0.6856443624945037,0.5333597898549478,0.023255813953488372,0.5557866185693537,1
MSME_01207,Mombasa,Agriculture,41,1,388528.55,397417.02,558118.33,374137.83,116153.07,199451.2,1.0228746307713275,0.6703545458638748,0.023809523809523808,0.5133488559621785,1
MSME_01208,Eldoret,Agriculture,101,25,42474.55,42276.13,968608.75,603307.91,0.0,22466.38,0.9953050637366672,0.6228596294844234,0.00980392156862745,0.5289249933196862,0
MSME_01209,Machakos,Services,6,1,96425.75,60286.2,491567.61,144724.1,24900.01,64130.25,0.6252020315939301,0.29441281858904705,0.14285714285714285,0.66506700682124,0
MSME_01210,Nairobi,Digital Commerce,52,1,206261.83,146818.46,979290.76,130111.1,0.0,158510.91,0.7118028003397413,0.13286244744875625,0.018867924528301886,0.7684899407227178,0
MSME_01211,Kakamega,Retail,26,5,163663.5,148647.45,1000235.15,302055.62,72189.45,111158.96,0.9082449156658897,0.3019843064060422,0.037037037037037035,0.6791879729568722,0
MSME_01212,Nyeri,Retail,64,2,34799.33,27054.58,436731.74,387483.1,32902.4,24531.2,0.7774230876546285,0.8872316282035553,0.015384615384615385,0.7049128557114257,1
MSME_01213,Machakos,Manufacturing,98,2,69737.83,73419.1,1081743.87,267810.57,11845.37,63718.58,1.0527721787130642,0.24757276639546252,0.010101010101010102,0.9136743475621831,0
MSME_01214,Eldoret,Digital Commerce,59,1,540317.15,557469.04,360955.69,170189.67,0.0,454684.73,1.0317422059577306,0.47149609555650573,0.016666666666666666,0.8415129678690231,0
MSME_01215,Nakuru,Retail,56,2,172702.61,188309.63,8038691.51,4909041.12,10367.24,112855.73,1.0903630213635953,0.6106765638682204,0.017543859649122806,0.6534648001857055,1
MSME_01216,Nairobi,Services,59,1,25232.39,22951.69,1044394.73,839253.2,5914.25,14368.37,0.9095761607932981,0.8035777779367214,0.016666666666666666,0.5694189326127009,1
MSME_01217,Meru,Food Services,109,15,322298.09,255789.32,1520865.06,1077087.14,0.0,269804.63,0.793639597306961,0.7082064412693908,0.00909090909090909,0.8371250132912258,0
MSME_01218,Mombasa,Food Services,70,1,26922.97,25128.17,576994.17,477267.93,0.0,20409.92,0.9333010696416613,0.8271610488524539,0.014084507042253521,0.7580575970037107,1
MSME_01219,Eldoret,Services,101,15,98025.16,63620.8,307209.3,179258.76,48816.77,91458.55,0.6490185885073944,0.5835050452409962,0.00980392156862745,0.9330014559378843,0
MSME_01220,Nyeri,Construction,33,3,234046.84,141662.07,1989115.19,1575886.55,25735.6,212701.55,0.6052697175073267,0.7922546495385974,0.029411764705882353,0.9087951847793169,0
MSME_01221,Machakos,Agriculture,53,10,448518.8,273328.0,1083669.57,337101.86,56808.33,338021.36,0.6094000755373564,0.31107411175704436,0.018518518518518517,0.7536375428687875,0
MSME_01222,Kakamega,Retail,22,5,12862.56,10600.66,31700.18,14089.2,13480.03,6835.93,0.8240844680632733,0.4444377149367942,0.043478260869565216,0.5314182077123285,0
MSME_01223,Nakuru,Digital Commerce,21,3,271465.44,196932.62,7354172.6,5699615.99,0.0,139514.74,0.725440021241668,0.7750178742041118,0.045454545454545456,0.5139299723383856,1
MSME_01224,Kakamega,Digital Commerce,70,2,315440.27,216561.02,1768054.15,637296.77,0.0,276604.58,0.6865335661373668,0.3604507302840638,0.014084507042253521,0.8768813922160534,0
MSME_01225,Nairobi,Digital Commerce,70,1,76342.46,71642.0,461725.06,367984.58,9355.05,62151.84,0.9384169907939723,0.7969759818191765,0.014084507042253521,0.8141082418847665,1
MSME_01226,Nyeri,Manufacturing,119,1,145933.9,167430.3,1508700.0,589135.36,3949.52,109752.63,1.1472944443035902,0.3904917939339869,0.008333333333333333,0.7520656813414749,0
MSME_01227,Kakamega,Retail,112,10,6298.26,4394.7,1209808.56,472691.27,0.0,5101.69,0.6976533751583519,0.3907154362377497,0.008849557522123894,0.8098871930988718,0
MSME_01228,Meru,Services,4,10,8535.76,7686.72,1321582.68,458888.31,65234.44,6341.25,0.9004259227154096,0.3472260719805499,0.2,0.7428169469447424,1
MSME_01229,Nairobi,Digital Commerce,94,2,403742.56,268832.04,256622.9,137948.79,0.0,306946.08,0.6658484905616823,0.5375523869756481,0.010526315789473684,0.7602500953823264,0
MSME_01230,Nairobi,Manufacturing,75,1,77738.41,86587.38,794435.22,161472.92,50288.32,46771.32,1.113815759599925,0.20325473075736655,0.013157894736842105,0.6016423330200216,0
MSME_01231,Nyeri,Agriculture,62,2,94257.7,71679.71,1048097.81,135500.31,0.0,66449.51,0.7604572310036104,0.12928199966184484,0.015873015873015872,0.7049695147503625,0
MSME_01232,Meru,Digital Commerce,62,3,168497.54,182497.48,3198816.38,2616409.11,0.0,85088.41,1.0830804824777711,0.8179301282900995,0.015873015873015872,0.5049801024982175,1
MSME_01233,Eldoret,Digital Commerce,94,2,92417.14,69838.9,824990.52,695591.25,0.0,74019.67,0.7556838949582841,0.8431495756465472,0.010526315789473684,0.8009214424787168,1
MSME_01234,Nakuru,Construction,95,5,84230.12,87879.72,1223751.94,196946.39,0.0,54710.51,1.0433165319421136,0.1609363978320657,0.010416666666666666,0.6495284640641131,0
MSME_01235,Thika,Construction,24,50,197696.65,141384.68,244671.44,132063.38,200035.41,157237.21,0.7151560982136105,0.5397558466331558,0.04,0.7953418262685469,0
MSME_01236,Meru,Food Services,55,1,29865.63,22728.77,790750.99,420478.46,13764.15,27384.03,0.761008858381411,0.5317450544765623,0.017857142857142856,0.9168771300946909,0
MSME_01237,Mombasa,Services,9,2,425031.11,300013.08,2064680.19,821628.22,88610.96,325675.62,0.7058597996278446,0.39794435285188023,0.1,0.7662376849598492,0
MSME_01238,Eldoret,Retail,119,2,105847.0,78892.31,320931.16,178156.54,49006.78,68550.57,0.7453358589675761,0.5551221167738378,0.008333333333333333,0.6476321706598142,1
MSME_01239,Nakuru,Retail,3,2,48744.2,51628.69,457846.19,213583.18,0.0,28916.1,1.059154337247565,0.46649446510745207,0.25,0.5932091775190173,1
MSME_01240,Kisumu,Food Services,115,1,42607.7,40539.86,229417.78,112806.56,36721.03,26129.97,0.9514455967912657,0.49170586645086334,0.008620689655172414,0.6132543353822107,1
MSME_01241,Eldoret,Food Services,31,1,139058.76,114477.87,143415.35,101003.05,27338.37,131310.92,0.8232278698021627,0.70426454166488,0.03125,0.9442769065616107,0
MSME_01242,Nyeri,Construction,40,15,98090.16,111267.26,259653.47,135219.27,0.0,76207.56,1.1343250502899547,0.5207661936264759,0.024390243902439025,0.7769054826143355,1
MSME_01243,Kisumu,Construction,101,2,28315.37,24228.72,1432292.06,514087.54,0.0,19771.08,0.8556435729579746,0.3589262242183872,0.00980392156862745,0.6982208524609617,0
MSME_01244,Kisumu,Services,36,2,72996.36,82731.74,542893.52,306824.36,3872.58,44085.33,1.133352493843613,0.5651638554023348,0.02702702702702703,0.6039304709101809,1
MSME_01245,Thika,Services,24,15,59325.88,42010.01,260689.31,159699.1,0.0,50300.8,0.7081108934095305,0.6126008289299284,0.04,0.847858508655773,0
MSME_01246,Eldoret,Services,95,5,470643.66,516555.48,9968196.29,6278459.21,0.0,317378.32,1.097548796155469,0.6298490115457979,0.010416666666666666,0.6743480739800597,1
MSME_01247,Kisumu,Construction,6,1,151820.23,92246.31,314226.27,186853.18,9242.26,96482.81,0.6075982258871173,0.5946434248052372,0.14285714285714285,0.6355027554446766,0
MSME_01248,Nairobi,Transport,66,3,640074.23,576013.53,1543386.22,974929.62,18522.54,384068.3,0.8999153583868572,0.6316818017969593,0.014925373134328358,0.6000361863714051,1
MSME_01249,Kakamega,Transport,84,2,65514.43,54552.48,1087690.24,378596.94,12363.21,38229.9,0.83266613681693,0.3480739074445428,0.011764705882352941,0.5835251329343332,1
MSME_01250,Mombasa,Services,92,5,99595.09,88519.95,982460.55,448893.23,19612.16,62049.7,0.8887894093031162,0.45690666469339175,0.010752688172043012,0.6230134134783806,0
MSME_01251,Kisumu,Transport,75,5,196133.97,177382.51,81060.2,51470.38,0.0,153424.1,0.9043900228500813,0.6349570448007185,0.013157894736842105,0.7822373542056269,1
MSME_01252,Nakuru,Food Services,4,3,243807.1,198450.99,3349033.9,2356028.05,77061.82,148218.02,0.8139638920938229,0.7034946246753057,0.2,0.6079290228667545,1
MSME_01253,Eldoret,Services,79,2,274029.51,314862.32,1070221.14,478728.01,241448.74,144487.34,1.149004612661561,0.4473164888926705,0.0125,0.5272673469826407,1
MSME_01254,Kakamega,Transport,6,10,54840.84,62358.37,2197339.34,861942.12,52561.37,36280.56,1.1370583116831967,0.3922660974767341,0.14285714285714285,0.6615489195840256,0
MSME_01255,Meru,Retail,118,1,56405.44,63679.48,2860234.34,1924097.16,0.0,43047.69,1.12893988700581,0.6727058899985482,0.008403361344537815,0.7631697728131752,1
MSME_01256,Nakuru,Food Services,113,1,93393.75,106328.48,5702437.49,1583786.68,24463.94,49227.67,1.1384845507911312,0.27773849429106245,0.008771929824561403,0.5270924757547935,1
MSME_01257,Meru,Retail,94,2,585901.44,607085.77,220131.07,23684.73,16867.1,412287.91,1.036155046563725,0.10759327343807742,0.010526315789473684,0.703680138283773,0
MSME_01258,Eldoret,Food Services,102,1,48987.32,56028.01,307883.88,146839.92,11171.22,25646.33,1.1437013965777965,0.4769312478092461,0.009708737864077669,0.5235192796976913,1
MSME_01259,Kisumu,Digital Commerce,51,1,78674.55,85818.05,362787.65,86596.88,0.0,66533.56,1.0907842398305445,0.23869787547102148,0.019230769230769232,0.8456700969996396,1
MSME_01260,Nyeri,Agriculture,62,10,276470.09,229128.17,257933.36,103850.73,0.0,246707.29,0.828759961846282,0.4026246445025781,0.015873015873015872,0.8923438975120328,0
MSME_01261,Machakos,Retail,57,25,262066.68,270355.17,3562646.56,1186316.13,0.0,244695.24,1.0316234722267164,0.33298722649960916,0.017241379310344827,0.9337101011463909,0
MSME_01262,Meru,Services,66,2,232214.87,255816.57,218854.38,157971.17,0.0,188342.2,1.1016325886770788,0.7218061991439279,0.014925373134328358,0.8110651524376866,1
MSME_01263,Meru,Digital Commerce,79,1,144472.37,143306.96,462728.71,168954.65,32914.85,113328.31,0.9919264706014679,0.36512600412020224,0.0125,0.7844235238646402,0
MSME_01264,Thika,Food Services,75,1,45929.66,38237.83,102971.1,63073.98,592181.24,37310.26,0.8325120954064235,0.6125346574460461,0.013157894736842105,0.8123170884110962,1
MSME_01265,Meru,Manufacturing,8,1,66784.35,42487.18,1755814.19,1122193.66,13304.54,59076.88,0.6361751491906533,0.639129713873816,0.1111111111111111,0.8845784292513252,0
MSME_01266,Kisumu,Food Services,26,1,411058.24,429692.87,625830.66,291113.54,27953.83,354822.08,1.0453307654633917,0.46516269247228553,0.037037037037037035,0.8631896463390533,1
MSME_01267,Mombasa,Agriculture,51,15,288842.64,324661.61,2105309.6,347086.28,0.0,201416.73,1.1240047037213627,0.16486226782879448,0.019230769230769232,0.6973209796137454,1
MSME_01268,Eldoret,Food Services,45,1,35066.98,28030.96,1691627.3,1116968.09,21454.24,27807.52,0.7993320402258698,0.6602916787334429,0.021739130434782608,0.7929604157410834,1
MSME_01269,Nyeri,Agriculture,44,2,317889.03,217292.51,101749.58,16293.6,0.0,182107.22,0.6835461621743846,0.16013274813765188,0.022222222222222223,0.5728623197147767,0
MSME_01270,Nyeri,Services,5,1,493253.46,384529.11,910646.75,163343.04,0.0,400875.24,0.7795755359211551,0.17937016810286965,0.16666666666666666,0.8127148814832814,0
MSME_01271,Thika,Transport,70,10,140622.01,129434.45,197035.68,50598.35,0.0,116554.09,0.9204357807445595,0.2567966025412121,0.014084507042253521,0.8288408134628891,1
MSME_01272,Kisumu,Retail,26,5,204082.82,158023.56,864022.44,280203.03,11816.91,175631.52,0.7743071449760202,0.3243002643539393,0.037037037037037035,0.8605852242475664,0
MSME_01273,Thika,Agriculture,118,25,366401.57,342893.36,361025.8,280575.3,109971.05,318015.26,0.9358377589982515,0.7771592025855144,0.008403361344537815,0.8679394907082666,1
MSME_01274,Nairobi,Manufacturing,68,5,66455.22,75211.94,6585167.9,4214095.37,0.0,46382.99,1.1317517005932627,0.6399373249181202,0.014492753623188406,0.6979480626493652,1
MSME_01275,Kisumu,Retail,19,2,1369009.17,1326438.42,17825005.86,7304156.76,46516.6,1241119.83,0.9689032624206144,0.40977020751620624,0.05,0.9065818919372967,0
MSME_01276,Mombasa,Food Services,84,1,452742.12,361950.42,543759.79,480086.58,0.0,426223.95,0.7994608951760548,0.8829003282858994,0.011764705882352941,0.9414255704205953,0
MSME_01277,Nakuru,Food Services,97,3,225038.81,250842.69,821387.54,242212.43,0.0,211563.15,1.1146591796358165,0.294881676824953,0.01020408163265306,0.9401143291047037,0
MSME_01278,Machakos,Agriculture,20,2,128732.53,117288.13,47000.17,27629.12,2604.66,98299.19,0.911092316042293,0.5878389835827491,0.047619047619047616,0.7635865341376097,1
MSME_01279,Kisumu,Digital Commerce,113,3,218551.61,146561.76,101402.24,78867.75,0.0,164299.94,0.670601737494693,0.7777636099201564,0.008771929824561403,0.7517637972843244,1
MSME_01280,Thika,Manufacturing,12,1,27993.22,24478.38,1159432.9,859856.38,4109.48,19757.63,0.8744083600114595,0.7416174220884866,0.07692307692307693,0.7057753350513071,1
MSME_01281,Kakamega,Agriculture,47,1,1068843.49,1025555.38,701629.66,120853.04,90880.46,678616.58,0.9594991503394474,0.17224595059742684,0.020833333333333332,0.6349067486889509,0
MSME_01282,Nairobi,Digital Commerce,1,2,412046.54,437197.82,1209293.46,795496.67,0.0,267908.95,1.0610373259357404,0.6578188326439535,0.5,0.6501894174638199,1
MSME_01283,Nakuru,Manufacturing,90,3,576086.79,642372.62,279950.49,85746.32,0.0,343974.77,1.1150602931542777,0.30628992187182147,0.01098901098901099,0.5970874161384326,1
MSME_01284,Eldoret,Construction,14,5,137414.5,106438.37,1048841.49,403370.57,18025.33,127805.82,0.7745732468316893,0.38458641201692734,0.06666666666666667,0.9300684420607573,0
MSME_01285,Eldoret,Agriculture,64,1,92940.13,63713.41,35052.44,17217.53,0.0,72393.11,0.6855243744077568,0.49117946769275705,0.015384615384615385,0.7789135983175586,0
MSME_01286,Nairobi,Transport,38,2,67893.31,43492.84,351139.09,257244.54,25616.05,62496.36,0.640596244368637,0.7325980351602689,0.02564102564102564,0.9204948102425667,0
MSME_01287,Meru,Services,37,1,300611.68,302443.92,1276807.22,297446.48,110733.64,202674.36,1.0060916924728525,0.2329609688759679,0.02631578947368421,0.6742042950417128,0
MSME_01288,Eldoret,Transport,11,1,79813.9,82793.91,5586598.37,1043823.44,69899.88,50616.99,1.0373239833665144,0.18684415524859802,0.08333333333333333,0.6341797083000793,0
MSME_01289,Meru,Transport,100,2,110485.89,91168.01,633888.59,141200.58,4020.3,61842.84,0.8251477618747346,0.2227526405663169,0.009900990099009901,0.5597301182067845,0
MSME_01290,Nyeri,Agriculture,77,1,230129.88,188190.77,1480356.42,406474.53,1676441.86,146157.94,0.8177554007528237,0.2745786419606692,0.01282051282051282,0.6351079003391461,0
MSME_01291,Eldoret,Digital Commerce,107,1,68917.93,77520.98,326687.98,48219.63,0.0,62065.58,1.12481403875539,0.14760103019085616,0.009259259259259259,0.9005592512826303,1
MSME_01292,Meru,Retail,3,2,378490.69,417919.85,1242087.18,1044701.11,0.0,288419.1,1.1041717983293107,0.8410844953053173,0.25,0.7620222784811999,1
MSME_01293,Eldoret,Food Services,33,1,130909.16,95340.65,403247.68,143260.48,178897.75,92109.66,0.7282906842371898,0.3552658374479986,0.029411764705882353,0.7036097121873505,1
MSME_01294,Kakamega,Retail,6,1,29492.19,30360.56,7615081.59,1839655.25,0.0,22287.61,1.0294091619116144,0.24158047247127756,0.14285714285714285,0.7556866517321457,1
MSME_01295,Meru,Food Services,50,1,68186.19,64264.48,491569.3,299988.7,105166.21,61484.18,0.9424714524824971,0.6102661206342206,0.0196078431372549,0.901696931637746,1
MSME_01296,Eldoret,Manufacturing,10,1,492961.05,337590.82,594919.66,434051.54,43824.42,289254.85,0.6848211135116791,0.7295956741525835,0.09090909090909091,0.5867690017923286,1
MSME_01297,Nairobi,Transport,5,1,52208.34,41569.54,1846838.3,1297565.19,0.0,48791.13,0.7962088775686497,0.7025869494979882,0.16666666666666666,0.9345287643934974,0
MSME_01298,Nyeri,Transport,23,3,325812.55,227290.13,1332989.33,899722.15,0.0,260580.8,0.6976079724124427,0.6749652489977178,0.041666666666666664,0.799785030426144,0
MSME_01299,Eldoret,Food Services,10,1,150493.24,114726.39,470466.04,66064.71,19378.75,133172.61,0.7623307709318311,0.14042367346286364,0.09090909090909091,0.8849017078660286,0
MSME_01300,Eldoret,Services,44,1,112229.34,105317.77,1192771.8,865627.43,77558.66,82649.4,0.9384072969929522,0.7257270034997445,0.022222222222222223,0.7364265313639787,1
MSME_01301,Thika,Transport,2,2,1643919.93,1325650.47,205718.95,103168.65,0.0,997016.14,0.8063955180618085,0.5015004621574135,0.3333333333333333,0.606486675730809,0
MSME_01302,Thika,Retail,13,3,36893.25,30131.93,957027.15,592657.07,43361.63,27867.15,0.8167107340574751,0.6192681688621176,0.07142857142857142,0.755325016770906,1
MSME_01303,Nyeri,Agriculture,40,10,63568.06,57008.22,1410041.97,1219883.29,6691.51,33727.48,0.8967919299105571,0.8651390886335897,0.024390243902439025,0.5305643972083275,0
MSME_01304,Machakos,Transport,2,5,130166.53,84344.43,439236.04,328784.88,0.0,115000.54,0.6479682759594501,0.7485363256249974,0.3333333333333333,0.8834810032886081,1
MSME_01305,Nairobi,Construction,84,5,1492181.04,1501639.24,467939.79,355773.5,0.0,1182270.85,1.0063378326145782,0.7602959767623593,0.011764705882352941,0.7923100656003071,1
MSME_01306,Kakamega,Digital Commerce,65,2,130470.03,107108.1,342691.4,84018.94,0.0,81841.98,0.820933965187521,0.24517304731590195,0.015151515151515152,0.6272808607397367,0
MSME_01307,Kisumu,Digital Commerce,63,3,175299.8,151497.31,130215.4,62651.02,41836.11,109301.39,0.8642134548159507,0.4811300266325901,0.015625,0.6235076508492831,1
MSME_01308,Thika,Transport,101,3,95240.88,108180.77,1200503.57,1031785.26,126926.91,86313.26,1.1358529462039177,0.8594596686958051,0.00980392156862745,0.906253215497216,1
MSME_01309,Nairobi,Construction,73,1,190732.76,150564.78,412405.79,233482.8,30285.14,167541.22,0.7893976399353737,0.566146837689069,0.013513513513513514,0.8784035925260425,0
MSME_01310,Eldoret,Manufacturing,17,1,101334.54,96928.56,1422214.7,258941.34,0.0,85465.44,0.9565110128193919,0.18206896464439254,0.05555555555555555,0.8433905814287861,0
MSME_01311,Eldoret,Agriculture,9,1,267085.1,217908.69,586012.17,401685.48,43420.27,183395.68,0.8158743191802195,0.68545469720416,0.1,0.6866537794366686,1
MSME_01312,Kakamega,Food Services,75,15,289001.55,315547.93,1525381.12,204921.95,60714.42,257970.67,1.0918517154952438,0.13434138719286942,0.013157894736842105,0.8926242000286849,1
MSME_01313,Meru,Services,15,2,105439.74,112368.81,93311.85,64743.29,0.0,64434.28,1.065705817315015,0.6938303781312005,0.0625,0.6110947248663088,1
MSME_01314,Mombasa,Agriculture,24,5,43239.94,31690.26,184379.76,148207.79,0.0,22091.9,0.7328762973237861,0.8038137493304616,0.04,0.5109023994390501,1
MSME_01315,Nyeri,Agriculture,38,2,146322.72,143463.59,265591.83,116913.55,29861.54,101657.19,0.980453408374254,0.44019844210402814,0.02564102564102564,0.6947417001153333,1
MSME_01316,Meru,Food Services,119,2,541512.67,344317.91,3067780.65,1321876.9,188040.6,494826.9,0.6358434312470818,0.4308901515203991,0.008333333333333333,0.9137846880208952,0
MSME_01317,Machakos,Agriculture,35,1,58298.95,65863.35,1183205.53,406276.22,54998.66,44135.35,1.1297325297877616,0.343368811529463,0.027777777777777776,0.757039242743776,1
MSME_01318,Nairobi,Manufacturing,94,1,186077.19,147362.82,531674.29,426163.86,4616.23,112250.34,0.7919403128330086,0.8015491184478405,0.010526315789473684,0.6032428625837343,1
MSME_01319,Nairobi,Construction,95,10,39905.11,42200.19,411221.23,221330.65,0.0,31639.55,1.0574869362110213,0.5382263745809657,0.010416666666666666,0.7928497666146863,1
MSME_01320,Mombasa,Services,49,3,47107.74,36514.96,1491543.73,840347.6,0.0,39346.44,0.7751207100847953,0.5634075754469663,0.02,0.835225905001917,0
MSME_01321,Nairobi,Retail,69,2,489121.32,463698.71,359702.24,226384.33,0.0,365692.54,0.9480219794508662,0.6293641669727523,0.014285714285714285,0.7476504854654762,1
MSME_01322,Machakos,Services,62,10,266074.97,303584.87,1763341.41,599861.87,0.0,233924.89,1.1409706408286326,0.34018456460761926,0.015873015873015872,0.8791657886279624,1
MSME_01323,Nyeri,Agriculture,60,1,188898.5,204428.3,563982.19,251665.24,50617.72,144803.48,1.0822066760367284,0.44622826435660257,0.01639344262295082,0.7665635959862256,1
MSME_01324,Thika,Retail,108,50,13071.99,8996.16,3442226.14,2386442.41,14282.37,7100.83,0.6881486178754822,0.6932844094652045,0.009174311926605505,0.543168012826446,0
MSME_01325,Mombasa,Manufacturing,50,2,76657.84,69077.81,234789.14,208584.22,0.0,66255.01,0.9011069043048395,0.8883857729289654,0.0196078431372549,0.8642840147333302,1
MSME_01326,Meru,Manufacturing,78,2,244461.72,193538.51,625577.65,79726.39,29360.83,138331.18,0.7916892604320201,0.12744423103314026,0.012658227848101266,0.5658579762182143,0
MSME_01327,Nairobi,Digital Commerce,117,2,31286.27,26245.63,242140.42,32475.58,0.0,28071.29,0.838859702364572,0.1341182355335985,0.00847457627118644,0.8972112299986544,1
MSME_01328,Nairobi,Digital Commerce,75,1,93537.21,73365.98,5146578.09,2277185.75,0.0,68733.97,0.7843423559206445,0.4424659001985725,0.013157894736842105,0.7348223790042593,0
MSME_01329,Mombasa,Agriculture,9,1,286832.5,225099.72,747903.68,469457.25,0.0,237881.67,0.784774860677013,0.6276966337474984,0.1,0.8293371241504218,1
MSME_01330,Nyeri,Transport,34,3,29403.27,26416.02,217767.46,89086.86,0.0,27563.88,0.8983736035616596,0.40908981952666607,0.02857142857142857,0.9374107910177671,1
MSME_01331,Kakamega,Agriculture,76,10,24852.49,17535.42,247081.27,222301.72,0.0,17256.93,0.7055516146826863,0.8997072918263217,0.012987012987012988,0.6943463473339156,1
MSME_01332,Nairobi,Retail,99,5,29916.69,26792.41,1351681.46,346418.94,0.0,21147.36,0.8955373894174317,0.25628722000284004,0.01,0.706851364527141,0
MSME_01333,Kisumu,Manufacturing,35,1,186182.98,140276.03,82272.52,8748.89,212078.75,162282.79,0.7534269597201649,0.10633907483233973,0.027777777777777776,0.8716259583665577,0
MSME_01334,Kakamega,Retail,1,2,76343.75,57940.37,588972.95,148482.14,0.0,41959.06,0.7589306402863327,0.2521030683954698,0.5,0.5495998087622266,1
MSME_01335,Machakos,Retail,40,1,320631.78,322655.42,262258.29,212291.24,2535.98,164312.41,1.0063082757789144,0.809470810357185,0.024390243902439025,0.5124629178588664,1
MSME_01336,Nyeri,Digital Commerce,64,1,150394.69,92684.71,602249.16,130157.6,0.0,116096.04,0.6162723812098605,0.21611883008881227,0.015384615384615385,0.7719372809154305,0
MSME_01337,Machakos,Services,22,3,873737.02,707307.74,823645.35,397968.82,84684.49,502734.21,0.8095192423925881,0.48317924313025856,0.043478260869565216,0.5753832367280984,1
MSME_01338,Thika,Food Services,60,2,38658.34,31860.04,648140.05,282213.75,54472.38,23778.06,0.8241227087684374,0.4354202684739687,0.01639344262295082,0.6150663720591195,0
MSME_01339,Machakos,Manufacturing,64,1,185678.45,160948.04,529992.6,335262.86,265413.45,174412.59,0.8668058850885222,0.6325790726529528,0.015384615384615385,0.9393209103107533,1
MSME_01340,Eldoret,Manufacturing,93,1,60161.34,58233.53,889752.94,127836.56,73743.52,47763.09,0.9679399105819355,0.1436763067326232,0.010638297872340425,0.793903461866676,0
MSME_01341,Meru,Retail,72,50,242853.27,195090.77,5955851.66,3734319.81,6530.61,214947.78,0.8033244381496771,0.6270000322674201,0.0136986301369863,0.8850895642065507,0
MSME_01342,Kakamega,Services,11,1,150231.98,107750.19,3364073.78,1291135.94,0.0,135810.61,0.7172206129439754,0.3838012007568988,0.08333333333333333,0.9039999739071939,0
MSME_01343,Nairobi,Construction,105,2,49359.19,53637.65,486377.18,408961.33,9211.88,27374.98,1.086658094306363,0.8408299278557274,0.009433962264150943,0.5545963255003677,1
MSME_01344,Nyeri,Manufacturing,101,2,113873.99,129767.52,1741085.7,1356497.04,0.0,104479.37,1.1395611977660767,0.7791094148269584,0.00980392156862745,0.9174918039509816,1
MSME_01345,Thika,Construction,14,1,143357.68,87592.7,1641652.57,688845.62,0.0,127578.82,0.6110038122560838,0.41960474035944134,0.06666666666666667,0.8899274184165201,0
MSME_01346,Machakos,Construction,60,1,73181.0,65903.64,462830.58,413915.62,0.0,38083.7,0.9005443961629909,0.8943115333659816,0.01639344262295082,0.5203970921811374,1
MSME_01347,Mombasa,Agriculture,30,2,275727.19,217255.46,702132.84,99390.42,38025.16,259112.82,0.7879334354604801,0.1415548067018106,0.03225806451612903,0.9397400389129599,0
MSME_01348,Nairobi,Food Services,35,5,47520.07,35751.45,1390284.99,1016167.33,0.0,33560.7,0.752328388228632,0.7309052506527811,0.027777777777777776,0.7062277848541709,0
MSME_01349,Nairobi,Agriculture,85,2,1078421.07,846170.71,303637.71,135747.07,28561.52,1012119.51,0.7846377902855789,0.44706773388676296,0.011627906976744186,0.9385189140277888,0
MSME_01350,Mombasa,Services,37,3,345825.75,329012.66,546497.1,244089.71,0.0,301122.41,0.9513800190413263,0.4466432911660626,0.02631578947368421,0.8707319777894567,0
MSME_01351,Eldoret,Digital Commerce,5,50,188856.19,133123.56,575378.53,135850.92,18397.9,131833.03,0.7048900812301613,0.23610662687287468,0.16666666666666666,0.6980567168239663,0
MSME_01352,Nyeri,Transport,83,5,2292868.64,2526909.52,527753.21,270158.95,0.0,1674254.62,1.1020729115677068,0.5119029746820969,0.011904761904761904,0.7302005272310205,0
MSME_01353,Meru,Transport,78,2,97802.08,83754.08,503409.47,84459.42,22058.85,61008.34,0.8563542170655566,0.16777446047159092,0.012658227848101266,0.6237875126223018,0
MSME_01354,Nakuru,Construction,26,2,245579.47,191322.92,1239998.03,735643.39,26527.15,176599.61,0.7790640680832641,0.5932612624705037,0.037037037037037035,0.7191109700213538,1
MSME_01355,Meru,Retail,62,3,166488.32,169991.61,752975.3,220826.84,27413.36,91297.46,1.0210361241189523,0.29327196619601437,0.015873015873015872,0.548368267706301,0
MSME_01356,Kisumu,Construction,4,3,295808.54,180144.64,1570970.16,1068081.3,83836.56,268856.17,0.6089886080077067,0.6798860012172344,0.2,0.9088826885028792,1
MSME_01357,Thika,Transport,89,2,594880.82,498224.03,15008888.23,8793545.74,49274.06,488364.7,0.8375176602303968,0.5858891757574788,0.011111111111111112,0.8209440658314285,0
MSME_01358,Meru,Services,109,3,230717.52,183516.63,383834.54,267580.27,47189.13,198957.64,0.7954135194695251,0.6971221841520981,0.00909090909090909,0.8623392695133447,1
MSME_01359,Nairobi,Agriculture,42,1,377676.73,296859.75,947162.51,662818.32,11717.56,279104.99,0.7860133823617295,0.6997929217100012,0.023255813953488372,0.7390030383840742,1
MSME_01360,Nakuru,Transport,89,2,76850.1,60357.24,1342839.88,345602.99,48132.81,42769.79,0.7853789991294854,0.2573670456026034,0.011111111111111112,0.5565280132620092,0
MSME_01361,Eldoret,Services,18,1,108428.89,66922.23,2704219.2,271881.61,0.0,80428.22,0.6171935616645926,0.10053974524707714,0.05263157894736842,0.7417532195227718,0
MSME_01362,Thika,Retail,40,1,685763.13,468831.58,1228551.15,482340.25,0.0,444472.45,0.6836630256528582,0.3926086898305457,0.024390243902439025,0.6481418764203954,0
MSME_01363,Machakos,Manufacturing,72,1,242039.49,164111.69,196531.71,164154.17,0.0,122120.45,0.6780340347187366,0.8352511396194559,0.0136986301369863,0.5045455411200003,1
MSME_01364,Mombasa,Food Services,39,3,170812.82,195364.73,329423.22,185241.1,109636.38,132681.61,1.1437290612668225,0.5623177919340601,0.025,0.776761564140419,0
MSME_01365,Thika,Services,104,2,62740.08,38408.92,869563.94,593044.0,13881.39,55471.15,0.6121813650641652,0.6820008175582608,0.009523809523809525,0.8841280704763131,0
MSME_01366,Nyeri,Retail,14,1,350317.82,242381.58,318369.99,255860.04,0.0,287172.48,0.6918885488367424,0.8036537499851981,0.06666666666666667,0.819746081583627,1
MSME_01367,Thika,Retail,32,2,60994.23,69277.0,124030.82,102306.4,0.0,36632.5,1.1357773386541865,0.8248399483293883,0.030303030303030304,0.6005797502526017,1
MSME_01368,Nakuru,Retail,51,2,45425.74,42951.91,277156.73,145013.98,92602.38,39457.25,0.9455204137474977,0.5232182411076899,0.019230769230769232,0.8685908343852101,1
MSME_01369,Thika,Agriculture,38,1,149481.18,126740.15,278965.8,148620.05,0.0,95559.55,0.847861263462976,0.5327517468028453,0.02564102564102564,0.6392705137160831,1
MSME_01370,Nakuru,Manufacturing,97,3,12058.29,7757.32,217239.43,169609.92,28718.69,7214.7,0.6432650678439609,0.7807474879330704,0.01020408163265306,0.5982690523239759,1
MSME_01371,Meru,Retail,23,5,245506.01,237726.82,15128674.48,11285814.89,15589.98,228937.74,0.9683097032545017,0.7459882991686725,0.041666666666666664,0.9325099922808721,1
MSME_01372,Nairobi,Manufacturing,63,5,194258.34,131278.16,1064860.66,701835.69,55767.24,98580.03,0.6757881500060693,0.6590862610266202,0.015625,0.5074661017586078,0
MSME_01373,Meru,Construction,15,3,93638.46,90749.94,837923.99,488988.51,32271.71,53880.14,0.9691420689525548,0.5835707442022943,0.0625,0.575399943570798,1
MSME_01374,Nakuru,Digital Commerce,97,2,102527.04,116731.86,2198766.48,1305566.15,143103.99,72809.63,1.1385359556273582,0.5937718116514985,0.01020408163265306,0.7101435860863039,1
MSME_01375,Kisumu,Digital Commerce,25,1,118264.52,105561.13,6311898.43,2463717.48,79193.52,68023.52,0.892577397030005,0.39032901384488633,0.038461538461538464,0.5751762643921914,1
MSME_01376,Eldoret,Retail,17,1,60528.68,43444.25,1160086.77,896438.72,27635.34,34809.52,0.7177346716519896,0.7727335320499068,0.05555555555555555,0.575081844146541,1
MSME_01377,Kisumu,Agriculture,97,1,160263.18,151273.39,2473295.64,1469691.04,10699.31,125879.79,0.9439001902982939,0.5942235218497689,0.01020408163265306,0.7854518083828838,0
MSME_01378,Nairobi,Services,111,25,103839.85,91598.31,399343.25,111345.86,55243.04,90191.51,0.8821028525864338,0.27882174339557914,0.008928571428571428,0.8685551976895411,0
MSME_01379,Machakos,Retail,119,1,149111.88,133190.78,245838.53,71754.03,25355.83,118950.7,0.8932211623838262,0.29187344281043814,0.008333333333333333,0.7977225039178373,1
MSME_01380,Meru,Digital Commerce,66,1,114036.22,98408.56,2171697.65,1714082.76,0.0,62224.26,0.862951236447188,0.7892820488699019,0.014925373134328358,0.5456486925935234,1
MSME_01381,Thika,Construction,78,15,93664.2,90906.47,2122350.55,1274611.66,9001.06,84571.31,0.9705469053607957,0.6005657545282731,0.012658227848101266,0.9029106861459752,1
MSME_01382,Mombasa,Transport,53,25,176044.6,161005.1,1896357.08,794504.03,43615.89,161122.45,0.9145647491331791,0.41896308422932443,0.018518518518518517,0.9152313377897545,1
MSME_01383,Thika,Agriculture,104,5,291006.2,332575.65,848055.82,211743.09,0.0,182301.17,1.1428433729474734,0.2496803103358098,0.009523809523809525,0.6264490019490927,1
MSME_01384,Thika,Digital Commerce,104,1,78844.34,83119.66,286230.17,168352.79,22284.25,59046.58,1.0542114473727935,0.5881707083124456,0.009523809523809525,0.7488911836768033,1
MSME_01385,Thika,Retail,51,1,197891.32,147544.62,409761.58,101394.81,0.0,142156.51,0.7455803236831019,0.24744770496124852,0.019230769230769232,0.7183528395644662,0
MSME_01386,Kakamega,Retail,39,2,224006.51,223819.71,2917057.64,1388909.23,37800.16,179362.26,0.9991616352505324,0.47613346230160114,0.025,0.8006975301854835,1
MSME_01387,Meru,Retail,51,1,36906.25,26493.71,358959.43,230454.98,11594.47,34694.68,0.7178456807266864,0.6420066412334084,0.019230769230769232,0.9400505320770309,0
MSME_01388,Nakuru,Transport,70,1,353820.31,364537.71,912098.45,503781.48,0.0,333960.78,1.0302876047799383,0.5523317440877746,0.014084507042253521,0.9438684741741531,1
MSME_01389,Mombasa,Services,6,2,1041790.4,709622.51,289215.06,242269.65,39550.2,759584.95,0.6811560452505175,0.8376770294153097,0.14285714285714285,0.7291142449438534,0
MSME_01390,Machakos,Transport,67,25,122015.62,104988.9,579884.36,76415.4,6225.65,66056.49,0.8604475357537358,0.1317767360086483,0.014705882352941176,0.5413728883819271,0
MSME_01391,Thika,Digital Commerce,7,2,112286.01,116197.31,199455.95,64591.0,32070.02,73043.47,1.0348241528561497,0.3238342910587974,0.125,0.6505068573827018,0
MSME_01392,Kakamega,Services,51,3,107688.04,81203.46,666955.08,97154.6,0.0,73885.29,0.7540550087548372,0.14566866232031353,0.019230769230769232,0.6860985110462494,0
MSME_01393,Nairobi,Retail,72,3,247856.63,262831.02,411249.26,105149.6,0.0,183558.91,1.060411253024569,0.25568275628567383,0.0136986301369863,0.7405820430058981,0
MSME_01394,Thika,Digital Commerce,42,1,222076.8,211924.09,94102.67,18744.0,74551.18,207012.59,0.9542785906560675,0.19918458015505666,0.023255813953488372,0.9321624673875553,0
MSME_01395,Mombasa,Transport,64,3,27155.61,22230.59,1600449.37,1098115.21,0.0,16784.55,0.8186069616200254,0.6861288738369312,0.015384615384615385,0.6180649941211366,0
MSME_01396,Nakuru,Retail,116,1,56043.25,46677.26,1515381.46,599334.51,373927.27,41556.6,0.8328643884073745,0.39550049299105655,0.008547008547008548,0.741496228426645,1
MSME_01397,Mombasa,Transport,15,1,221308.48,245496.47,780240.19,655429.39,26111.86,139639.34,1.1092903476163787,0.840034336049344,0.0625,0.6309686327038497,1
MSME_01398,Nakuru,Manufacturing,111,5,115263.75,82965.12,189284.02,22468.43,25976.92,105323.15,0.7197787701790876,0.11870157501106005,0.008928571428571428,0.9137498671536615,0
MSME_01399,Nyeri,Construction,29,1,41517.99,40743.66,192450.54,119769.54,0.0,39254.47,0.9813258944882812,0.622336095621786,0.03333333333333333,0.945458210809078,1
MSME_01400,Machakos,Digital Commerce,33,50,597351.01,590787.21,11955346.62,10478094.26,0.0,532737.15,0.9890101650448954,0.8764357669091349,0.029411764705882353,0.8918311834256656,1
MSME_01401,Kisumu,Services,116,1,59891.31,66320.48,31366.67,7549.05,30074.6,39075.16,1.1073288039816798,0.2406633964205821,0.008547008547008548,0.6524236583962115,0
MSME_01402,Nairobi,Retail,94,3,138106.05,137034.4,197056.86,89453.13,5127.64,86322.88,0.9922331988120809,0.4539434762967588,0.010526315789473684,0.6250432544899048,0
MSME_01403,Kakamega,Construction,103,2,112249.67,103433.25,9621470.89,6364717.61,34651.9,77904.28,0.921448843022496,0.6615118437975294,0.009615384615384616,0.6940206236630926,1
MSME_01404,Nairobi,Retail,27,1,45311.28,49678.72,14008087.04,8496050.47,30295.19,37898.77,1.0963632816534503,0.6065103564269148,0.03571428571428571,0.83639070909696,1
MSME_01405,Kakamega,Food Services,36,1,160324.44,169306.23,5603850.71,3097930.3,22529.93,80834.3,1.0560160009540596,0.5528216056238219,0.02702702702702703,0.5041888548691961,1
MSME_01406,Nyeri,Food Services,29,3,197226.26,196087.68,1380861.25,499050.02,0.0,186931.05,0.9942219954787183,0.3614046368491861,0.03333333333333333,0.9477951982905405,1
MSME_01407,Nairobi,Agriculture,38,10,83476.8,51581.83,339864.02,231977.57,0.0,74923.36,0.6179107499239319,0.6825579460928342,0.02564102564102564,0.8975243717491357,0
MSME_01408,Kisumu,Manufacturing,57,10,95206.9,76683.09,96841.38,60293.85,0.0,48623.78,0.8054278058858562,0.6225977717606692,0.017241379310344827,0.5107116111163045,1
MSME_01409,Eldoret,Services,97,2,242919.9,230176.16,1187522.71,273415.5,0.0,163228.83,0.9475354323156221,0.2302400345337105,0.01020408163265306,0.671942307146071,1
MSME_01410,Eldoret,Services,101,5,18487.71,16402.99,291950.24,254368.24,14416.76,14966.27,0.887189533504501,0.8712695996769871,0.00980392156862745,0.8094815701041339,1
MSME_01411,Nakuru,Manufacturing,27,3,57239.31,44396.24,4163833.38,2267366.86,6829.58,34837.71,0.7756114528380437,0.544538195585003,0.03571428571428571,0.6086219658838325,0
MSME_01412,Machakos,Agriculture,55,5,164956.14,112076.67,78889.73,41051.79,38437.46,93081.03,0.6794290322928731,0.5203626585785175,0.017857142857142856,0.5642740289992904,0
MSME_01413,Kisumu,Food Services,33,2,78689.21,71146.7,927743.33,722331.07,109331.51,61628.86,0.9041366136905721,0.7785885040116601,0.029411764705882353,0.7831833210255761,1
MSME_01414,Machakos,Digital Commerce,68,3,77572.71,58742.3,2223278.29,1361381.79,55682.57,70326.37,0.7572449480629455,0.612330531806465,0.014492753623188406,0.9065747918979251,1
MSME_01415,Thika,Agriculture,86,10,328303.1,239053.99,2458823.04,392387.41,393413.6,305327.46,0.7281480493237824,0.15958336327311975,0.011494252873563218,0.9300141545597513,0
MSME_01416,Nakuru,Food Services,66,2,70733.58,57961.01,1983464.28,1002187.97,403784.66,35693.47,0.8194154824980936,0.5052712442740616,0.014925373134328358,0.5046113230615068,0
MSME_01417,Kakamega,Digital Commerce,10,10,964319.79,995197.59,1097508.87,795120.15,7824.16,861625.33,1.0320192204919691,0.7244765370538307,0.09090909090909091,0.8935048781847791,1
MSME_01418,Kisumu,Retail,5,3,23051.53,20016.09,850231.93,561139.55,0.0,17342.72,0.86828170270248,0.6599833177479965,0.16666666666666666,0.7523130866763866,1
MSME_01419,Kakamega,Services,74,1,14588.75,10490.34,2168552.18,1900985.32,14419.39,8854.89,0.7190212306585103,0.876614573039892,0.013333333333333334,0.6069254099624736,1
MSME_01420,Kakamega,Construction,97,1,320916.47,213183.76,1097709.61,131651.63,84661.73,249552.56,0.6642946549466442,0.11993291200856662,0.01020408163265306,0.7776222341526001,0
MSME_01421,Mombasa,Agriculture,118,2,49813.87,43559.39,1140980.9,352534.76,57988.92,47228.78,0.8744254476625152,0.3089748925903207,0.008403361344537815,0.9480859831612528,0
MSME_01422,Thika,Transport,38,2,50661.75,52531.25,760135.34,409960.12,0.0,31626.99,1.0368811404828993,0.5393244585570005,0.02564102564102564,0.6242651652348126,1
MSME_01423,Nairobi,Construction,13,10,356729.57,342121.46,459491.24,273669.23,0.0,222813.19,0.9590472159422727,0.5955905370676118,0.07142857142857142,0.6245979703954163,1
MSME_01424,Kakamega,Food Services,31,1,81042.7,58973.3,144361.14,46121.19,0.0,66011.23,0.7276728481054049,0.319482587332108,0.03125,0.814514021447688,0
MSME_01425,Machakos,Retail,47,10,331161.62,278238.23,177566.25,135206.28,0.0,172019.72,0.8401860995060372,0.7614370330114365,0.020833333333333332,0.5194418379707226,1
MSME_01426,Eldoret,Digital Commerce,100,10,72372.96,77466.33,460540.52,106605.11,73416.51,62909.92,1.0703619091728571,0.23147773950978404,0.009900990099009901,0.8692341831233221,1
MSME_01427,Nyeri,Transport,109,1,191478.64,133596.71,631211.64,63549.94,44090.93,151964.73,0.697707129593517,0.1006791308868593,0.00909090909090909,0.7936338819103692,0
MSME_01428,Nyeri,Transport,88,10,79903.71,71325.59,228381.49,196845.0,161896.89,70198.29,0.8926331126162649,0.8619093346429493,0.011235955056179775,0.8785250581599006,1
MSME_01429,Kakamega,Digital Commerce,52,50,53113.57,42274.54,208796.9,86284.37,0.0,32071.73,0.7959123080540801,0.4132434761077578,0.018867924528301886,0.603821700900525,1
MSME_01430,Thika,Manufacturing,56,5,752082.54,502615.91,470932.51,407823.71,0.0,662761.91,0.6682979792377851,0.8659899993100937,0.017543859649122806,0.8812344304197909,1
MSME_01431,Eldoret,Food Services,15,5,406956.74,255343.85,2153209.11,694076.79,17526.67,285633.2,0.6274456163433579,0.32234512868788273,0.0625,0.701874351867592,0
MSME_01432,Mombasa,Retail,29,50,64431.59,58357.58,57288.4,8636.74,92413.91,36063.97,0.9057152599329005,0.1507563353779233,0.03333333333333333,0.559716286432068,0
MSME_01433,Kisumu,Food Services,8,3,111480.39,68160.43,236571.31,169861.91,90596.68,100961.12,0.6114063522171727,0.7180126448441916,0.1111111111111111,0.9056320521299563,1
MSME_01434,Kisumu,Retail,5,2,583165.79,383078.9,885505.89,680649.08,240617.18,476595.69,0.6568942308940466,0.7686547532114628,0.16666666666666666,0.8172545113551476,0
MSME_01435,Eldoret,Services,29,10,49601.66,39242.87,3416168.71,1686458.36,7281.63,28557.08,0.7911444668491568,0.4936693733520634,0.03333333333333333,0.5757167055153897,0
MSME_01436,Mombasa,Digital Commerce,47,3,52359.67,32669.09,9752139.3,1551372.97,190991.21,31987.95,0.6239242164013562,0.15908025543890092,0.020833333333333332,0.6109155975276863,0
MSME_01437,Nairobi,Construction,68,3,213215.88,174889.23,483777.89,301542.27,62017.67,132404.63,0.8202410146888933,0.6233059693861384,0.014492753623188406,0.6209856836850816,0
MSME_01438,Nakuru,Food Services,76,1,1290440.98,866790.19,475382.36,116808.66,39042.65,1204627.15,0.6717002418039748,0.24571465858628289,0.012987012987012988,0.9334996603256815,1
MSME_01439,Kakamega,Construction,45,5,140622.12,111433.21,618321.95,481985.2,30946.01,126388.31,0.7924245316132938,0.7795039792716736,0.021739130434782608,0.898773331156356,1
MSME_01440,Kisumu,Services,2,1,380716.86,394094.42,957932.5,305789.77,33278.08,249695.17,1.0351350997822901,0.3192181607595935,0.3333333333333333,0.6558535761889396,1
MSME_01441,Kisumu,Services,27,15,48173.3,45499.7,691155.31,537832.95,38074.87,34202.4,0.9444807708674541,0.7781639872462424,0.03571428571428571,0.7099719144855244,1
MSME_01442,Kakamega,Transport,95,2,191195.61,161554.67,838916.4,370414.84,0.0,120142.73,0.8449661842853805,0.4415391074258324,0.010416666666666666,0.6283726997042469,1
MSME_01443,Thika,Manufacturing,115,1,93002.84,60499.12,146733.26,84693.01,48671.42,77582.22,0.650501312633973,0.5771863367150929,0.008620689655172414,0.834182975670682,0
MSME_01444,Meru,Digital Commerce,115,2,861667.79,810426.4,99271.12,72631.72,0.0,493342.82,0.9405312219791551,0.7316426807446039,0.008620689655172414,0.5725434479296854,1
MSME_01445,Kakamega,Construction,36,1,659139.74,454832.99,1720924.56,227766.77,0.0,430007.23,0.6900392623281031,0.13235132029766586,0.02702702702702703,0.6523754395760759,0
MSME_01446,Kakamega,Services,36,3,1302006.03,836047.35,578771.02,438090.77,37775.66,1006121.27,0.6421219937652717,0.7569314943732076,0.02702702702702703,0.7727464190419924,0
MSME_01447,Mombasa,Digital Commerce,26,15,66470.31,64157.0,1983180.3,418289.28,136486.46,59477.97,0.9651833249562857,0.210918326024958,0.037037037037037035,0.8947916025725987,0
MSME_01448,Eldoret,Agriculture,43,10,138067.53,152099.74,954107.07,368986.3,17365.18,108520.75,1.1016249684124253,0.3867342826269146,0.022727272727272728,0.7859919273421684,1
MSME_01449,Mombasa,Food Services,27,1,193913.4,165471.42,130658.95,62484.35,0.0,178958.2,0.8533219812453331,0.4782211381528923,0.03571428571428571,0.9228721538988338,0
MSME_01450,Thika,Transport,69,1,69115.37,43027.62,4703736.15,3839853.93,15256.61,63507.64,0.6225387704823041,0.8163410938045295,0.014285714285714285,0.9188509176624873,1
MSME_01451,Nairobi,Digital Commerce,20,10,151911.77,164697.23,757386.53,89335.64,2969.68,125059.05,1.0841565853877855,0.11795235128838205,0.047619047619047616,0.8232293440505365,0
MSME_01452,Nairobi,Agriculture,11,15,330703.68,210603.87,297539.65,162861.92,311405.57,206827.33,0.6368336547278375,0.5473602346435689,0.08333333333333333,0.6254139796267776,0
MSME_01453,Meru,Construction,74,2,76851.82,82779.58,384215.56,235915.27,13390.99,62049.05,1.0771183152420432,0.6140164026246031,0.013333333333333334,0.8073750579354146,0
MSME_01454,Kakamega,Agriculture,104,2,65949.43,53781.8,170481.64,60225.34,165265.63,38694.64,0.8154882386665259,0.3532637692611986,0.009523809523809525,0.586723088841119,0
MSME_01455,Eldoret,Agriculture,38,2,61718.82,49434.74,1087346.67,361422.53,8196.37,40113.66,0.8009540533332729,0.33238911524958714,0.02564102564102564,0.6499315778950749,0
MSME_01456,Meru,Construction,6,15,34762.61,31235.55,638309.09,314287.65,0.0,29237.26,0.898512841445408,0.49237456045853834,0.14285714285714285,0.8410306064301146,0
MSME_01457,Machakos,Transport,72,3,313010.77,352574.28,8222154.71,2052910.34,0.0,276321.02,1.1263930426641784,0.2496803043395538,0.0136986301369863,0.8827815644120987,0
MSME_01458,Meru,Construction,23,1,65797.14,72002.29,1361265.78,645914.0,0.0,45238.56,1.0942906592800343,0.4744947937391082,0.041666666666666664,0.687535544317818,1
MSME_01459,Meru,Retail,47,1,59212.78,50844.92,7645630.72,5443843.96,33400.23,43553.76,0.8586670197376354,0.7120201651564771,0.020833333333333332,0.7355341949120627,1
MSME_01460,Machakos,Agriculture,90,15,226176.25,222264.03,230150.74,178669.79,0.0,152388.46,0.9826984367349059,0.7763130098429846,0.01098901098901099,0.6737567991475711,1
MSME_01461,Kisumu,Manufacturing,46,1,131845.23,121196.89,490426.53,200157.34,33976.15,94359.67,0.9192290898268384,0.40812827126568524,0.02127659574468085,0.7156796974778876,1
MSME_01462,Nyeri,Digital Commerce,107,2,78784.35,77319.27,2122565.55,1260467.24,0.0,57561.38,0.9813914642760361,0.5938410929918783,0.009259259259259259,0.7306101959310962,0
MSME_01463,Nakuru,Retail,12,3,299727.44,316551.17,1478725.85,147896.86,0.0,243176.52,1.0561265724400393,0.10001634852305548,0.07692307692307693,0.8113228094070752,0
MSME_01464,Machakos,Transport,90,1,75701.55,46857.11,715864.35,386768.61,0.0,63417.91,0.6189634298976718,0.5402812274682662,0.01098901098901099,0.8377248850930384,0
MSME_01465,Nyeri,Services,13,1,15109.05,11772.49,200431.04,176417.21,44609.27,14183.73,0.7791165482576167,0.8801846750649247,0.07142857142857142,0.9386951068990507,1
MSME_01466,Meru,Agriculture,104,10,505469.5,569983.08,53426.91,18689.38,122501.29,352283.52,1.1276287735881718,0.3498055604271251,0.009523809523809525,0.6969417997687304,0
MSME_01467,Machakos,Transport,62,15,58209.54,65318.96,560218.38,322585.45,0.0,31282.56,1.122115685578591,0.5758198689948927,0.015873015873015872,0.5374037073011176,1
MSME_01468,Kisumu,Transport,82,10,64928.75,39357.96,589675.14,418567.29,0.0,52571.18,0.6061621983759371,0.7098257189107227,0.012048192771084338,0.809662442870949,1
MSME_01469,Eldoret,Agriculture,89,15,65216.18,46355.14,850566.06,499406.81,33725.42,47231.09,0.71078111626415,0.5871457213497076,0.011111111111111112,0.7242123931148203,0
MSME_01470,Kisumu,Transport,97,3,141435.77,162166.51,128703.1,55960.1,138036.18,124245.64,1.1465654228387712,0.4347965604825332,0.01020408163265306,0.8784536015634408,0
MSME_01471,Meru,Digital Commerce,111,10,101291.48,88230.33,253940.95,56390.24,23948.62,57325.4,0.8710452148076541,0.22205956912593605,0.008928571428571428,0.5659393471262625,0
MSME_01472,Nairobi,Digital Commerce,104,2,357922.27,327526.19,1167327.22,549765.73,58654.15,282834.22,0.9150737530979755,0.47096071231791176,0.009523809523809525,0.7902090858747461,0
MSME_01473,Nyeri,Manufacturing,60,3,690460.46,477474.88,1471875.43,494296.05,17230.19,487925.12,0.6915300964082775,0.33582713869533193,0.01639344262295082,0.7066652496433328,0
MSME_01474,Meru,Manufacturing,43,50,67561.97,73769.87,928338.72,609673.67,110742.85,46529.01,1.0918683710914425,0.6567355213455696,0.022727272727272728,0.6886762082839165,1
MSME_01475,Kisumu,Services,76,1,52155.9,37927.53,481246.14,218259.66,0.0,39335.44,0.7271814467500943,0.4535292614933774,0.012987012987012988,0.7541751906267435,0
MSME_01476,Nyeri,Food Services,108,2,79070.78,55690.04,175522.54,136890.7,102500.64,63879.88,0.7042972853273317,0.7798993798780495,0.009174311926605505,0.807872037280557,1
MSME_01477,Nyeri,Digital Commerce,100,2,206707.14,149959.28,2291391.41,583521.04,161846.71,182505.32,0.7254638351445666,0.2546578392480579,0.009900990099009901,0.8829130773466395,0
MSME_01478,Mombasa,Agriculture,112,1,118615.09,131163.61,1745182.68,757716.61,0.0,71857.05,1.1057826134717472,0.43417585133502967,0.008849557522123894,0.6057951328525498,1
MSME_01479,Eldoret,Agriculture,68,1,80788.39,79703.05,366234.21,199965.34,0.0,51049.59,0.9865534323257051,0.5460024993227712,0.014492753623188406,0.6318848304214204,1
MSME_01480,Kakamega,Digital Commerce,5,10,36424.23,37252.08,1982484.82,398106.23,29887.4,27203.86,1.0226999252990303,0.20081164060986825,0.16666666666666666,0.7468411318198951,1
MSME_01481,Nyeri,Agriculture,37,50,14634.12,11815.15,671390.53,382912.86,0.0,9599.26,0.8073148699839837,0.5703272127963842,0.02631578947368421,0.6559057937345235,0
MSME_01482,Mombasa,Food Services,72,2,48790.09,53671.41,321647.95,107024.21,60718.46,36873.36,1.1000248201054743,0.3327360776399239,0.0136986301369863,0.7557396237714714,1
MSME_01483,Kakamega,Construction,106,1,471849.74,487974.91,2217901.33,629062.79,127941.21,278423.37,1.0341721833476407,0.2836296177208128,0.009345794392523364,0.5900666172527355,0
MSME_01484,Kakamega,Services,113,1,206074.45,208718.09,822579.75,175644.3,0.0,131566.48,1.0128236526961363,0.2135283374914864,0.008771929824561403,0.6384383971986959,1
MSME_01485,Mombasa,Services,92,15,110025.2,124770.46,436381.71,165783.83,0.0,71095.96,1.1340068092872426,0.3799046712918575,0.010752688172043012,0.6461730024303303,1
MSME_01486,Thika,Manufacturing,31,2,276450.43,221549.66,156564.94,132013.35,29369.92,261672.57,0.8014053680243217,0.8431805155067571,0.03125,0.946540844444176,1
MSME_01487,Mombasa,Manufacturing,9,2,36758.21,34406.99,174965.24,21836.48,0.0,32511.05,0.9360100502703947,0.12480396218150427,0.1,0.8844327720862336,0
MSME_01488,Kakamega,Agriculture,118,2,141033.12,155201.5,2015563.33,1575616.18,0.0,123681.15,1.1004535640028101,0.781724580331306,0.008403361344537815,0.8769590649411646,1
MSME_01489,Nairobi,Transport,51,2,22329.07,23110.34,1256067.43,524896.41,0.0,16324.93,1.0349425684738114,0.4178883868612159,0.019230769230769232,0.7310738389982656,1
MSME_01490,Kisumu,Retail,29,2,188342.81,171365.29,179230.54,98447.99,251061.69,133738.77,0.9098535810653932,0.5492782687689901,0.03333333333333333,0.7100778623943096,0
MSME_01491,Nairobi,Retail,78,10,172735.22,110881.77,175196.22,89393.84,4904.93,91818.53,0.6419138383368583,0.5102469091689925,0.012658227848101266,0.5315534286902885,0
MSME_01492,Thika,Agriculture,40,3,176894.4,169641.36,9093231.07,7643699.19,17548.04,104154.88,0.9589924893468117,0.8405921163298761,0.024390243902439025,0.5887936034515313,1
MSME_01493,Nakuru,Agriculture,41,3,428316.67,381032.89,1273844.75,912204.58,0.0,386729.71,0.8896034805194939,0.7161028562524151,0.023809523809523808,0.9029039357633787,1
MSME_01494,Mombasa,Manufacturing,86,2,289524.38,203043.23,3114100.12,2764881.28,55652.61,213245.89,0.7012968258603097,0.8878585419859454,0.011494252873563218,0.7365360853684054,1
MSME_01495,Nyeri,Digital Commerce,11,5,39778.68,43169.38,4371889.37,3215716.83,0.0,37564.89,1.0852118468524632,0.7355437940681939,0.08333333333333333,0.9443235843023372,1
MSME_01496,Nyeri,Manufacturing,23,3,434833.87,342991.19,239472.85,80633.09,31567.82,333215.19,0.7887849242633186,0.3367093734869172,0.041666666666666664,0.7663028266339358,0
MSME_01497,Machakos,Transport,1,1,108071.47,87874.42,5905004.21,5139166.17,0.0,72393.75,0.8131064275666133,0.8703067969012004,0.5,0.6698630095157444,1
MSME_01498,Nyeri,Manufacturing,46,3,18580.19,18019.46,200109.09,177467.27,11858.87,11581.95,0.9697688899365434,0.8868481844168877,0.02127659574468085,0.6233158371449838,1
MSME_01499,Nairobi,Retail,101,1,119520.64,103844.23,1749849.84,347301.38,105941.45,109153.64,0.8688320374452693,0.19847484829049772,0.00980392156862745,0.9132542023352423,0
MSME_01500,Kisumu,Digital Commerce,21,10,254518.57,165209.17,634646.7,520940.44,0.0,169720.5,0.6491020317219616,0.8208340469838621,0.045454545454545456,0.6668269162956703,0
MSME_01501,Nairobi,Retail,90,2,48346.45,39310.15,1737903.41,1097245.73,21042.92,27352.67,0.813075974017244,0.6313613819531075,0.01098901098901099,0.5657520717225003,1
MSME_01502,Mombasa,Manufacturing,110,50,505275.07,329417.3,566453.68,474458.78,0.0,315906.27,0.6519550787354722,0.8375935388158502,0.009009009009009009,0.6252151818707742,0
MSME_01503,Nairobi,Retail,36,1,52927.77,37309.46,1409614.98,1173633.05,0.0,41841.01,0.7048994337106266,0.8325906251431685,0.02702702702702703,0.7905154417909203,1
MSME_01504,Meru,Construction,54,5,82364.36,49743.62,3738821.31,3040029.72,71915.05,46112.07,0.6039385974880702,0.8130982079220556,0.01818181818181818,0.5598478535151185,0
MSME_01505,Nyeri,Retail,87,3,68546.15,47963.26,2795669.05,2259516.97,0.0,37097.51,0.6997119500956641,0.8082201867849178,0.011363636363636364,0.5411969717194661,0
MSME_01506,Meru,Retail,57,5,24125.48,18860.0,677195.06,131455.07,0.0,17030.95,0.7817137021231444,0.19411670823956062,0.017241379310344827,0.7059028088639536,0
MSME_01507,Machakos,Services,1,2,49358.55,44226.25,232283.66,49897.45,5567.52,26537.29,0.8960018881857715,0.21481164533206798,0.5,0.5376323325476022,0
MSME_01508,Kakamega,Retail,63,2,65391.05,72296.51,510393.09,99130.35,0.0,44258.11,1.1055856178235732,0.1942231541121489,0.015625,0.6768117836954186,0
MSME_01509,Mombasa,Food Services,54,5,116995.93,104966.38,1242958.04,214812.07,34698.37,75488.86,0.8971720881906903,0.17282312858837248,0.01818181818181818,0.6452208617781681,0
MSME_01510,Nairobi,Agriculture,55,1,6624.47,6545.52,1595027.48,610302.54,0.0,4479.23,0.9879329315505164,0.382627989188005,0.017857142857142856,0.6760622265288349,0
MSME_01511,Eldoret,Digital Commerce,115,1,272816.05,217358.66,2634025.17,1704653.46,0.0,196292.44,0.796719486557017,0.6471664858212096,0.008620689655172414,0.7195020985675199,1
MSME_01512,Nyeri,Transport,40,3,270134.08,273753.05,303377.06,116422.19,45116.82,157595.69,1.0133931883263736,0.3837528330163361,0.024390243902439025,0.5833958699477313,1
MSME_01513,Mombasa,Food Services,15,2,434287.16,408776.18,238276.93,161132.45,0.0,303606.24,0.9412556400340272,0.6762374089786662,0.0625,0.6990893788124457,1
MSME_01514,Nakuru,Digital Commerce,21,1,29981.76,25571.04,214542.43,162242.67,31386.72,19868.42,0.8528581091267116,0.756222970798966,0.045454545454545456,0.6626614761282817,1
MSME_01515,Nyeri,Transport,47,1,99425.97,70251.69,575807.14,364469.68,0.0,85303.81,0.706565733623382,0.6329706974965654,0.020833333333333332,0.8579544363063664,0
MSME_01516,Meru,Food Services,73,1,341613.62,261999.71,943227.87,445282.58,0.0,277598.68,0.7669452495914841,0.47208328133552574,0.013513513513513514,0.8126077273859064,0
MSME_01517,Thika,Services,53,5,372315.1,350542.24,1137051.27,382519.91,0.0,332344.77,0.9415178124179965,0.33641365493250364,0.018518518518518517,0.8926414141102145,0
MSME_01518,Nyeri,Food Services,9,3,584744.89,487870.78,133618.96,26660.01,0.0,468412.44,0.8343295580923195,0.1995211643529904,0.1,0.8010529838867273,0
MSME_01519,Machakos,Transport,74,10,147666.99,160833.36,232341.44,114990.77,8368.09,81879.61,1.0891552055391287,0.494919352658946,0.013333333333333334,0.5544844891570611,1
MSME_01520,Machakos,Agriculture,52,50,125998.61,91873.42,313932.75,212117.82,0.0,91750.25,0.7291563838967438,0.6756770178421403,0.018867924528301886,0.7281788411884766,1
MSME_01521,Meru,Digital Commerce,57,2,28058.61,17962.84,6011135.3,3237564.83,52409.96,23404.0,0.6401671299066523,0.5385944800486391,0.017241379310344827,0.834081443042152,0
MSME_01522,Kakamega,Manufacturing,117,1,386495.77,357176.86,461706.47,312660.94,0.0,339635.21,0.9241393142819796,0.6771840620209156,0.00847457627118644,0.8787530358921241,1
MSME_01523,Mombasa,Food Services,26,1,84093.6,91437.32,123985.35,45648.4,0.0,48906.66,1.0873150000118914,0.3681727867624138,0.037037037037037035,0.581567187429395,1
MSME_01524,Nyeri,Digital Commerce,41,1,137852.7,110365.76,1152892.3,176896.16,0.0,82791.05,0.8006006367620164,0.15343671439499215,0.023809523809523808,0.6005718381153353,0
MSME_01525,Mombasa,Digital Commerce,35,25,128948.78,123306.14,640276.38,459000.27,90453.71,114507.59,0.9562338144353562,0.7168772228061532,0.027777777777777776,0.8880014374588309,0
MSME_01526,Nyeri,Agriculture,63,2,12153.2,8838.74,178101.51,49116.71,0.0,8731.25,0.7272169291273798,0.2757777529356548,0.015625,0.718373072682694,0
MSME_01527,Meru,Manufacturing,116,1,59192.15,53696.72,413173.37,245023.4,0.0,41647.03,0.9071441543489407,0.5930266197295829,0.008547008547008548,0.7035785390708215,1
MSME_01528,Nakuru,Digital Commerce,25,2,209794.0,216661.74,484243.19,360002.95,8710.98,151545.08,1.0327307133153794,0.7434326677208043,0.038461538461538464,0.7223483877118139,1
MSME_01529,Eldoret,Transport,90,3,126932.94,136689.94,629224.12,132947.51,0.0,73367.21,1.076858876357261,0.21128767077830587,0.01098901098901099,0.5779952154640438,0
MSME_01530,Eldoret,Food Services,75,3,211466.73,139106.1,2226552.97,1288719.44,0.0,165459.27,0.6578124236733425,0.5787955097266292,0.013157894736842105,0.7824327144382738,0
MSME_01531,Mombasa,Manufacturing,38,1,291806.72,232279.9,1429206.31,931127.18,0.0,252000.83,0.796003272291768,0.6514990327050594,0.02564102564102564,0.8635852060391,1
MSME_01532,Kisumu,Agriculture,2,50,58498.68,55679.3,847494.35,590893.99,0.0,51284.48,0.95178811234523,0.6972238726737556,0.3333333333333333,0.8766625731969816,1
MSME_01533,Kakamega,Digital Commerce,7,2,79606.4,49284.13,2381712.79,519530.84,139178.18,40891.44,0.6190898082339079,0.21813319559274166,0.125,0.5136638051236444,0
MSME_01534,Nairobi,Services,82,1,115706.59,113373.76,446070.43,339054.98,0.0,95091.74,0.9798299316406123,0.7600912257483067,0.012048192771084338,0.8218280235548939,1
MSME_01535,Kisumu,Manufacturing,91,15,288802.68,257155.29,305542.21,53567.31,155822.44,156257.01,0.8904155584167072,0.1753182798596637,0.010869565217391304,0.5410492345526899,0
MSME_01536,Eldoret,Services,34,1,105440.49,79998.91,1056515.45,544809.91,14345.48,98596.47,0.7587042823465412,0.5156662823375822,0.02857142857142857,0.9350822906618638,0
MSME_01537,Meru,Services,91,15,22446.79,23525.58,963038.16,437922.49,22758.23,16094.54,1.048013189717117,0.45472968098202776,0.010869565217391304,0.7169765932414728,0
MSME_01538,Nairobi,Transport,17,50,109296.22,83013.53,124108.47,34429.29,0.0,92785.58,0.7595209649431156,0.2774106601212623,0.05555555555555555,0.8489290029517677,0
MSME_01539,Thika,Manufacturing,43,5,277415.16,317717.56,4377031.16,1494951.33,33941.76,216338.32,1.1452741613898774,0.34154451586209045,0.022727272727272728,0.779833157520456,0
MSME_01540,Mombasa,Retail,59,5,517631.78,542997.6,214808.59,49738.63,0.0,480554.55,1.0490015721183654,0.23154753007070122,0.016666666666666666,0.9283696252775954,0
MSME_01541,Thika,Food Services,108,2,176411.73,174539.87,1376929.24,606648.8,364272.87,165499.97,0.9893836459534411,0.44058063537046005,0.009174311926605505,0.9381407452852183,0
MSME_01542,Kakamega,Agriculture,51,25,30151.9,19108.5,1415953.92,181820.86,40771.14,18859.89,0.6337201396880565,0.12840865018499317,0.019230769230769232,0.6254751615930806,0
MSME_01543,Thika,Construction,54,2,88754.49,97396.58,17963.2,14570.53,0.0,63662.8,1.0973583718595885,0.8110870509123702,0.01818181818181818,0.7172829534263176,1
MSME_01544,Nairobi,Services,24,5,214283.92,221683.23,958057.12,221109.88,9850.02,155764.74,1.0345255746414632,0.2307896310090248,0.04,0.7269048143938452,0
MSME_01545,Eldoret,Agriculture,25,15,316859.82,230028.76,5203788.23,4208897.84,39989.02,183767.28,0.7259615120607212,0.8088140495267522,0.038461538461538464,0.579962142369006,1
MSME_01546,Kakamega,Services,71,50,221255.09,180485.85,311092.67,246031.35,0.0,200627.91,0.8157328008462954,0.7908593897137155,0.013888888888888888,0.9067678543899064,1
MSME_01547,Mombasa,Food Services,52,10,103610.35,77474.36,74798.52,34507.68,0.0,68105.46,0.7477400883204398,0.46133558076308506,0.018867924528301886,0.6573165970716529,0
MSME_01548,Nairobi,Food Services,70,2,314429.58,358898.98,633729.65,315711.8,0.0,169589.34,1.1414251756301819,0.49817978663332757,0.014084507042253521,0.539353837657902,1
MSME_01549,Meru,Retail,117,25,70223.26,75125.41,1276026.48,435802.39,0.0,39994.94,1.0697928322776205,0.34153056797805015,0.00847457627118644,0.5695316689702391,1
MSME_01550,Thika,Retail,88,3,160275.43,178166.0,656921.38,589586.73,0.0,117159.22,1.1116169732505272,0.897498316315544,0.011235955056179775,0.730982216162414,1
MSME_01551,Nairobi,Agriculture,33,25,282035.27,291575.35,233188.79,148452.12,32014.29,252917.5,1.03382217471533,0.6366150078869233,0.029411764705882353,0.8967552293894682,0
MSME_01552,Kakamega,Construction,49,3,237194.51,201850.52,211854.78,182501.59,0.0,185651.76,0.8509879466099505,0.861442581363605,0.02,0.7826950855857263,1
MSME_01553,Meru,Manufacturing,29,2,242581.97,172958.24,104130.62,44967.5,0.0,144742.4,0.7129859115831585,0.43183328944656774,0.03333333333333333,0.5966717284399643,0
MSME_01554,Meru,Construction,63,2,236550.03,169001.77,76884.31,62000.53,31599.04,149868.95,0.714441065845285,0.8064028095874232,0.015625,0.6335586448302508,1
MSME_01555,Nyeri,Food Services,107,3,46690.97,31909.8,483272.41,221622.79,36049.16,43852.69,0.6834108734328408,0.45858676561576195,0.009259259259259259,0.9391912570833915,0
MSME_01556,Meru,Retail,22,5,135612.6,122140.47,1213279.57,962692.57,62272.02,71031.44,0.9006505984650507,0.7934624470249284,0.043478260869565216,0.5237781461446345,1
MSME_01557,Nairobi,Services,26,2,53677.79,59366.65,882922.72,180770.7,253688.03,50857.14,1.1059610322810929,0.20474101658521532,0.037037037037037035,0.9474345453763022,0
MSME_01558,Kisumu,Retail,28,3,99760.34,114274.37,985662.32,600744.96,10879.46,90546.07,1.1454774965933698,0.6094829216126253,0.034482758620689655,0.9076268422216462,1
MSME_01559,Machakos,Retail,114,2,41405.13,31385.71,1556879.01,1001015.31,0.0,33344.27,0.757996702420632,0.6429624014505781,0.008695652173913044,0.805297911203003,1
MSME_01560,Kisumu,Services,85,10,188144.72,185044.66,3505596.24,2190775.25,55389.94,173928.7,0.9835177754774331,0.6249363803127594,0.011627906976744186,0.9244361232346928,1
MSME_01561,Machakos,Manufacturing,49,2,18673.27,17336.34,754016.41,345054.57,23258.04,10617.82,0.928354361375304,0.45762148913776407,0.02,0.568580190818704,1
MSME_01562,Kisumu,Digital Commerce,71,1,247033.98,214651.5,1103160.62,713891.52,132714.99,228300.21,0.8689113582214146,0.6471323032431096,0.013888888888888888,0.9241614689547204,0
MSME_01563,Nakuru,Agriculture,81,1,135313.26,130735.99,1112008.46,324228.84,0.0,80600.53,0.9661656502426278,0.2915702173972513,0.012195121951219513,0.5956543678397236,1
MSME_01564,Nakuru,Construction,84,1,892837.3,718064.1,870454.95,501972.98,81591.21,665874.32,0.8042487648659337,0.5766782109996491,0.011764705882352941,0.7457949776572084,0
MSME_01565,Eldoret,Services,105,2,108597.09,121570.82,746447.61,405610.63,164626.48,78183.69,1.1194563366630115,0.5433872132202109,0.009433962264150943,0.719936142523317,1
MSME_01566,Kakamega,Digital Commerce,49,1,108564.89,107261.77,822724.13,291796.9,0.0,79318.18,0.9879877556385344,0.3546711889060688,0.02,0.7305994543958512,1
MSME_01567,Kakamega,Agriculture,20,1,263690.75,267596.17,4750809.42,3435267.76,29394.98,163572.88,1.014806758269836,0.7230908953003433,0.047619047619047616,0.6203185348043692,1
MSME_01568,Nakuru,Retail,118,25,115094.32,84402.37,4069162.59,670181.53,0.0,97978.35,0.7333258207197303,0.16469761295588514,0.008403361344537815,0.8512800520472944,0
MSME_01569,Nyeri,Manufacturing,86,10,175401.48,121504.13,94038.42,22301.37,22549.06,146313.33,0.6927161463167454,0.23714916574347225,0.011494252873563218,0.8341577040415847,0
MSME_01570,Nakuru,Manufacturing,92,2,360194.72,294238.54,948219.23,452224.75,15514.47,334723.3,0.816885164543321,0.47691953376696045,0.010752688172043012,0.9292817249466485,1
MSME_01571,Nairobi,Agriculture,63,50,101975.22,104185.01,735565.7,598301.31,0.0,74252.84,1.0216598536403878,0.8133882488155052,0.015625,0.7281387758832402,1
MSME_01572,Eldoret,Food Services,61,1,440321.39,491547.39,3309166.12,1853555.42,89307.74,328762.19,1.1163352152044779,0.5601274740092305,0.016129032258064516,0.746639729131194,1
MSME_01573,Machakos,Retail,104,3,24856.29,20755.78,698755.0,540594.24,40756.19,22532.67,0.8349977008756786,0.7736523765091105,0.009523809523809525,0.9064813581850635,1
MSME_01574,Thika,Manufacturing,49,3,662303.96,679382.29,986372.02,507050.23,0.0,605178.81,1.0257846929003824,0.5140552506190812,0.02,0.9137464560132542,1
MSME_01575,Nakuru,Services,71,2,22288.67,19139.82,334400.51,243565.55,0.0,17659.12,0.8586856602183882,0.7283625902287343,0.013888888888888888,0.7922557848545986,1
MSME_01576,Nakuru,Food Services,1,2,515136.56,392727.51,1935981.31,698188.26,157004.01,447745.26,0.7623740540293742,0.3606377271081573,0.5,0.8691761089989245,1
MSME_01577,Nairobi,Services,96,2,20610.12,20746.06,163947.18,123306.95,18440.75,14990.01,1.0065469513544145,0.7521092945344071,0.010309278350515464,0.7272777995567442,1
MSME_01578,Kakamega,Transport,13,2,965676.45,1003348.62,505640.23,213050.93,45356.04,651530.3,1.039010095969415,0.42134801784261144,0.07142857142857142,0.6746872881830264,0
MSME_01579,Nairobi,Construction,94,5,156510.16,111366.75,205855.48,112616.31,52181.37,139111.04,0.7115578850734989,0.5470622542462593,0.010526315789473684,0.8888250524754913,0
MSME_01580,Kisumu,Retail,87,1,51798.46,39773.1,508340.21,122360.13,13246.26,44016.9,0.767828467709895,0.24070472271960797,0.011363636363636364,0.8497559627069472,0
MSME_01581,Nakuru,Construction,51,1,860371.69,750353.61,377472.53,315697.8,76019.34,524039.68,0.8721262526359362,0.836344206705037,0.019230769230769232,0.6090845119688771,1
MSME_01582,Nakuru,Transport,56,1,44852.29,31512.64,1991281.51,1316570.21,0.0,23387.79,0.7025714278707315,0.6611669631949914,0.017543859649122806,0.5214286399057907,0
MSME_01583,Mombasa,Services,83,1,106154.0,117922.11,560902.05,441476.95,81416.63,80095.31,1.1108483820828035,0.7870824556935463,0.011904761904761904,0.7545128350054165,1
MSME_01584,Meru,Agriculture,62,2,1802548.93,1667778.93,4369601.97,1163582.73,369471.99,1583949.2,0.9252331390343235,0.26629026435323944,0.015873015873015872,0.8787269487730639,0
MSME_01585,Machakos,Agriculture,32,1,197904.16,131935.14,546284.76,84208.42,31214.39,120967.07,0.6666584135552606,0.154147199443749,0.030303030303030304,0.6112375746039164,0
MSME_01586,Kisumu,Services,30,10,17570.65,12320.83,198925.37,73556.12,0.0,14852.96,0.701176611189046,0.36976555697467356,0.03225806451612903,0.8452797546047183,0
MSME_01587,Mombasa,Construction,29,1,101387.77,114050.64,545116.05,279834.4,51548.95,69582.76,1.1248843436999976,0.5133473627361316,0.03333333333333333,0.6862965198216725,1
MSME_01588,Nairobi,Agriculture,49,1,92803.58,93359.73,1292623.3,958991.93,11842.63,60421.52,1.0059819245989798,0.7418953287509759,0.02,0.6510618333707237,1
MSME_01589,Kakamega,Digital Commerce,45,3,160896.55,161527.71,5519843.12,2308294.25,15007.65,92960.77,1.003916529493457,0.41818105725782706,0.021739130434782608,0.5777637384783051,1
MSME_01590,Meru,Construction,93,1,127459.89,81558.3,336447.16,106306.09,0.0,117318.18,0.6398692179224545,0.3159657345131565,0.010638297872340425,0.9204249240688653,0
MSME_01591,Eldoret,Manufacturing,30,3,230003.66,251259.3,5338413.07,2124881.06,42513.86,138361.95,1.0924096059618966,0.3980360144674952,0.03225806451612903,0.6015615074929351,1
MSME_01592,Machakos,Manufacturing,16,3,28910.08,24401.68,580762.9,384979.55,30944.97,18087.15,0.8440251972600123,0.6628847798563237,0.058823529411764705,0.6256130867473647,0
MSME_01593,Nakuru,Services,40,1,77041.3,74178.79,427519.25,157743.69,111140.06,50012.86,0.9628319767192827,0.3689736100219814,0.024390243902439025,0.6491610452958959,0
MSME_01594,Mombasa,Food Services,19,1,182014.86,205281.65,1850179.74,1634323.9,0.0,114323.14,1.1278228721387247,0.8833320251728487,0.05,0.6280943869396876,1
MSME_01595,Eldoret,Transport,18,2,62184.32,40731.15,4024975.39,965926.76,511235.7,35650.74,0.6549962274054392,0.23998321142947127,0.05263157894736842,0.5732983282871262,0
MSME_01596,Machakos,Agriculture,1,1,398691.65,344968.77,1423385.83,999895.66,11918.8,262938.15,0.8652498860964706,0.7024764027077587,0.5,0.6595008711597768,1
MSME_01597,Thika,Agriculture,78,1,63440.84,39795.61,133534.06,76292.13,22460.82,45188.77,0.6272770461890765,0.5713265864410441,0.012658227848101266,0.7122865604150195,0
MSME_01598,Machakos,Services,115,1,153787.81,134525.88,1087772.76,311621.31,207678.69,115079.05,0.8747442678046602,0.2864762154218539,0.008620689655172414,0.7482927398944046,0
MSME_01599,Kisumu,Manufacturing,47,1,119975.52,88631.04,9915371.48,6969424.48,0.0,68437.01,0.7387365461175236,0.7028908388522788,0.020833333333333332,0.570420028852312,1
MSME_01600,Eldoret,Manufacturing,114,2,48306.39,53189.49,47416.38,21718.23,12949.85,41095.99,1.1010632120675532,0.45802256472204916,0.008695652173913044,0.8507184925536238,1
MSME_01601,Mombasa,Manufacturing,66,3,141561.71,115963.23,1141784.2,737499.68,0.0,90626.14,0.8191650894504634,0.6459180588432921,0.014925373134328358,0.6401837037451459,0
MSME_01602,Kisumu,Retail,118,3,35884.76,34041.35,518410.27,326497.79,0.0,32765.55,0.9486032899958088,0.6298045758148737,0.008403361344537815,0.91305158369225,1
MSME_01603,Nyeri,Transport,92,1,85510.01,91765.75,237279.33,44730.65,0.0,55436.02,1.0731454347223826,0.18851394045178546,0.010752688172043012,0.6482910212380838,0
MSME_01604,Nairobi,Transport,113,1,137348.14,156718.42,2520740.8,1945977.67,30862.45,122005.73,1.1410222153556986,0.7719861153569954,0.008771929824561403,0.8882889983876127,1
MSME_01605,Machakos,Retail,114,10,31973.47,28043.95,90639.72,58478.93,29619.84,21059.0,0.8770731774443798,0.6451728318133395,0.008695652173913044,0.6586192046341972,1
MSME_01606,Eldoret,Agriculture,94,3,248575.44,211454.86,479140.78,347122.82,26443.47,180869.64,0.8506633211095951,0.7244678600142113,0.010526315789473684,0.7276218132337884,1
MSME_01607,Mombasa,Construction,38,10,172883.75,110932.03,2425026.63,1111177.92,41381.81,115410.21,0.6416530665660216,0.45821247818112487,0.02564102564102564,0.6675557560744948,1
MSME_01608,Kisumu,Digital Commerce,51,2,226840.13,137693.41,2114151.9,541327.28,0.0,152934.0,0.6070037210624017,0.25604925736449813,0.019230769230769232,0.6741899055078768,0
MSME_01609,Nakuru,Digital Commerce,63,3,133581.77,124877.74,1492182.91,538634.49,346000.79,103974.97,0.9348341855764782,0.36097057902199203,0.015625,0.7783561457813759,0
MSME_01610,Mombasa,Construction,4,2,42163.76,26816.38,897468.5,736979.04,0.0,34229.29,0.6359903388516857,0.8211744688816723,0.2,0.8117985255934103,0
MSME_01611,Kakamega,Food Services,1,2,133242.65,107821.07,628571.5,534546.56,9914.69,118814.21,0.8092023147069298,0.850413532249661,0.5,0.8917063589897155,1
MSME_01612,Eldoret,Food Services,8,2,248474.89,149577.79,414885.8,201424.2,28998.24,187865.32,0.6019811016674496,0.4854919462369013,0.1111111111111111,0.7560706191655053,0
MSME_01613,Nyeri,Agriculture,29,2,40525.68,38028.29,227389.02,77093.17,37215.56,24217.33,0.9383519696160653,0.3390349761172456,0.03333333333333333,0.5975651101940747,0
MSME_01614,Meru,Food Services,55,1,43878.25,36593.51,1935568.19,1324410.4,21323.99,41478.59,0.8339593315747194,0.6842485439644759,0.017857142857142856,0.9452894021661719,0
MSME_01615,Nairobi,Manufacturing,103,2,104184.18,69788.96,939547.58,669704.26,0.0,84149.36,0.6698549640169553,0.7127936482007137,0.009615384615384616,0.80769030681715,0
MSME_01616,Kakamega,Transport,3,5,91919.68,70134.92,2005715.31,1509046.12,0.0,61461.04,0.7629939204105105,0.7523726623133459,0.25,0.6686312590376834,1
MSME_01617,Thika,Construction,32,15,131115.8,119749.82,285632.49,35666.09,20420.51,122684.01,0.9133064565334116,0.12486662540866618,0.030303030303030304,0.9356849007907454,0
MSME_01618,Thika,Services,10,2,99538.73,95675.87,278260.3,29992.87,36843.1,92701.72,0.9611827357779652,0.10778670982993323,0.09090909090909091,0.9313037115933508,0
MSME_01619,Nairobi,Manufacturing,74,2,156373.01,133587.08,1323702.97,510584.67,106556.12,83783.51,0.8542793012726346,0.38572421143376945,0.013333333333333334,0.5357892273786417,0
MSME_01620,Mombasa,Food Services,83,1,452172.05,471243.54,47430.92,10529.54,0.0,230120.1,1.0421752026132474,0.2219927002744144,0.011904761904761904,0.5089204232760002,0
MSME_01621,Machakos,Food Services,110,3,228293.73,151094.43,35080.88,26099.67,19837.4,118713.99,0.6618393249813519,0.7439644055563727,0.009009009009009009,0.520003199373021,0
MSME_01622,Thika,Transport,34,2,140948.75,91123.39,2460257.22,1294772.07,0.0,113941.77,0.646495577324543,0.5262748680095863,0.02857142857142857,0.8083857544976135,1
MSME_01623,Nairobi,Digital Commerce,97,50,44059.16,27507.65,312192.27,237353.07,0.0,36123.91,0.6243202475887514,0.7602760623251104,0.01020408163265306,0.8198769591395039,1
MSME_01624,Kakamega,Construction,87,2,64732.16,57916.21,919555.51,222100.67,0.0,53456.63,0.8946915305849428,0.24153020242333995,0.011363636363636364,0.8257997910190078,1
MSME_01625,Kakamega,Digital Commerce,55,2,309197.09,305618.89,1150351.87,692256.64,15167.9,242289.23,0.9884242493218506,0.6017776441067165,0.017857142857142856,0.7836051962675449,1
MSME_01626,Thika,Manufacturing,92,3,83409.26,56033.24,2526023.88,1425025.23,0.0,52420.31,0.6717787476025132,0.5641374482423942,0.010752688172043012,0.6284635727067629,0
MSME_01627,Kakamega,Transport,32,10,50627.38,48167.91,430215.52,160170.37,20537.26,29121.27,0.9514013681654441,0.37230176563187295,0.030303030303030304,0.5751965597161118,1
MSME_01628,Nyeri,Services,50,2,1086023.17,936500.88,459379.44,235967.16,0.0,996465.62,0.8623204767164621,0.5136639252642102,0.0196078431372549,0.9175353988668595,0
MSME_01629,Mombasa,Services,7,2,611982.75,699520.44,348542.2,199094.98,18310.51,557463.09,1.1430376051651698,0.5712203824375286,0.125,0.9109115887472502,1
MSME_01630,Nakuru,Construction,93,50,117659.08,117024.95,1536967.17,1247387.56,23981.22,71668.35,0.9946019924514754,0.8115897156152558,0.010638297872340425,0.6091135583113662,0
MSME_01631,Nyeri,Food Services,8,1,45131.49,43398.91,1621064.14,234261.13,0.0,25976.41,0.9615890902540499,0.14451062096122802,0.1111111111111111,0.5755589820105206,0
MSME_01632,Thika,Digital Commerce,65,15,274679.12,250987.32,3381683.8,2565680.43,20629.8,183733.81,0.9137440306928656,0.7586988680908405,0.015151515151515152,0.6689010111106694,1
MSME_01633,Machakos,Construction,57,1,81628.36,93754.37,163439.49,144500.96,39606.74,42592.29,1.1485373644972838,0.8841197184369675,0.017241379310344827,0.5217766009680831,1
MSME_01634,Thika,Transport,119,5,324011.01,369130.37,10644085.78,7295669.77,16195.51,185646.19,1.1392490358613558,0.6854199820794772,0.008333333333333333,0.5729608294457974,1
MSME_01635,Mombasa,Services,67,3,81711.22,73210.26,501352.28,345871.7,0.0,54839.22,0.8959524046709292,0.6898762086487197,0.014705882352941176,0.6711263015495113,0
MSME_01636,Nairobi,Transport,88,2,690654.91,587298.98,688293.92,188853.7,128964.27,419527.81,0.8503496046243925,0.2743790408913667,0.011235955056179775,0.6074338957006825,0
MSME_01637,Eldoret,Food Services,87,10,79321.01,67753.09,887454.82,460108.61,93058.32,65960.9,0.8541524603322583,0.5184580456072732,0.011363636363636364,0.8315586052345371,0
MSME_01638,Kakamega,Digital Commerce,59,1,1417965.26,1184835.2,244520.56,162545.59,23738.04,1286423.22,0.8355877240689774,0.6647495214736893,0.016666666666666666,0.9072311918056498,0
MSME_01639,Kakamega,Transport,72,1,161952.41,144505.13,445101.13,258970.88,16356.86,147233.05,0.8922635837059559,0.5818235019454974,0.0136986301369863,0.909107440219999,1
MSME_01640,Meru,Manufacturing,54,3,531950.45,399213.57,4208941.55,1717691.29,12016.86,410625.85,0.7504699348032607,0.40810518784581656,0.01818181818181818,0.7719235467823239,1
MSME_01641,Mombasa,Digital Commerce,111,2,77644.78,86165.04,4288417.47,3654137.92,91369.18,63402.43,1.1097195494719738,0.8520945298512345,0.008928571428571428,0.8165598954637329,1
MSME_01642,Nyeri,Food Services,101,3,35905.64,31224.5,932973.51,476926.16,20918.71,25935.15,0.8696023910897818,0.5111888426619501,0.00980392156862745,0.7222939823943427,0
MSME_01643,Meru,Transport,67,1,13276.85,14114.68,2552399.52,2235648.51,0.0,7514.82,1.063024510745339,0.8759003504669399,0.014705882352941176,0.5659666286334007,1
MSME_01644,Nakuru,Services,51,1,477635.82,411443.63,1194233.35,658142.65,13018.78,375310.05,0.8614152275781419,0.5511000834970121,0.019230769230769232,0.7857644852421553,1
MSME_01645,Nakuru,Agriculture,97,1,142630.68,141926.03,681069.28,500386.2,28273.32,93776.71,0.9950526418815231,0.7347056753085746,0.01020408163265306,0.6574746227486068,1
MSME_01646,Kakamega,Manufacturing,92,1,38270.11,30052.95,295223.85,204772.72,21022.34,19234.83,0.7852646552451705,0.6936161369884684,0.010752688172043012,0.5025939932236092,1
MSME_01647,Eldoret,Manufacturing,111,2,497924.16,469863.03,259433.01,163094.9,15404.05,377789.58,0.9436418718025819,0.6286565897817329,0.008928571428571428,0.7587276369002924,1
MSME_01648,Thika,Manufacturing,8,5,423366.71,370066.66,293834.87,32782.77,0.0,249475.59,0.8741022313676212,0.11156830512217585,0.1111111111111111,0.5892645662561276,0
MSME_01649,Nyeri,Construction,34,15,530930.2,425759.75,5064817.2,820213.31,0.0,477267.78,0.8019113399250224,0.161943287520172,0.02857142857142857,0.8989258495262664,0
MSME_01650,Meru,Retail,35,10,34899.02,37860.41,2080013.79,1175597.65,0.0,32116.7,1.084824879756516,0.5651871590778448,0.027777777777777776,0.9202487563044377,0
MSME_01651,Thika,Services,96,1,463430.31,306786.89,4110991.36,3409759.57,0.0,265535.32,0.6619899937274415,0.8294249347619804,0.010309278350515464,0.5729766510596792,1
MSME_01652,Kisumu,Services,88,2,195642.05,169779.68,1178337.44,684511.93,81131.16,100410.49,0.8678032774483939,0.5809128402872099,0.011235955056179775,0.5132331048815688,1
MSME_01653,Mombasa,Food Services,78,1,555499.53,392684.28,253572.32,73230.87,36981.37,278760.77,0.7069017197877381,0.28879564301165433,0.012658227848101266,0.5018190891735063,0
MSME_01654,Thika,Retail,32,1,229287.32,246158.35,1504521.6,535872.56,24017.39,208850.85,1.0735756186795733,0.3561744835205533,0.030303030303030304,0.9108656297887306,1
MSME_01655,Meru,Transport,46,2,158421.67,117138.27,3347383.61,2003502.48,0.0,90048.2,0.7394034578510764,0.5985277204223031,0.02127659574468085,0.5684047617679969,1
MSME_01656,Kisumu,Food Services,107,1,469763.77,445517.71,1571752.42,907912.68,0.0,326908.42,0.9483846777185952,0.577643203092251,0.009259259259259259,0.6958981193928186,1
MSME_01657,Nakuru,Construction,16,1,312356.19,215856.85,150219.27,129873.92,80777.56,164212.71,0.6910577278531671,0.8645565608422885,0.058823529411764705,0.5257209222557034,1
MSME_01658,Kisumu,Manufacturing,68,25,393078.89,323386.99,124356.61,65071.79,0.0,262578.92,0.8227004184823599,0.523263433576763,0.014492753623188406,0.6680039520719312,0
MSME_01659,Nyeri,Manufacturing,116,2,81793.46,89534.92,1565434.85,601145.62,33556.27,69805.91,1.0946330595006066,0.3840116603947712,0.008547008547008548,0.8534307824759769,1
MSME_01660,Nakuru,Construction,37,2,112149.79,77533.12,501308.14,260677.33,0.0,76598.41,0.6913292362898201,0.5199931722768908,0.02631578947368421,0.6829948322254351,0
MSME_01661,Thika,Digital Commerce,54,1,23533.65,22704.27,1061153.13,773567.03,0.0,19980.33,0.9647167049435619,0.7289864951098104,0.01818181818181818,0.8489750219357416,0
MSME_01662,Thika,Manufacturing,85,1,76105.51,54223.71,306142.8,162957.07,122064.11,61643.76,0.7124713772842823,0.5322893032620618,0.011627906976744186,0.8099669791716899,0
MSME_01663,Meru,Manufacturing,14,10,293723.33,243397.36,849231.88,306438.56,29139.44,215237.12,0.8286591716797855,0.36084161037193946,0.06666666666666667,0.7327861467928107,0
MSME_01664,Eldoret,Transport,95,1,234260.22,210210.9,194786.52,72245.7,0.0,194897.34,0.8973354616696694,0.3708949115425875,0.010416666666666666,0.8319658712611503,0
MSME_01665,Nyeri,Digital Commerce,55,2,50034.49,45907.57,981215.0,692197.59,59117.74,44810.95,0.9175001583875765,0.7054487391155464,0.017857142857142856,0.8955833149630392,1
MSME_01666,Nairobi,Digital Commerce,48,1,480386.09,447422.59,1748052.85,267729.36,0.0,411621.3,0.9313792966417977,0.153158531128775,0.02040816326530612,0.8568533763053456,0
MSME_01667,Machakos,Agriculture,82,2,2605344.02,2480475.82,1868214.59,597462.91,0.0,2113659.5,0.95207191406841,0.31980404895347225,0.012048192771084338,0.8112781546299768,1
MSME_01668,Mombasa,Construction,7,1,54028.96,40493.24,152051.78,33820.89,46168.85,44077.91,0.7494590038563789,0.22242861985160678,0.125,0.8158049719081785,0
MSME_01669,Nakuru,Food Services,74,10,108457.99,89017.12,1280475.95,1095755.14,156056.05,62091.58,0.8207445044435688,0.8557398397526796,0.013333333333333334,0.572489011745361,1
MSME_01670,Kakamega,Digital Commerce,7,10,71568.09,44409.81,360373.0,62011.33,0.0,66401.05,0.6205166224692811,0.17207492771398603,0.125,0.9277894968344575,0
MSME_01671,Nyeri,Agriculture,33,5,121189.93,123955.04,4557978.06,3220425.21,155991.1,71810.96,1.0228078949472539,0.7065467321387826,0.029411764705882353,0.5925440129884308,1
MSME_01672,Thika,Construction,23,1,175238.99,185824.25,2297442.15,1388437.24,0.0,115137.01,1.0603986567221328,0.6043401944461607,0.041666666666666664,0.6570247464634071,1
MSME_01673,Nakuru,Food Services,85,10,66347.88,47079.14,752402.92,456139.4,59947.95,48639.23,0.7095694757771344,0.6062427213297878,0.011627906976744186,0.7330829096135458,0
MSME_01674,Machakos,Construction,19,2,101020.65,71804.89,10003370.01,7109859.44,4627.82,56246.41,0.7107871431519878,0.7107463506944346,0.05,0.5567758000389026,0
MSME_01675,Nyeri,Manufacturing,112,2,145399.91,90601.6,304603.41,128052.34,0.0,111537.6,0.6231157700457308,0.42038898911542355,0.008849557522123894,0.7671038647557296,0
MSME_01676,Thika,Construction,19,3,213544.81,242098.12,681202.79,286510.28,0.0,124326.93,1.133705784253037,0.4205940780217914,0.05,0.5822026196627318,1
MSME_01677,Eldoret,Digital Commerce,36,1,577516.85,602900.22,1396656.7,462243.96,65783.21,528725.61,1.0439507973649647,0.3309643873369975,0.02702702702702703,0.9155138841163092,1
MSME_01678,Eldoret,Retail,29,1,131336.91,104857.65,8380217.76,4845442.16,24490.3,118190.64,0.7983806807950575,0.5781999609757205,0.03333333333333333,0.8998973715966699,1
MSME_01679,Nyeri,Digital Commerce,60,5,75975.36,65722.45,4224166.29,3564538.23,144748.01,56600.99,0.8650381513407591,0.8438440017369672,0.01639344262295082,0.7449815969072485,1
MSME_01680,Thika,Transport,82,1,267356.74,203346.68,1908996.38,1602004.1,47673.93,187755.11,0.7605789905315626,0.8391861176886477,0.012048192771084338,0.702261733660675,1
MSME_01681,Nakuru,Food Services,2,3,198823.52,184604.49,254507.83,168577.98,0.0,108591.61,0.9284794953861828,0.6623659383448505,0.3333333333333333,0.546168098381427,1
MSME_01682,Nyeri,Manufacturing,1,2,109883.11,109280.91,254062.1,209588.18,352333.74,95651.61,0.994510580283173,0.8249453777427733,0.5,0.8704771781834516,1
MSME_01683,Eldoret,Retail,47,10,216428.76,183110.13,1680266.95,1463201.77,1825.67,145162.35,0.8460487596530163,0.8708145447873359,0.020833333333333332,0.6707134453228614,1
MSME_01684,Nyeri,Services,69,25,90839.68,98150.17,162272.81,119446.41,22208.46,55489.04,1.080464941477761,0.7360794080079835,0.014285714285714285,0.6108391086460384,1
MSME_01685,Nyeri,Manufacturing,20,15,78402.88,69336.7,1071359.04,456684.64,30110.8,74316.84,0.8843529172280759,0.42626626246019034,0.047619047619047616,0.947871967560789,1
MSME_01686,Mombasa,Digital Commerce,11,1,19943.98,13548.73,1914703.31,931656.29,0.0,15969.82,0.6793052687944535,0.48657972154457624,0.08333333333333333,0.8006937083917858,0
MSME_01687,Nakuru,Transport,106,1,95997.45,90454.58,123840.09,104645.56,0.0,51189.5,0.9422504217516012,0.8449986995430999,0.009345794392523364,0.5332325678175013,1
MSME_01688,Kakamega,Digital Commerce,2,2,22867.62,19534.14,1587118.58,1009417.67,7285.57,19679.49,0.854189714989361,0.6360060594804079,0.3333333333333333,0.860545586047606,1
MSME_01689,Nakuru,Digital Commerce,67,1,70304.86,78363.17,2137310.32,1616993.17,7649.33,58893.05,1.1146036759951445,0.756554814859634,0.014705882352941176,0.837669150196015,1
MSME_01690,Nyeri,Retail,87,1,237870.27,193993.11,471683.11,90983.53,61341.09,161880.26,0.8155382110668514,0.19289080991089566,0.011363636363636364,0.6805372502530466,0
MSME_01691,Machakos,Construction,119,3,29579.31,24301.66,604407.69,154197.17,0.0,16436.04,0.8215485233251443,0.2551207031785066,0.008333333333333333,0.5556412356733246,0
MSME_01692,Nairobi,Food Services,12,2,110211.34,105574.24,85377.47,32041.04,0.0,79776.5,0.9579166906355496,0.3752824336158753,0.07692307692307693,0.7238436276736344,1
MSME_01693,Nyeri,Construction,20,50,142268.82,126596.83,639481.09,160249.18,0.0,120002.83,0.8898361578021255,0.250592131516928,0.047619047619047616,0.8434876068585734,1
MSME_01694,Thika,Food Services,5,1,104967.47,84598.26,116920.01,96479.12,13289.91,56074.32,0.8059397264721492,0.8251649553831257,0.16666666666666666,0.5342015559529447,1
MSME_01695,Kakamega,Digital Commerce,37,1,82344.35,94232.89,318715.46,87172.64,11104.87,47228.49,1.1443620070835814,0.2735115720098046,0.02631578947368421,0.5735416753951498,1
MSME_01696,Nairobi,Construction,38,1,184497.06,141362.02,450135.42,245660.04,0.0,143634.06,0.7661978667959977,0.5457457541427109,0.02564102564102564,0.7785125762297989,0
MSME_01697,Machakos,Food Services,94,15,211948.63,159521.19,182222.34,30679.52,21719.93,159341.95,0.7526372657503577,0.16836218675390321,0.010526315789473684,0.7517915931252157,0
MSME_01698,Eldoret,Food Services,9,5,133455.87,143523.14,163344.37,36584.15,13942.38,121083.1,1.0754271398692328,0.22396808675997368,0.1,0.9072826299612752,0
MSME_01699,Nyeri,Services,98,10,87050.1,52391.55,173259.37,51619.53,31258.67,75442.53,0.6018482247783199,0.29793039227608714,0.010101010101010102,0.8666464869484705,0
MSME_01700,Machakos,Retail,53,15,316391.59,224856.1,3156121.87,2797317.28,3894.94,289015.3,0.7106869980741332,0.8863144418708894,0.018518518518518517,0.9134705082694887,1
MSME_01701,Nyeri,Transport,44,2,35927.56,33223.86,670610.05,494676.18,13142.01,25497.12,0.9247200555769561,0.737649908989719,0.022222222222222223,0.7096616173873932,1
MSME_01702,Kakamega,Retail,99,2,264971.77,182657.7,3333740.24,2129740.11,162589.27,226421.12,0.6893451730908048,0.6388438563996046,0.01,0.854507125392545,0
MSME_01703,Nairobi,Food Services,116,2,202742.99,231571.45,448728.22,373794.91,0.0,105816.14,1.1421865082165938,0.8330077323692003,0.008547008547008548,0.5219199839166626,1
MSME_01704,Thika,Transport,86,3,162596.48,139070.0,460438.33,398263.93,16384.17,102845.74,0.855302308498262,0.8649650541364483,0.011494252873563218,0.6325174289294029,1
MSME_01705,Nairobi,Agriculture,108,2,131940.26,122513.16,438774.24,203090.31,160644.73,104222.59,0.9285432017247675,0.4628572706153611,0.009174311926605505,0.7899165886395203,0
MSME_01706,Nakuru,Agriculture,24,2,20131.3,13854.47,20367.21,7376.02,0.0,16983.93,0.6881712471997735,0.3621339332224089,0.04,0.8436159802903792,0
MSME_01707,Nakuru,Digital Commerce,81,25,533573.63,405066.67,1339570.13,471866.61,4596.6,403766.68,0.7591565401076134,0.35225200023532904,0.012195121951219513,0.7567201611515899,0
MSME_01708,Machakos,Construction,74,50,308251.43,289153.29,641578.54,82496.27,74222.52,220810.08,0.9380405857627788,0.12858307482810316,0.013333333333333334,0.7163287569217216,1
MSME_01709,Thika,Services,30,5,50950.5,45970.31,775827.02,251143.33,150631.38,30823.51,0.9022366368016643,0.3237100536791646,0.03225806451612903,0.6049578520750125,1
MSME_01710,Nyeri,Retail,59,5,284591.38,293527.6,59320.1,22781.1,0.0,164603.11,1.0313965539063272,0.38403030287705386,0.016666666666666666,0.5783820002489174,1
MSME_01711,Kakamega,Food Services,110,3,160948.5,120402.07,704781.81,91282.69,18581.18,143882.66,0.7480735882994356,0.12951889391286373,0.009009009009009009,0.8939615220923334,0
MSME_01712,Nyeri,Construction,87,1,74384.14,71367.73,430945.91,347378.54,0.0,41952.32,0.9594353119453697,0.8060819835092912,0.011363636363636364,0.5639879147905079,1
MSME_01713,Nyeri,Agriculture,96,1,438797.68,333502.27,848094.01,660059.18,0.0,305350.16,0.7600348068503762,0.7782844754622481,0.010309278350515464,0.6958775719197696,0
MSME_01714,Kakamega,Agriculture,81,3,86609.15,79915.47,665894.08,200567.79,8138.84,77932.35,0.9227032859312679,0.30120028818954486,0.012195121951219513,0.8998062005434699,0
MSME_01715,Mombasa,Digital Commerce,114,5,517169.83,482398.97,407390.2,302302.72,35948.11,292961.41,0.9327652334916104,0.7420452871834246,0.008695652173913044,0.5664693231054814,1
MSME_01716,Thika,Manufacturing,115,1,227357.82,151650.28,1433652.92,1056558.48,98055.28,126728.29,0.6670085638199564,0.736968989001195,0.008620689655172414,0.5573933309470905,0
MSME_01717,Machakos,Manufacturing,81,15,346819.14,312743.54,2494591.85,918035.27,11083.39,281488.5,0.9017456137351192,0.36801006224322336,0.012195121951219513,0.8116267411690682,0
MSME_01718,Machakos,Construction,14,1,237776.25,144227.0,447147.47,294068.51,82619.32,154366.45,0.6065634958769184,0.6576529491423733,0.06666666666666667,0.6492061372566131,1
MSME_01719,Nakuru,Digital Commerce,9,1,227005.79,198781.23,128280.29,42574.47,4429.11,158011.41,0.8756620451749483,0.3318837065015483,0.1,0.6960646859946348,0
MSME_01720,Nyeri,Construction,40,3,165252.59,162548.57,138822.84,21687.04,26977.01,129147.72,0.9836310969099068,0.1562198538810049,0.024390243902439025,0.7815123411237239,0
MSME_01721,Meru,Transport,66,1,64420.11,41232.61,1211524.65,610412.48,0.0,43196.2,0.6400481146630351,0.5038378510599425,0.014925373134328358,0.6705286512449102,0
MSME_01722,Machakos,Transport,109,1,141850.04,158345.92,3453766.08,1556479.86,45184.45,121980.91,1.1162831093800933,0.4506615020489454,0.00909090909090909,0.8599225638387987,1
MSME_01723,Mombasa,Food Services,25,2,333164.23,283961.05,82758.48,17422.51,0.0,311856.08,0.8523129799589231,0.2105198099359735,0.038461538461538464,0.9360402944809098,0
MSME_01724,Machakos,Agriculture,103,5,273555.47,305323.18,215036.8,105893.3,0.0,251637.48,1.1161248717677927,0.49244039885080676,0.009615384615384616,0.9198739843367625,0
MSME_01725,Kisumu,Retail,73,2,219971.54,144976.45,489430.42,420665.74,44090.23,163978.53,0.6590661270720427,0.8594988445980849,0.013513513513513514,0.7454500002591232,0
MSME_01726,Nakuru,Retail,118,3,16387.05,18393.59,63052.6,43198.25,19844.94,10810.0,1.1223781963076755,0.6851036261212683,0.008403361344537815,0.6596269842964844,1
MSME_01727,Kisumu,Manufacturing,22,3,107664.57,71064.9,649530.2,448888.92,55513.27,74846.21,0.660052233968575,0.6910967787228697,0.043478260869565216,0.6951731180172083,0
MSME_01728,Machakos,Digital Commerce,107,1,96926.75,82758.26,1127761.17,796245.21,96066.34,62863.82,0.8538138974648642,0.7060400066443088,0.009259259259259259,0.6485636982185184,1
MSME_01729,Nakuru,Digital Commerce,110,50,44211.6,49335.53,1297251.03,902506.68,0.0,30894.0,1.1158703627472712,0.6957065081640305,0.009009009009009009,0.6987600819675839,1
MSME_01730,Nairobi,Digital Commerce,4,1,328981.77,239495.28,451466.92,52334.56,0.0,166411.43,0.7279873046238865,0.11592088314934978,0.2,0.5058363086917895,0
MSME_01731,Meru,Transport,26,25,17583.06,10886.23,475556.41,399349.8,0.0,9228.41,0.6190964998982031,0.8397509777000426,0.037037037037037035,0.5248167943012023,1
MSME_01732,Meru,Food Services,58,2,307624.68,318764.04,214160.06,163641.89,0.0,260589.38,1.0362075103742965,0.7641066494534535,0.01694915254237288,0.8470989157992272,1
MSME_01733,Nairobi,Digital Commerce,29,25,503449.28,467068.02,87070.49,27833.26,52995.51,327577.27,0.9277341548007482,0.3196598565156057,0.03333333333333333,0.6506645899571255,1
MSME_01734,Machakos,Manufacturing,109,1,108029.35,95352.82,582444.81,315798.55,0.0,92633.31,0.8826484409242403,0.5421938737957441,0.00909090909090909,0.8574748670165374,1
MSME_01735,Mombasa,Manufacturing,98,2,123705.75,76560.11,1190654.31,704873.0,351708.38,88570.21,0.6188838523362711,0.5920042468042241,0.010101010101010102,0.7159690962700096,0
MSME_01736,Nyeri,Food Services,87,1,350655.39,336375.72,743572.98,152845.9,13662.68,302497.37,0.959274462387524,0.20555574039855457,0.011363636363636364,0.8626603667482003,0
MSME_01737,Nairobi,Food Services,37,1,62090.32,43115.07,2760261.21,836830.33,14177.96,49586.14,0.6943815979431586,0.3031705926227929,0.02631578947368421,0.7986001908157211,0
MSME_01738,Thika,Construction,75,3,258015.9,286954.49,1104015.58,130936.63,0.0,152345.63,1.1121538550381778,0.11860023877539955,0.013157894736842105,0.5904482613348195,0
MSME_01739,Kakamega,Agriculture,70,1,53219.79,52003.71,1609454.4,1273338.16,21938.34,37332.36,0.9771314931627283,0.7911608858499589,0.014084507042253521,0.7014619662729547,1
MSME_01740,Kakamega,Digital Commerce,18,3,39440.88,39001.85,892020.19,106974.68,65962.04,32221.21,0.9888435845350171,0.1199239224350713,0.05263157894736842,0.8169288583607069,0
MSME_01741,Machakos,Food Services,85,1,179152.15,130408.28,6790204.82,2410228.49,0.0,116229.92,0.7279150827099607,0.35495661750058705,0.011627906976744186,0.648774079607308,0
MSME_01742,Thika,Food Services,42,2,129743.28,140695.51,405230.06,65889.27,61581.81,76157.49,1.084406264384064,0.16259679107519548,0.023255813953488372,0.58698148388507,0
MSME_01743,Meru,Services,100,5,23837.03,21352.09,1647097.8,1194351.37,0.0,17709.42,0.8957153758091588,0.7251243034115501,0.009900990099009901,0.7429061881371908,1
MSME_01744,Nairobi,Manufacturing,41,2,548702.1,587877.4,982017.12,824880.85,26324.77,341919.14,1.071394347872283,0.8399853660541416,0.023809523809523808,0.6231405290037545,1
MSME_01745,Meru,Manufacturing,38,3,88016.8,65926.44,1768462.89,973101.12,37822.35,67548.84,0.7490125860905408,0.5502521852453544,0.02564102564102564,0.7674452213075081,0
MSME_01746,Kisumu,Retail,34,3,222054.9,225497.63,1088389.52,230361.4,12083.76,138180.43,1.015499385515089,0.21165325842786648,0.02857142857142857,0.6222776787286445,0
MSME_01747,Mombasa,Construction,17,10,663433.07,607712.52,693238.52,378874.74,88969.96,602371.13,0.9160104183374244,0.5465279013521906,0.05555555555555555,0.9079592942822488,0
MSME_01748,Machakos,Retail,37,2,170690.01,106959.59,1148387.26,822558.78,46495.32,111760.29,0.6266269676417052,0.7162723694162461,0.02631578947368421,0.6547520575336685,0
MSME_01749,Kakamega,Retail,25,3,476056.62,391765.22,1334441.35,900391.57,164327.2,432427.31,0.8229365596542704,0.6747324603419548,0.038461538461538464,0.9083507790506535,1
MSME_01750,Eldoret,Food Services,102,25,56215.4,39415.47,1560240.19,1081831.86,56495.35,35177.73,0.7011382799325464,0.6933747595780368,0.009708737864077669,0.6257556513757552,0
MSME_01751,Nairobi,Agriculture,76,5,551824.51,440105.14,4222524.45,1365307.15,289966.38,426011.03,0.7975440280026199,0.32333899846595354,0.012987012987012988,0.772003146429385,0
MSME_01752,Nairobi,Manufacturing,87,2,58345.38,47308.97,920270.58,146313.84,31165.88,32591.63,0.8108295664615355,0.15898984949638453,0.011363636363636364,0.5585887247846396,0
MSME_01753,Mombasa,Transport,117,3,75271.62,64824.72,195467.71,42840.84,0.0,64001.0,0.86119919832736,0.21916980983810655,0.00847457627118644,0.8502560426354231,0
MSME_01754,Nyeri,Digital Commerce,106,5,31111.56,28938.72,888694.65,768192.27,0.0,18358.87,0.930129825382418,0.8644042198248636,0.009345794392523364,0.5900790548897293,1
MSME_01755,Mombasa,Digital Commerce,86,3,174281.06,159299.46,427665.74,252669.7,0.0,154902.62,0.9140324597953455,0.5908097973669872,0.011494252873563218,0.888804160336411,1
MSME_01756,Meru,Agriculture,85,1,250428.2,155627.42,413833.56,282366.78,3468.97,176201.44,0.6214427870232385,0.6823180258313855,0.011627906976744186,0.7035978232570324,1
MSME_01757,Thika,Construction,27,1,286876.87,290571.58,495982.56,406334.54,0.0,155642.98,1.0128755487483228,0.8192500170771789,0.03571428571428571,0.5425409077388925,1
MSME_01758,Nakuru,Digital Commerce,57,10,31837.93,35723.79,246896.64,193123.45,5318.81,21127.41,1.1220160350866062,0.7822004697979292,0.017241379310344827,0.6635716087192629,1
MSME_01759,Nakuru,Transport,31,1,193876.42,153506.45,40974.73,11256.64,0.0,164964.92,0.7917706455965836,0.27471481289045974,0.03125,0.8508722676421009,1
MSME_01760,Kisumu,Construction,6,5,201185.44,140600.62,4283339.01,627286.58,0.0,107499.97,0.6988573384965706,0.14644800051724122,0.14285714285714285,0.534330096998585,0
MSME_01761,Meru,Digital Commerce,91,2,246414.83,221034.31,405861.99,340965.7,33812.5,192592.44,0.896997201843729,0.8401004979537553,0.010869565217391304,0.7815749499534994,1
MSME_01762,Mombasa,Food Services,40,2,61529.45,60772.77,93212.95,82524.65,0.0,44810.04,0.9876860968837381,0.8853251042360075,0.024390243902439025,0.7282579600831783,0
MSME_01763,Meru,Services,98,1,10880.16,10590.72,903985.4,500695.23,59817.74,6957.22,0.973307992897816,0.5538747374960508,0.010101010101010102,0.6393821982215132,0
MSME_01764,Kisumu,Construction,12,1,270081.46,252974.57,1526928.65,1237913.93,113552.64,226875.94,0.9366567899300088,0.8107209981808919,0.07692307692307693,0.8400247094905755,1
MSME_01765,Nakuru,Services,109,25,115170.67,78365.32,589083.31,168155.5,0.0,60303.17,0.680421843323102,0.2854523489175938,0.00909090909090909,0.5235937796161156,0
MSME_01766,Meru,Digital Commerce,53,15,176352.68,186978.58,155385.72,29341.64,8516.82,127668.55,1.0602476795494145,0.18882977901843864,0.018518518518518517,0.7239347089326404,1
MSME_01767,Kisumu,Transport,71,3,121223.71,101111.71,133420.78,66690.85,4442.48,88261.58,0.8340849815190319,0.4998497996354119,0.013888888888888888,0.7280824181802538,0
MSME_01768,Thika,Construction,10,2,168468.19,121601.64,11273136.62,8442978.87,23965.1,90784.6,0.7218034348001554,0.7489466690286001,0.09090909090909091,0.5388795423068159,1
MSME_01769,Eldoret,Construction,45,3,278484.95,180304.07,134263.09,83742.96,5136.38,156288.6,0.6474440452022804,0.6237182257742931,0.021739130434782608,0.561208204579082,1
MSME_01770,Thika,Retail,17,3,20805.62,17251.93,103279.99,62985.94,0.0,14238.21,0.8291558167544754,0.6098502735111273,0.05555555555555555,0.6843115316183023,1
MSME_01771,Eldoret,Construction,26,3,417074.56,392002.2,503573.78,57390.86,0.0,309233.73,0.9398829315244461,0.11396690676209002,0.037037037037037035,0.7414333508297632,0
MSME_01772,Kisumu,Manufacturing,85,1,111063.51,107282.66,1955619.82,692278.3,19279.89,58190.39,0.9659490686989031,0.3539941347116564,0.011627906976744186,0.523933252845576,1
MSME_01773,Mombasa,Agriculture,92,3,678116.42,765936.09,5337120.37,4545073.72,88067.67,342645.74,1.1295036337512165,0.8515964702522775,0.010752688172043012,0.5052896886205931,1
MSME_01774,Kakamega,Retail,62,5,84165.85,57588.92,564695.47,117128.47,0.0,49377.74,0.684223301691818,0.2074184561486634,0.015873015873015872,0.5866649399377545,0
MSME_01775,Meru,Manufacturing,46,50,67400.13,76982.78,555417.25,378290.67,0.0,48495.35,1.142158595857369,0.6810915377735607,0.02127659574468085,0.7195035157422435,1
MSME_01776,Nakuru,Digital Commerce,64,1,114881.98,110294.94,156254.41,110542.01,21030.06,59523.27,0.9600633618661355,0.7074443694461523,0.015384615384615385,0.5181208739536527,1
MSME_01777,Kakamega,Construction,2,5,219693.14,186700.94,2692287.55,1847627.01,0.0,182335.62,0.8498221208813307,0.6862663402108218,0.3333333333333333,0.8299521325420878,1
MSME_01778,Thika,Digital Commerce,54,3,101280.33,110244.33,670872.49,598034.47,0.0,57564.47,1.0884960732644406,0.8914265937084501,0.01818181818181818,0.5683621058293764,1
MSME_01779,Meru,Retail,107,2,236218.69,231958.22,697697.26,298172.48,0.0,200236.68,0.9819597172445701,0.4273659504324978,0.009259259259259259,0.8476714197702994,0
MSME_01780,Eldoret,Agriculture,65,1,90479.09,71640.84,1227054.08,792375.96,46080.19,53575.39,0.7917856845633111,0.6457541905942803,0.015151515151515152,0.592123526844414,0
MSME_01781,Nyeri,Food Services,51,2,137983.89,149884.6,1047799.9,267109.44,0.0,90514.5,1.0862392251789308,0.25492385051396693,0.019230769230769232,0.6559739983124239,1
MSME_01782,Eldoret,Transport,53,2,1247376.31,1205761.97,616406.69,258747.76,15264.29,892612.29,0.9666377288841337,0.419767248523457,0.018518518518518517,0.7155912512149191,0
MSME_01783,Meru,Services,36,2,190473.22,187494.32,3559659.67,1755796.73,136677.78,125002.21,0.9843553631562318,0.4932483438091306,0.02702702702702703,0.6562683915965111,1
MSME_01784,Mombasa,Food Services,115,5,206384.5,225581.24,106465.41,28943.9,420898.3,105385.85,1.0930091503521322,0.27185945313643994,0.008620689655172414,0.5106262310094459,1
MSME_01785,Kisumu,Construction,26,5,30559.47,25872.53,939922.42,775857.64,24312.5,27774.23,0.8466011811991111,0.8254477157298623,0.037037037037037035,0.9088286273084151,1
MSME_01786,Eldoret,Construction,29,3,516219.59,496240.48,1188976.18,800131.35,37442.4,324655.63,0.9612954028044483,0.6729577013412487,0.03333333333333333,0.6289087190419894,1
MSME_01787,Mombasa,Digital Commerce,21,25,387110.35,390818.47,444687.97,145415.73,72857.71,217252.61,1.0095763660765824,0.3270054798076058,0.045454545454545456,0.5612147770919143,1
MSME_01788,Thika,Transport,11,2,65221.92,55416.92,1528411.68,317856.37,0.0,36500.35,0.8496540786582385,0.20796501766787226,0.08333333333333333,0.5596245920912465,0
MSME_01789,Kakamega,Transport,40,1,379544.05,245146.99,1616390.99,533884.02,0.0,356230.8,0.6458969495189043,0.3302936560580209,0.024390243902439025,0.9385731680600234,0
MSME_01790,Kisumu,Digital Commerce,11,3,185312.94,189814.54,2762860.84,1653263.62,0.0,102918.35,1.0242863542807412,0.5983880902274868,0.08333333333333333,0.5553729525150671,1
MSME_01791,Eldoret,Construction,36,1,139583.17,87420.8,638022.22,485615.88,0.0,91559.07,0.6262945146287003,0.7611257157694041,0.02702702702702703,0.6559416443856062,1
MSME_01792,Eldoret,Agriculture,113,2,484540.18,482046.21,562092.35,282470.86,8121.49,257014.5,0.9948508607668806,0.5025337161523081,0.008771929824561403,0.5304286005164721,1
MSME_01793,Kakamega,Agriculture,59,1,79833.73,87895.45,1393087.94,253536.07,12409.74,66338.86,1.10096758641258,0.18199560898100306,0.016666666666666666,0.8309523937764931,0
MSME_01794,Machakos,Food Services,39,1,64708.31,51173.46,575514.74,172338.98,0.0,49730.81,0.7908206717085996,0.29945137556098816,0.025,0.7685263526994802,0
MSME_01795,Meru,Manufacturing,104,10,163990.42,107599.69,117522.76,44202.09,23272.27,121370.3,0.6561299975327978,0.37611194536321846,0.009523809523809525,0.7401015248236767,0
MSME_01796,Nakuru,Services,99,1,225986.11,164534.88,2053195.76,1250209.38,133306.37,200026.67,0.7280719683525313,0.6089087048822344,0.01,0.8851242444757138,0
MSME_01797,Kakamega,Manufacturing,54,2,350219.68,318438.95,80729.37,24002.03,37835.33,265467.06,0.9092522748799414,0.2973110367263274,0.01818181818181818,0.7579993848450068,1
MSME_01798,Nairobi,Food Services,98,1,114582.12,128155.85,1181165.61,339163.1,120881.11,106560.1,1.1184531369018405,0.28714247179743757,0.010101010101010102,0.9299807860005908,1
MSME_01799,Eldoret,Digital Commerce,55,3,56967.08,50231.04,15343341.37,5047368.51,0.0,44448.62,0.8817400902400081,0.32896147320996005,0.017857142857142856,0.7802372837560965,0
MSME_01800,Nakuru,Transport,111,2,1670390.05,1105807.41,1383127.37,793947.25,31686.07,1101544.03,0.6620051095221086,0.5740228219019179,0.008928571428571428,0.6594527850230041,0
MSME_01801,Eldoret,Digital Commerce,24,5,44954.47,42494.59,317131.79,156696.16,62081.59,23220.61,0.945259609119869,0.49410267541240377,0.04,0.516524685427602,1
MSME_01802,Meru,Agriculture,118,2,140803.15,141234.67,424370.85,328169.7,2360.64,116356.07,1.0030575803341024,0.7733069476686544,0.008403361344537815,0.826368185880885,1
MSME_01803,Machakos,Food Services,22,1,290600.72,237219.12,1137960.88,749171.82,24518.94,194162.06,0.8163032207792852,0.6583452689996963,0.043478260869565216,0.6681380275381715,0
MSME_01804,Machakos,Manufacturing,69,2,421309.34,419974.94,710947.52,450355.04,25622.69,324256.93,0.9968303649988747,0.6334566108949773,0.014285714285714285,0.7696391453388017,1
MSME_01805,Machakos,Transport,56,1,75571.9,58844.25,1807586.4,404393.32,6830.33,67588.23,0.7786422116922865,0.22371992635044924,0.017543859649122806,0.8943447982014717,0
MSME_01806,Nairobi,Manufacturing,33,2,20436.59,21131.43,4156152.73,599243.41,182114.64,10288.72,1.0339492082970645,0.14418220521405017,0.029411764705882353,0.5034213916611499,0
MSME_01807,Nyeri,Transport,36,2,73845.83,58160.21,3531716.28,1794108.66,0.0,62165.31,0.7875789658134276,0.5079989471863954,0.02702702702702703,0.8418141983887459,0
MSME_01808,Nakuru,Manufacturing,111,15,315313.45,233602.78,182229.54,28667.14,56474.35,219419.74,0.7408565639792277,0.15731248999207267,0.008928571428571428,0.6958759422538358,0
MSME_01809,Thika,Construction,20,1,252078.67,273139.79,743555.38,290889.52,102525.08,140112.15,1.0835454917883698,0.39121380412336726,0.047619047619047616,0.5558248707640723,0
MSME_01810,Nakuru,Retail,83,3,260438.59,234827.16,1317652.05,159290.8,0.0,198481.81,0.901656925508138,0.12088978961495211,0.011904761904761904,0.7621030658203694,0
MSME_01811,Eldoret,Transport,99,1,271485.52,205470.0,4503348.76,1087320.86,51115.97,200811.52,0.7568331569464296,0.24144712668287177,0.01,0.7396739992836476,0
MSME_01812,Eldoret,Transport,116,2,508939.4,567110.05,1122433.17,211347.76,0.0,447377.39,1.1142956031786826,0.18829412507995905,0.008547008547008548,0.8790368970512068,1
MSME_01813,Nairobi,Digital Commerce,107,2,61335.35,60106.69,321116.63,237879.35,0.0,45063.28,0.9799521816997588,0.7407857052258389,0.009259259259259259,0.734691255674653,1
MSME_01814,Thika,Transport,81,15,40219.29,29013.6,1229417.8,463368.7,0.0,35083.62,0.7213672502112739,0.3769006135256757,0.012195121951219513,0.8722865996242196,0
MSME_01815,Kakamega,Retail,62,1,193006.71,181050.58,6472949.79,1055590.62,0.0,143793.89,0.938048433401961,0.1630771890975553,0.015873015873015872,0.7450163001260417,1
MSME_01816,Machakos,Retail,109,1,46698.87,50373.95,538809.97,168315.7,139567.04,32741.77,1.0786743089434723,0.31238358046050924,0.00909090909090909,0.7011105170100045,0
MSME_01817,Eldoret,Digital Commerce,107,2,37762.98,37116.64,314392.19,203174.84,322090.97,25189.14,0.982858268646472,0.6462444049758203,0.009259259259259259,0.6670149703500531,1
MSME_01818,Kakamega,Manufacturing,98,1,453141.59,332885.76,701540.64,488628.82,15303.31,261990.08,0.7346159185787414,0.6965072237194645,0.010101010101010102,0.5781625602660743,1
MSME_01819,Thika,Agriculture,73,1,171160.98,163778.22,334017.8,65431.45,13093.46,130563.97,0.9568609804583939,0.19589151868098442,0.013513513513513514,0.7628094159695978,0
MSME_01820,Eldoret,Digital Commerce,26,3,137103.74,128951.23,1967720.04,1422372.63,83067.12,102130.31,0.9405307941942781,0.7228527830347333,0.037037037037037035,0.744907214732328,1
MSME_01821,Nairobi,Construction,66,1,139982.68,147186.75,336949.64,133582.78,0.0,131455.33,1.051456498357523,0.39644613822368757,0.014925373134328358,0.939076112301091,0
MSME_01822,Eldoret,Manufacturing,117,1,119833.79,83640.74,3440197.91,2213788.46,0.0,82156.12,0.6979670928617642,0.6435059477418414,0.00847457627118644,0.6855782031244849,1
MSME_01823,Mombasa,Transport,73,5,450107.02,443264.97,1321586.61,842123.22,0.0,310432.27,0.984796871648721,0.6372057468062975,0.013513513513513514,0.6896839340920875,1
MSME_01824,Nakuru,Transport,73,2,29301.21,18021.82,1683519.86,1237175.27,35391.78,16811.34,0.6150327910420409,0.7348737395508126,0.013513513513513514,0.5737225963502411,0
MSME_01825,Mombasa,Construction,40,1,28112.69,27631.86,1668115.64,1097196.76,34540.8,21616.05,0.9828613746541276,0.6577458276538745,0.024390243902439025,0.7688798588872539,0
MSME_01826,Machakos,Digital Commerce,17,1,52240.77,58940.15,2027357.06,265775.74,0.0,46051.99,1.1282188562906657,0.1310946227229343,0.05555555555555555,0.8815166484596522,0
MSME_01827,Nyeri,Manufacturing,1,3,177932.87,123825.89,503204.81,259444.8,224106.7,108817.59,0.6959096095644972,0.5155838721337498,0.5,0.6115619808640143,1
MSME_01828,Meru,Food Services,89,1,810449.04,625030.36,225555.24,52541.95,27463.07,408535.25,0.7712139294854005,0.23294389904708465,0.011111111111111112,0.5040844343717966,0
MSME_01829,Nakuru,Agriculture,61,2,317770.27,292532.75,411930.32,360839.27,0.0,257763.53,0.9205764573996887,0.8759694941380034,0.016129032258064516,0.8111605872991601,0
MSME_01830,Eldoret,Retail,43,1,240973.61,241652.5,2216909.19,675420.47,31325.72,123888.92,1.0028131179463264,0.30466749309316854,0.022727272727272728,0.5141160722285224,0
MSME_01831,Meru,Agriculture,104,3,123023.79,97115.5,87572.54,38189.15,0.0,84169.72,0.7893978116117898,0.43608092124630343,0.009523809523809525,0.6841687760653767,0
MSME_01832,Meru,Food Services,42,2,35153.17,33934.85,66202.88,17038.09,60445.95,27269.0,0.9653150678852609,0.25735787690993334,0.023255813953488372,0.7756974492641983,0
MSME_01833,Mombasa,Manufacturing,25,3,223014.0,244111.87,955012.33,198328.66,133654.49,150245.71,1.094598435082842,0.20767109083178975,0.038461538461538464,0.673702262179674,1
MSME_01834,Nairobi,Services,39,10,1010511.37,1010114.58,2008885.02,1166647.28,112980.23,623748.45,0.9996063482132336,0.580743391304998,0.025,0.617259588816315,1
MSME_01835,Kisumu,Digital Commerce,35,3,104813.97,103877.19,2364291.12,1169245.32,13701.25,90105.42,0.9910529955787805,0.49454350843921946,0.027777777777777776,0.8596617448824342,1
MSME_01836,Kakamega,Manufacturing,3,1,76063.72,61617.99,233058.32,93159.89,56282.63,48332.4,0.8100731850455769,0.3997260869035403,0.25,0.635411528498363,1
MSME_01837,Nairobi,Services,114,1,105319.81,115987.24,177109.89,29813.83,0.0,61193.03,1.101275616851029,0.16833425657789874,0.008695652173913044,0.581015565679755,1
MSME_01838,Thika,Transport,101,2,242741.2,182669.46,320185.33,220533.25,0.0,163796.55,0.7525245301393824,0.6887653511004045,0.00980392156862745,0.6747757497460267,1
MSME_01839,Machakos,Construction,108,1,149004.26,106225.76,455268.02,47659.75,9200.73,83330.51,0.712899396974308,0.1046848081163089,0.009174311926605505,0.5592454252957244,0
MSME_01840,Nakuru,Services,44,1,331046.49,264944.17,487789.38,227372.91,0.0,268372.32,0.8003207334391812,0.46612831929977794,0.022222222222222223,0.8106761963366647,0
MSME_01841,Nakuru,Manufacturing,51,5,128868.67,123402.82,843583.05,511259.91,0.0,105612.54,0.9575784589189994,0.6060568712744153,0.019230769230769232,0.8195298397210142,1
MSME_01842,Kakamega,Food Services,94,2,104714.03,112454.79,3940231.93,1751703.66,0.0,53053.4,1.0739125987931244,0.444568554986418,0.010526315789473684,0.5066455121103437,0
MSME_01843,Nairobi,Manufacturing,102,2,167544.79,112697.89,678153.48,136286.6,0.0,136161.96,0.6726393423553048,0.2009668947405612,0.009708737864077669,0.8126850576191738,0
MSME_01844,Meru,Digital Commerce,98,3,77679.59,81376.45,2247164.58,1623800.92,0.0,49291.14,1.0475776509936394,0.7225995869872659,0.010101010101010102,0.6345361177097136,1
MSME_01845,Kakamega,Manufacturing,12,3,759765.37,795514.51,1600125.8,574693.44,11213.71,604235.03,1.0470514903153716,0.359154936971245,0.07692307692307693,0.7952905707053077,0
MSME_01846,Machakos,Food Services,19,1,303493.17,280065.21,311048.27,64637.21,0.0,248232.47,0.9228026027649889,0.20780376690805286,0.05,0.8179151184353888,0
MSME_01847,Kisumu,Services,101,10,44369.23,45183.69,1578070.67,852493.74,110116.9,27730.84,1.0183334636759827,0.540212308608265,0.00980392156862745,0.6249875197852254,1
MSME_01848,Kisumu,Retail,44,1,63211.46,44250.2,1453185.26,167606.39,11582.64,36879.05,0.7000233814662489,0.11533716951053474,0.022222222222222223,0.5834142509245804,0
MSME_01849,Kakamega,Services,59,5,234529.58,162592.86,728934.98,261870.59,1575.55,204477.31,0.6932693382671036,0.35925046531521193,0.016666666666666666,0.8718577764997639,0
MSME_01850,Nakuru,Agriculture,49,5,160062.16,171993.2,898604.8,629485.15,134343.79,133273.02,1.0745333279687843,0.7005131170976194,0.02,0.8326276952173128,1
MSME_01851,Nakuru,Digital Commerce,61,5,180324.22,157600.06,680530.29,564955.19,27058.05,158092.78,0.8739768070156798,0.8301678384251808,0.016129032258064516,0.8767092035157367,1
MSME_01852,Mombasa,Manufacturing,17,3,109960.06,80849.83,196725.79,112799.02,0.0,76540.33,0.7352587361380475,0.573379050204601,0.05555555555555555,0.6960675897449515,1
MSME_01853,Nakuru,Agriculture,74,1,210065.16,205612.14,12469682.47,3417806.14,410872.33,148172.81,0.9787970608878651,0.2740892459878935,0.013333333333333334,0.705362586720298,0
MSME_01854,Mombasa,Agriculture,57,2,112577.16,122768.92,2588534.11,714435.73,0.0,73723.99,1.0905216429190172,0.2760000153136806,0.017241379310344827,0.6548693814146546,0
MSME_01855,Nyeri,Transport,55,3,234070.95,221847.17,1373195.41,800706.58,63463.0,169602.69,0.9477734089881338,0.5830969074555038,0.017857142857142856,0.724575029173722,0
MSME_01856,Eldoret,Retail,113,2,288666.76,228346.89,448516.89,190803.29,0.0,228322.86,0.7910370385664128,0.42540842685227115,0.008771929824561403,0.7909537940780085,0
MSME_01857,Nyeri,Agriculture,47,10,664466.9,575282.66,653336.25,157984.18,0.0,575790.62,0.8657794605277396,0.24181107077546857,0.020833333333333332,0.8665439218358028,0
MSME_01858,Thika,Transport,12,2,79642.31,80737.25,178824.26,130526.98,0.0,46385.81,1.0137354914053673,0.7299135480077031,0.07692307692307693,0.5824194147631483,1
MSME_01859,Mombasa,Services,62,1,131778.98,83959.77,1281993.26,333567.5,30337.72,89930.97,0.6371208282168506,0.2601942227104823,0.015873015873015872,0.6824327185358504,0
MSME_01860,Mombasa,Food Services,80,1,39380.21,28331.72,1091890.19,390146.2,0.0,27863.1,0.7194222828602779,0.35731234354954367,0.012345679012345678,0.7075226992771425,0
MSME_01861,Nairobi,Food Services,88,2,827580.3,707101.78,569282.28,84904.78,10962.18,595524.75,0.8544197168302377,0.1491432876792025,0.011235955056179775,0.7195966728586061,0
MSME_01862,Nairobi,Food Services,83,3,18481.25,17230.67,756077.01,499840.77,33918.95,13747.98,0.9322820544035493,0.6610968225355477,0.011904761904761904,0.7438477458101692,0
MSME_01863,Eldoret,Construction,8,5,717027.44,563971.53,509799.35,163249.14,0.0,617207.37,0.7865399732261666,0.32022171032248214,0.1111111111111111,0.8607850617473416,0
MSME_01864,Eldoret,Construction,95,3,146308.05,111796.18,403140.05,115416.4,6865.81,131503.54,0.7641098072880659,0.286292849611817,0.010416666666666666,0.898806601505512,0
MSME_01865,Nyeri,Digital Commerce,21,10,202486.39,126100.69,287315.2,98459.08,0.0,115745.46,0.6227582369450265,0.34268544551264424,0.045454545454545456,0.571618114095895,1
MSME_01866,Nairobi,Food Services,81,15,112908.26,69769.51,214275.75,171271.56,19245.65,92664.58,0.6179254916735792,0.7993007174133451,0.012195121951219513,0.8206995599829456,1
MSME_01867,Eldoret,Food Services,87,10,137461.71,103547.46,314178.15,161617.91,83195.35,98367.42,0.7532767250114596,0.5144132257025967,0.011363636363636364,0.7155934871355294,0
MSME_01868,Mombasa,Transport,101,1,239925.71,213960.55,344498.68,77962.73,40617.47,165062.3,0.891774617340437,0.22630711877584328,0.00980392156862745,0.6879696720719423,0
MSME_01869,Kakamega,Services,118,5,25935.1,23497.31,2695351.86,1939533.99,16788.82,14290.35,0.9059692860530304,0.7195844443165041,0.008403361344537815,0.5509829928169617,0
MSME_01870,Nairobi,Retail,80,1,69416.08,60511.05,347190.75,92617.51,145079.14,36711.46,0.8717026126711178,0.2667618398190625,0.012345679012345678,0.5288534176315108,0
MSME_01871,Nyeri,Retail,70,1,57236.25,47244.77,63517.06,27311.12,0.0,53802.93,0.8254199843633298,0.42997408925902336,0.014084507042253521,0.9399985149531118,0
MSME_01872,Kisumu,Transport,72,3,208439.64,153986.95,1035122.59,573934.75,19753.13,164472.6,0.7387568470332849,0.5544601200712661,0.0136986301369863,0.7890620562285742,0
MSME_01873,Meru,Transport,25,2,133835.43,109796.17,1541598.37,874940.83,0.0,94165.49,0.8203758124749742,0.5675539618312117,0.038461538461538464,0.7035863852614719,1
MSME_01874,Eldoret,Construction,82,1,247235.31,167209.69,2332657.47,362088.37,0.0,208368.33,0.6763152629158719,0.1552256254641512,0.012048192771084338,0.8427901629821283,0
MSME_01875,Eldoret,Manufacturing,89,1,157121.55,104233.27,890374.13,685092.67,34263.74,85004.29,0.6633883551406212,0.7694427291561929,0.011111111111111112,0.5410063036782435,1
MSME_01876,Eldoret,Agriculture,12,1,384073.35,293804.13,185696.59,89792.58,0.0,297023.46,0.7649668091607784,0.48354197811614036,0.07692307692307693,0.7733488581052081,0
MSME_01877,Meru,Construction,15,15,63559.12,72930.39,279647.3,249280.0,62021.73,50674.11,1.1474237304775383,0.8914053831187245,0.0625,0.7972626546331253,1
MSME_01878,Kakamega,Digital Commerce,59,1,141231.52,110100.33,1498832.4,1010143.98,241497.98,99345.74,0.7795678360762806,0.673953476083466,0.016666666666666666,0.7034197223132463,1
MSME_01879,Nairobi,Construction,26,1,404078.08,450567.67,4201061.28,3755980.36,2415.62,247970.34,1.1150482474866057,0.8940549103213961,0.037037037037037035,0.6136678493724544,1
MSME_01880,Eldoret,Services,105,2,330818.79,269863.5,185077.14,85650.04,76051.61,307516.97,0.8157417063834059,0.4627777218854695,0.009433962264150943,0.9295603808949882,0
MSME_01881,Kakamega,Food Services,109,2,30344.04,25533.16,940626.43,200000.81,290811.66,19283.96,0.841427791823639,0.21262489655442005,0.00909090909090909,0.6354896879358207,0
MSME_01882,Thika,Construction,26,15,47996.78,49839.12,374771.38,255536.93,0.0,26693.82,1.0383630242898736,0.6818456845725931,0.037037037037037035,0.5561469717974457,1
MSME_01883,Meru,Construction,47,1,122787.32,79996.07,271336.74,195961.63,26908.64,96230.03,0.6514957611603449,0.7222055803958565,0.020833333333333332,0.7837067076086716,0
MSME_01884,Kisumu,Agriculture,32,2,105362.63,73782.53,760701.39,595072.52,0.0,79911.8,0.7002656419487445,0.7822671886176144,0.030303030303030304,0.758438182131728,1
MSME_01885,Nairobi,Services,10,3,124813.17,141739.35,621333.56,211973.67,0.0,104799.08,1.13560303289282,0.34115866659662386,0.09090909090909091,0.8396408837233785,1
MSME_01886,Machakos,Manufacturing,16,25,295430.92,259463.55,64243.67,32670.94,0.0,247926.34,0.8782515782316278,0.5085393076188266,0.058823529411764705,0.8391995692273199,1
MSME_01887,Meru,Services,71,3,177972.27,111120.6,929043.42,730232.27,110055.03,138659.29,0.6243667939573174,0.7860036121846574,0.013888888888888888,0.7791017718559647,0
MSME_01888,Thika,Digital Commerce,17,10,188657.96,118111.09,1081343.55,856195.92,0.0,111947.91,0.6260560855418688,0.7917882602728242,0.05555555555555555,0.5933877193004775,1
MSME_01889,Eldoret,Retail,23,1,260566.55,286358.05,1788318.02,215576.51,72451.88,234305.48,1.0989781728384829,0.12054700955984912,0.041666666666666664,0.899212046933703,0
MSME_01890,Machakos,Digital Commerce,26,2,390106.17,421451.51,366866.56,233596.2,33152.08,238638.61,1.08034802333933,0.6367316859522821,0.037037037037037035,0.6117257726895919,1
MSME_01891,Thika,Food Services,85,2,6272.86,5345.23,108510.37,63082.49,0.0,3401.73,0.8519842648704307,0.5813445171690304,0.011627906976744186,0.542206871049083,1
MSME_01892,Thika,Construction,86,15,90524.3,62441.14,439955.35,73327.46,137571.67,57544.0,0.6897645188693106,0.16666985258878525,0.011494252873563218,0.6356675978980462,0
MSME_01893,Meru,Services,7,1,55107.01,58229.18,1701654.2,1436381.39,41441.83,39536.77,1.0566373200556507,0.8441083657840907,0.125,0.7174414390938811,1
MSME_01894,Meru,Services,14,1,214339.43,166869.69,665944.1,303868.85,17204.91,127153.05,0.7785264310610929,0.45629714821837414,0.06666666666666667,0.5932294247986719,1
MSME_01895,Nairobi,Services,79,2,83943.23,69713.35,2021133.12,1292324.98,0.0,54575.88,0.8304722075597097,0.6394058500185035,0.0125,0.6501445066563837,1
MSME_01896,Mombasa,Construction,117,1,143754.41,140212.59,153110.65,123443.66,7873.32,105107.75,0.975355223152993,0.8062329679028344,0.00847457627118644,0.7311568308977032,1
MSME_01897,Nairobi,Retail,7,1,312432.3,248186.56,1932870.52,394492.8,10266.66,201619.67,0.7943665415946379,0.20409675238010647,0.125,0.6453206812462052,0
MSME_01898,Mombasa,Transport,9,25,72912.4,68958.25,983481.75,771713.06,33130.87,39386.75,0.9457555127041121,0.7846737118673409,0.1,0.5401853431605165,1
MSME_01899,Kisumu,Digital Commerce,115,2,191533.05,208178.32,476449.9,323721.27,19462.85,112764.33,1.0868997966680076,0.6794430863704949,0.008620689655172414,0.5887429937392333,1
MSME_01900,Mombasa,Agriculture,48,3,630222.26,654520.67,2635078.8,2033421.42,28050.99,540348.21,1.038553654779419,0.7716735637379939,0.02040816326530612,0.8573917281313926,1
MSME_01901,Thika,Retail,72,5,306084.19,247893.33,972892.63,482426.87,0.0,284489.71,0.8098834510745194,0.4958680529134516,0.0136986301369863,0.929446178039519,0
MSME_01902,Nakuru,Manufacturing,114,2,27288.55,20694.68,223899.35,28387.72,0.0,15467.06,0.7583371656916292,0.12678729622352086,0.008695652173913044,0.5667759270489986,0
MSME_01903,Eldoret,Retail,59,1,99533.87,75350.2,2369640.57,1508069.29,0.0,80269.94,0.7570231417391714,0.6364124047671902,0.016666666666666666,0.8064504429452714,0
MSME_01904,Kakamega,Food Services,87,1,190197.13,150583.85,545764.62,218101.7,9082.24,172605.97,0.7917209806426593,0.39962520907784554,0.011363636363636364,0.9075061358384543,0
MSME_01905,Meru,Services,93,2,231603.9,201827.59,762483.19,321716.57,20748.95,146979.14,0.8714305699059044,0.42193211901219885,0.010638297872340425,0.6346115302396452,0
MSME_01906,Mombasa,Food Services,82,3,103533.55,85842.63,258861.31,117266.7,0.0,90411.48,0.8291206172239123,0.45300801032023547,0.012048192771084338,0.8732493645840929,0
MSME_01907,Kisumu,Agriculture,95,2,70277.79,47307.65,685556.92,338889.78,37944.29,63757.49,0.6731426366333286,0.4943269855302671,0.010416666666666666,0.9072081349152427,0
MSME_01908,Kakamega,Transport,94,1,142594.89,98376.32,234386.28,147557.27,0.0,90515.54,0.6898959009267378,0.6295447005485962,0.010526315789473684,0.634769627651961,1
MSME_01909,Nairobi,Construction,116,2,44941.43,35441.32,593247.79,404251.23,32714.74,23618.22,0.7885937631765795,0.6814193923598225,0.008547008547008548,0.5255216506984602,0
MSME_01910,Mombasa,Food Services,39,15,400205.83,363841.23,756770.72,545990.27,5950.64,365210.59,0.9091329850617491,0.7214728769198723,0.025,0.9125546158220239,1
MSME_01911,Nairobi,Manufacturing,99,10,863441.11,799516.4,1508956.53,961635.29,125335.86,560129.1,0.9259641042987816,0.6372845298038309,0.01,0.6487164495602374,1
MSME_01912,Meru,Digital Commerce,18,10,197737.16,171519.96,134870.35,100179.48,0.0,100091.02,0.8674095076033882,0.7427780622052051,0.05263157894736842,0.5061795861759815,1
MSME_01913,Kisumu,Agriculture,59,5,105615.61,106283.81,2430477.31,480552.43,509099.35,75379.33,1.0063171881771247,0.19771928349362639,0.016666666666666666,0.7137071526912292,0
MSME_01914,Kisumu,Food Services,106,2,341431.04,343304.42,2523513.38,1941727.8,9469.59,188519.26,1.0054839024480537,0.7694538281172784,0.009345794392523364,0.5521428510341326,1
MSME_01915,Nyeri,Manufacturing,103,5,288349.69,240828.25,581410.99,238275.75,16352.36,261177.3,0.8351922098747189,0.40982255973083737,0.009615384615384616,0.9057627016602595,0
MSME_01916,Nairobi,Construction,17,1,101160.06,67619.68,851594.75,445402.23,0.0,57635.74,0.6684358586199076,0.5230207290254795,0.05555555555555555,0.5697423494771605,0
MSME_01917,Meru,Retail,14,3,127027.19,113256.95,1053711.08,471033.64,176408.8,80914.85,0.8915891031746574,0.4470230995169003,0.06666666666666667,0.6369834128944135,1
MSME_01918,Nyeri,Services,31,3,72436.5,58659.66,806164.59,387421.55,20286.81,61984.1,0.8097968593615186,0.4805731661159093,0.03125,0.855690767903365,0
MSME_01919,Meru,Construction,24,1,157107.38,106182.22,1504716.8,494061.95,0.0,135561.07,0.6758533185817331,0.32834193228790143,0.04,0.862850663981132,0
MSME_01920,Machakos,Manufacturing,99,5,179675.75,204830.26,458315.27,108144.41,0.0,162710.05,1.1399931265453098,0.235960224584652,0.01,0.9055709767680014,1
MSME_01921,Eldoret,Construction,108,15,61075.58,49066.01,292975.98,53882.91,16217.75,44208.23,0.8033522833138332,0.18391516630419225,0.009174311926605505,0.72381639574449,0
MSME_01922,Kisumu,Agriculture,60,1,45493.45,42954.41,1219317.27,562250.45,64292.04,42946.92,0.944168134794464,0.46111869544938416,0.01639344262295082,0.94400349932794,1
MSME_01923,Meru,Food Services,45,10,35382.92,30767.96,116890.22,23402.45,39802.37,25910.38,0.8695463928247633,0.2002070814215131,0.021739130434782608,0.7322642601498083,0
MSME_01924,Eldoret,Transport,98,1,202103.39,137138.38,1533178.24,453806.62,0.0,172963.82,0.6785522075992511,0.2959905848973014,0.010101010101010102,0.8558142650934004,0
MSME_01925,Meru,Transport,3,3,131731.02,83062.86,1736009.62,359167.73,106200.42,87318.71,0.6305441911541325,0.20689258801884516,0.25,0.6628510668856366,0
MSME_01926,Kisumu,Services,37,2,122568.56,115725.95,285286.41,53433.28,0.0,113202.0,0.9441655007980775,0.18729631286568169,0.02631578947368421,0.9235735202117067,0
MSME_01927,Thika,Manufacturing,43,2,212039.09,156031.51,4018840.74,3239060.72,145019.72,171382.14,0.7358585350534421,0.8059687167477264,0.022727272727272728,0.8082534769722085,0
MSME_01928,Mombasa,Manufacturing,40,15,54124.27,39727.74,478594.74,305927.69,0.0,28939.93,0.7339961537374317,0.6392194172058447,0.024390243902439025,0.5346842611593439,1
MSME_01929,Kisumu,Services,90,10,45695.14,51468.12,431624.4,362136.02,0.0,25079.04,1.1263122005491055,0.8390053504728869,0.01098901098901099,0.5488218479722795,1
MSME_01930,Mombasa,Manufacturing,55,5,169580.31,144817.4,332958.95,204839.58,0.0,152768.92,0.8539702871737457,0.6152078650900806,0.017857142857142856,0.9008594166420817,0
MSME_01931,Mombasa,Food Services,87,1,23654.79,14575.71,1248839.26,968051.26,32783.15,20444.87,0.6161582428657001,0.7751601954280366,0.011363636363636364,0.8642649431703612,0
MSME_01932,Eldoret,Services,108,15,102848.82,80933.12,456053.96,248202.29,0.0,66701.82,0.786905801099117,0.5442376725822695,0.009174311926605505,0.6485360888332133,1
MSME_01933,Kakamega,Transport,39,1,1569780.52,1446506.2,130019.44,61122.66,73163.9,1153346.29,0.9214697596898707,0.47010039344583054,0.025,0.7347177140931052,0
MSME_01934,Nakuru,Transport,15,10,34594.93,27008.68,1099034.61,574555.42,16692.83,30572.81,0.7806895204146846,0.5227814410854258,0.0625,0.8837111764302911,0
MSME_01935,Nakuru,Agriculture,113,2,86704.2,53303.02,514242.22,183163.0,102596.62,47387.66,0.6147615137269736,0.35617970811554894,0.008771929824561403,0.5465376932410052,0
MSME_01936,Machakos,Agriculture,4,1,15948.29,13466.28,2684785.33,1681690.23,0.0,8965.53,0.8443184618249464,0.6263776790013676,0.2,0.5621272169482152,1
MSME_01937,Thika,Retail,93,3,105479.5,69431.72,1056551.36,863984.23,0.0,86702.79,0.6582422343466328,0.8177391511387092,0.010638297872340425,0.8219793231924384,1
MSME_01938,Kakamega,Food Services,86,1,952205.76,895585.71,1003882.75,728701.18,0.0,511327.32,0.9405370216023251,0.7258820356440674,0.011494252873563218,0.5369919028930229,1
MSME_01939,Mombasa,Manufacturing,25,1,212546.79,199958.26,2464275.57,1157223.83,108574.3,139994.99,0.9407684737630064,0.46959981849764537,0.038461538461538464,0.658651826019927,1
MSME_01940,Nairobi,Agriculture,13,2,72129.67,44775.76,883828.73,762863.75,90091.11,44238.12,0.6207589642519611,0.8631342939776421,0.07142857142857142,0.6133052694505681,1
MSME_01941,Eldoret,Retail,82,1,1180455.15,896988.26,1864751.36,1656530.38,0.0,994095.1,0.7598658027238031,0.8883379989394409,0.012048192771084338,0.8421279350359605,1
MSME_01942,Nyeri,Retail,33,1,23333.55,19309.15,334430.19,165369.2,44721.17,11692.48,0.8274918522105634,0.49447899880390944,0.029411764705882353,0.5010801579631919,0
MSME_01943,Eldoret,Transport,16,1,209806.96,189381.26,5257923.79,4162760.69,0.0,115797.31,0.9026409674828353,0.7917117220689648,0.058823529411764705,0.5519204800427973,1
MSME_01944,Nakuru,Food Services,109,2,142189.05,108466.77,1015120.57,105385.97,3813.71,77429.53,0.7628295369472056,0.10381610746385776,0.00909090909090909,0.544549565880313,0
MSME_01945,Eldoret,Food Services,42,1,104086.27,78924.52,172460.11,26442.36,27161.02,66941.49,0.7582533387608302,0.1533236101750708,0.023255813953488372,0.6431285016890154,0
MSME_01946,Kakamega,Construction,108,3,298669.08,340679.38,860636.71,101478.99,0.0,180580.04,1.1406545309125038,0.11791139154244125,0.009174311926605505,0.6046137597713169,0
MSME_01947,Machakos,Manufacturing,66,1,40864.65,25459.68,912551.08,655695.69,76080.04,24630.24,0.6230092999866637,0.718529609838816,0.014925373134328358,0.6027125470902824,1
MSME_01948,Eldoret,Services,55,25,182156.71,208382.72,847253.04,138799.78,7034.55,121439.68,1.1439687071164872,0.16382309608107623,0.017857142857142856,0.666673290963089,1
MSME_01949,Meru,Food Services,99,10,160437.27,100476.02,46172.92,5247.11,30146.23,95672.28,0.6262596823064722,0.1136379583972944,0.01,0.5963183223055197,0
MSME_01950,Kakamega,Construction,42,1,55769.78,42306.27,377867.87,82350.64,8706.16,30550.48,0.7585741135411769,0.21793443847332541,0.023255813953488372,0.5477864932138299,0
MSME_01951,Nyeri,Services,34,5,936585.02,816261.91,138770.82,47880.91,35802.38,714111.49,0.8715290347810232,0.34503337925524075,0.02857142857142857,0.7624622562698512,0
MSME_01952,Mombasa,Manufacturing,30,10,111097.42,75414.49,141205.6,66615.23,0.0,103129.73,0.6788079434433002,0.4717571983179256,0.03225806451612903,0.9282735974102961,0
MSME_01953,Meru,Food Services,119,50,116000.48,78203.52,890646.4,135665.6,4428.14,89694.38,0.6741596745144977,0.15232245667589667,0.008333333333333333,0.7732175486036903,0
MSME_01954,Mombasa,Services,13,3,47682.65,35331.51,372127.47,185760.74,54891.25,40084.86,0.7409564913759749,0.4991844348807819,0.07142857142857142,0.8406416035685188,0
MSME_01955,Thika,Services,13,1,113171.49,128498.19,471424.25,140696.18,25808.88,106095.96,1.1354189520792553,0.29844854512990127,0.07142857142857142,0.9374712882962989,1
MSME_01956,Machakos,Transport,18,3,1376087.12,1113342.92,249215.85,79623.77,37552.95,782887.87,0.8090636811834404,0.3194959329595892,0.05263157894736842,0.5689227736374906,0
MSME_01957,Mombasa,Construction,32,3,103495.99,94315.6,3817759.67,2892036.18,0.0,73162.81,0.9112883379506979,0.7575216023166796,0.030303030303030304,0.706907611516045,1
MSME_01958,Thika,Retail,96,3,223843.39,221014.07,765173.07,680651.18,15363.94,170530.9,0.9873558591305326,0.8895376969582883,0.010309278350515464,0.761827893028724,1
MSME_01959,Eldoret,Food Services,99,2,344740.67,347575.13,117262.28,55241.23,90052.31,222340.76,1.0082190818417744,0.47108719797024273,0.01,0.6449488975324625,1
MSME_01960,Nyeri,Digital Commerce,39,10,111145.75,108747.51,1579877.48,564674.37,125170.28,86238.91,0.9784137637852658,0.3574163311598497,0.025,0.7759013196517217,0
MSME_01961,Kakamega,Food Services,46,25,88469.2,69475.79,483580.33,408702.05,116172.71,69069.6,0.7853016043820404,0.8451568012354819,0.02127659574468085,0.780710340883145,0
MSME_01962,Eldoret,Transport,116,1,213686.2,141342.8,3055307.72,1528749.97,7037.81,187830.84,0.6614471994578991,0.5003585922407212,0.008547008547008548,0.878999022870813,0
MSME_01963,Kisumu,Agriculture,29,1,104688.19,79033.73,722349.37,494291.29,0.0,91563.63,0.7549368755264989,0.6842819087917128,0.03333333333333333,0.8746235404056523,0
MSME_01964,Thika,Manufacturing,62,1,95621.69,68432.85,316448.98,136386.99,0.0,53943.53,0.7156549350368621,0.43099067347073305,0.015873015873015872,0.5641289739914239,0
MSME_01965,Nyeri,Services,113,10,341085.99,230216.85,380615.23,99735.98,162643.09,196465.99,0.6749505456071485,0.2620381689976804,0.008771929824561403,0.5759996592071718,0
MSME_01966,Nairobi,Agriculture,93,3,124315.37,76264.15,450061.98,280797.31,159405.0,74597.6,0.6134682825761402,0.6239067030129872,0.010638297872340425,0.6000625661769243,0
MSME_01967,Machakos,Retail,62,3,448309.82,499708.19,1312845.49,829553.09,55211.05,276855.35,1.1146467310336163,0.6318736396972048,0.015873015873015872,0.6175522375302027,1
MSME_01968,Machakos,Agriculture,117,2,121549.07,134502.42,284326.7,133106.71,13997.79,91650.68,1.1065597905455753,0.4681454181214141,0.00847457627118644,0.7540158553590302,1
MSME_01969,Nakuru,Services,108,3,35696.38,22407.67,3244321.49,1025074.87,14617.2,23108.79,0.6277118937020028,0.31595961041468473,0.009174311926605505,0.6473525508034484,0
MSME_01970,Machakos,Digital Commerce,57,2,4333.82,3012.86,1135159.4,868908.66,0.0,4025.4,0.6950369334828206,0.7654501161245584,0.017241379310344827,0.9286198734895568,0
MSME_01971,Kisumu,Digital Commerce,16,2,21202.02,14347.94,954824.22,305786.75,29225.1,11729.71,0.6766932257763281,0.3202541612799042,0.058823529411764705,0.5532094013022673,0
MSME_01972,Eldoret,Retail,56,5,25185.9,19007.11,796239.25,499416.54,0.0,15386.53,0.7546426912402876,0.6272184055000987,0.017543859649122806,0.6108941552950145,1
MSME_01973,Kisumu,Manufacturing,108,50,173952.57,123895.61,712031.93,289931.21,4636.7,154947.02,0.712233787441097,0.40718792317653063,0.009174311926605505,0.8907377985976372,0
MSME_01974,Mombasa,Transport,111,25,50446.43,56511.07,158985.89,75992.8,4814.42,38488.05,1.1201972033064915,0.4779815492962973,0.008928571428571428,0.76293381050333,1
MSME_01975,Eldoret,Digital Commerce,10,25,18506.34,11960.53,1036168.23,278855.8,0.0,13812.07,0.6462587276183396,0.26912186921435605,0.09090909090909091,0.7463022779070357,0
MSME_01976,Machakos,Digital Commerce,30,2,116902.36,83751.07,7354933.66,4556998.9,0.0,89717.34,0.7164128558836975,0.6195838726866406,0.03225806451612903,0.7674487713612337,1
MSME_01977,Meru,Retail,25,2,45169.25,29106.97,1673094.88,469571.92,0.0,27712.2,0.6443836374604966,0.28066049627711714,0.038461538461538464,0.6135055705912631,0
MSME_01978,Eldoret,Manufacturing,103,5,211736.77,241213.06,1234463.54,603123.38,0.0,178420.25,1.1392065761342438,0.48857084222119496,0.009615384615384616,0.842647251834191,0
MSME_01979,Kisumu,Construction,84,15,206543.98,228257.42,115617.25,41942.18,0.0,149422.06,1.1051220901132528,0.36276435597321355,0.011764705882352941,0.7234359314857228,1
MSME_01980,Kisumu,Transport,5,1,229598.24,228254.49,2685457.69,2338723.71,17905.39,119200.1,0.9941430555257935,0.8708842622338011,0.16666666666666666,0.5191659170997256,1
MSME_01981,Machakos,Agriculture,65,2,10318.77,8608.8,1910742.66,1692491.67,53985.79,5982.01,0.834204638281667,0.8857764154507256,0.015151515151515152,0.579665050674579,1
MSME_01982,Kisumu,Agriculture,94,1,139442.71,98251.05,2960632.02,2080711.6,0.0,120963.88,0.7045929142304089,0.7027928101673337,0.010526315789473684,0.8674746247069876,0
MSME_01983,Meru,Retail,49,3,118018.61,85188.12,246562.78,218734.22,38722.42,77334.07,0.7218132647616782,0.8871303806260595,0.02,0.6552645784882699,0
MSME_01984,Kakamega,Food Services,3,2,39275.48,33135.62,451422.5,86149.7,122567.41,33307.57,0.8436504493274346,0.19084008696933144,0.25,0.8480283874726043,0
MSME_01985,Nairobi,Construction,45,2,15718.12,16072.13,122648.36,109630.43,0.0,12551.23,1.022457364025467,0.8938524424424228,0.021739130434782608,0.7984689982645338,1
MSME_01986,Nairobi,Food Services,14,1,119529.09,89121.04,110849.54,20268.25,95454.33,75979.49,0.7455950213038407,0.1828430425327653,0.06666666666666667,0.6356515752644376,0
MSME_01987,Eldoret,Construction,30,2,386202.09,297736.92,365016.59,157819.09,0.0,215178.67,0.7709335520852513,0.4323602322836003,0.03225806451612903,0.5571645478030742,0
MSME_01988,Nakuru,Transport,114,10,10079.33,9373.47,1278653.91,372290.39,0.0,8699.73,0.9298772956837722,0.2911578308489818,0.008695652173913044,0.863040198088753,1
MSME_01989,Kisumu,Services,68,1,57958.3,42353.09,442544.74,381950.09,2633.46,45751.66,0.7307384664756129,0.8630748315417069,0.014492753623188406,0.7893756480840867,1
MSME_01990,Nairobi,Agriculture,18,3,151984.7,140026.58,326773.77,198884.96,0.0,96564.83,0.9213141762678987,0.6086300971155147,0.05263157894736842,0.6353547077126335,1
MSME_01991,Nyeri,Manufacturing,62,3,410413.31,333634.01,1096159.66,633253.66,0.0,301848.21,0.8129200222087773,0.5777015022597144,0.015873015873015872,0.7354719429739183,1
MSME_01992,Nairobi,Construction,37,10,97502.03,60344.25,14904.42,13383.44,0.0,75598.82,0.6188961512273004,0.8978908343407969,0.02631578947368421,0.7753484173773882,0
MSME_01993,Thika,Transport,25,1,918964.66,754916.33,380447.59,224441.59,52130.45,460358.41,0.8214848093453241,0.5899393397672994,0.038461538461538464,0.5009527885949514,1
MSME_01994,Kakamega,Retail,48,50,22130.09,24470.1,1094664.88,675329.31,0.0,17742.38,1.1056888747910745,0.6169273404228148,0.02040816326530612,0.8016948103324328,1
MSME_01995,Mombasa,Construction,65,3,17730.86,13496.94,449498.17,61050.59,89599.16,14100.2,0.7611688790685242,0.13581913844245808,0.015151515151515152,0.7951901266984964,0
MSME_01996,Nakuru,Retail,53,50,368691.32,286678.82,3467850.87,2730032.59,6844.13,198046.34,0.7775557136639027,0.7872402548728241,0.018518518518518517,0.5371588429072783,0
MSME_01997,Machakos,Transport,110,15,12712.94,8088.83,329867.9,288987.88,0.0,10863.07,0.6362174117543421,0.8760688867607707,0.009009009009009009,0.8544219966430547,0
MSME_01998,Kisumu,Manufacturing,79,1,211405.28,198356.52,358403.63,311183.56,0.0,184195.3,0.9382716539924925,0.8682464844273915,0.0125,0.8712858482728137,1
MSME_01999,Meru,Agriculture,73,1,99256.98,105915.47,223405.28,61857.46,0.0,62588.78,1.067072592047511,0.2768832639798666,0.013513513513513514,0.6305667312592902,1
MSME_02000,Eldoret,Agriculture,15,1,54122.18,42978.83,293831.73,82488.05,0.0,31011.78,0.7940928452467132,0.2807313194823463,0.0625,0.5729851793630751,0
MSME_02001,Thika,Manufacturing,49,2,86971.24,63674.69,1017046.55,399534.23,0.0,70352.49,0.7321265957965438,0.3928373162100434,0.02,0.808907416895322,0
MSME_02002,Mombasa,Agriculture,88,1,36714.54,41345.58,1923635.68,669748.5,0.0,20395.2,1.126105730706943,0.3481678775224852,0.011235955056179775,0.5554923065274268,1
MSME_02003,Nairobi,Construction,68,1,96922.4,97871.26,9683185.08,3335777.06,0.0,85884.79,1.0097794753382567,0.3444916820187762,0.014492753623188406,0.8861099589985494,0
MSME_02004,Eldoret,Services,12,2,135593.85,123653.45,1458471.18,852000.03,0.0,97093.1,0.9119332334524504,0.5841729733919231,0.07692307692307693,0.7160530064379289,1
MSME_02005,Nairobi,Food Services,59,1,87884.44,67498.95,177476.17,132128.6,12241.59,79923.34,0.7680333625228478,0.7444822339684591,0.016666666666666666,0.9094036509346712,1
MSME_02006,Nakuru,Food Services,37,1,74240.4,53559.91,3236429.68,2749070.39,0.0,58573.91,0.7214291486960107,0.849414265841776,0.02631578947368421,0.7889655906273321,1
MSME_02007,Machakos,Manufacturing,61,2,171808.71,170719.31,1308729.91,201921.82,15962.43,107945.96,0.9936534436848767,0.15428826388764671,0.016129032258064516,0.6282878889673931,1
MSME_02008,Mombasa,Digital Commerce,101,1,700515.52,621345.95,754969.05,243389.02,0.0,497798.22,0.8869825796542242,0.3223823514588426,0.00980392156862745,0.710615960919808,1
MSME_02009,Thika,Services,43,2,102109.05,90502.3,2625469.46,798171.65,59263.73,75377.54,0.8863211799426207,0.30401090477323445,0.022727272727272728,0.7381990313392266,0
MSME_02010,Kakamega,Services,70,2,302546.57,193793.3,12503821.43,4825871.52,69956.05,262253.84,0.6405382796497092,0.3859516997315516,0.014084507042253521,0.8668185303884609,0
MSME_02011,Eldoret,Food Services,39,2,50707.19,44708.88,581409.44,255510.5,0.0,45019.61,0.8816895258931544,0.4394666528519853,0.025,0.8878173328608258,0
MSME_02012,Nairobi,Construction,56,10,35098.68,36941.68,268454.8,110425.44,67057.3,28337.11,1.0524791109206693,0.4113356463149614,0.017543859649122806,0.8073324315207432,1
MSME_02013,Machakos,Transport,63,2,209675.29,234991.4,3587319.94,3091257.33,91483.45,132596.38,1.1207342518317163,0.8617175272865327,0.015625,0.6323861415136638,1
MSME_02014,Eldoret,Agriculture,46,2,105499.92,69490.19,17673461.15,7947812.83,1925.27,77843.73,0.6586690428860715,0.4497032195811165,0.02127659574468085,0.7378488263419882,0
MSME_02015,Meru,Construction,88,2,412296.22,390502.6,867925.88,469785.76,59438.85,230382.81,0.9471385715382704,0.5412734307756433,0.011235955056179775,0.5587784705412275,1
MSME_02016,Mombasa,Transport,11,10,501532.41,457693.96,756981.82,529059.61,0.0,302699.52,0.9125891732716273,0.6989057030382804,0.08333333333333333,0.6035480667180279,1
MSME_02017,Thika,Manufacturing,62,15,308379.01,336031.93,896757.55,609855.97,25820.37,196245.12,1.0896683283718682,0.6800670816018425,0.015873015873015872,0.6363743227065852,1
MSME_02018,Nyeri,Services,77,10,301751.26,305729.61,1250677.6,708348.34,229710.6,160755.56,1.013180845770633,0.5663712004027253,0.01282051282051282,0.5327402021777732,1
MSME_02019,Nairobi,Construction,98,3,4335.69,4903.21,134569.14,106130.05,0.0,3894.51,1.1306341933594517,0.7886597279307281,0.010101010101010102,0.8980374433035335,1
MSME_02020,Kakamega,Construction,25,1,207839.72,234446.92,1052919.74,631062.23,39957.61,115390.51,1.1280124510731102,0.5993444767741967,0.038461538461538464,0.5551872125924121,1
MSME_02021,Nakuru,Digital Commerce,71,1,315804.88,228682.78,1012717.14,809978.34,49990.9,256931.72,0.7241245159843129,0.7998062916104178,0.013888888888888888,0.8135748454081982,1
MSME_02022,Mombasa,Food Services,52,1,37354.83,37315.35,945165.18,323447.43,0.0,27177.43,0.9989163672711863,0.3422122340433298,0.018867924528301886,0.7275284741364333,1
MSME_02023,Nyeri,Transport,4,25,134426.45,119879.85,891272.71,183262.55,269921.66,117528.44,0.8917810313295387,0.20561870943102314,0.2,0.874288993802977,0
MSME_02024,Kisumu,Transport,59,3,46970.35,33726.17,818749.0,618660.14,0.0,39148.19,0.7180157691869619,0.755615438167939,0.016666666666666666,0.8334482615466663,1
MSME_02025,Meru,Digital Commerce,72,5,372320.6,263296.94,58595.99,23790.81,8623.07,313450.05,0.707176107966876,0.4060073734162796,0.0136986301369863,0.8418798425876984,0
MSME_02026,Machakos,Retail,20,2,51225.97,33020.08,307044.26,190633.85,0.0,35256.57,0.6445838978959716,0.6208656339459531,0.047619047619047616,0.688242345779967,0
MSME_02027,Kakamega,Services,93,10,60303.05,62567.42,2037084.26,1405280.45,37334.32,52782.61,1.0375326366968718,0.6898486173327866,0.010638297872340425,0.8752747120632859,1
MSME_02028,Nyeri,Transport,63,1,83780.02,65220.87,2699396.21,975476.44,140830.49,45461.87,0.7784683213453357,0.3613682478393019,0.015625,0.5426273158288119,0
MSME_02029,Machakos,Food Services,54,1,1263517.71,1353648.04,439135.34,221381.61,33171.7,884447.94,1.071332010588114,0.5041295603092196,0.01818181818181818,0.6999880041348971,1
MSME_02030,Nairobi,Agriculture,117,2,363913.79,340104.17,231461.86,188859.27,24699.92,344836.09,0.9345708922684896,0.8159376843438295,0.00847457627118644,0.9475737163636577,0
MSME_02031,Kakamega,Digital Commerce,115,3,668374.46,648656.31,1724346.29,1386089.19,0.0,619350.23,0.9704968970584289,0.8038341220694585,0.008620689655172414,0.9266501645646894,1
MSME_02032,Thika,Agriculture,109,2,21739.37,16531.06,1011963.11,707853.69,0.0,11673.95,0.7603854028243311,0.699484974817931,0.00909090909090909,0.5369710819089096,0
MSME_02033,Nyeri,Agriculture,110,10,37447.88,31887.31,630026.12,447439.27,19297.37,28379.63,0.8514890164939514,0.7101904914823349,0.009009009009009009,0.7578231979167335,0
MSME_02034,Nyeri,Food Services,74,1,508174.23,420145.58,2051793.06,1678669.48,17884.35,326269.59,0.8267730404726732,0.818147158492115,0.013333333333333334,0.6420415060371991,0
MSME_02035,Meru,Agriculture,107,3,22921.69,16724.32,177287.93,122163.07,49024.06,18974.86,0.7295967445356545,0.6890620299868695,0.009259259259259259,0.8277763211909249,1
MSME_02036,Nyeri,Construction,98,2,68071.63,72011.73,2937741.18,1091865.23,4594.15,56574.63,1.057866135038414,0.3716681597974673,0.010101010101010102,0.83109217316857,0
MSME_02037,Nyeri,Digital Commerce,57,1,1040634.67,980430.29,120278.16,23649.83,21380.64,520361.01,0.9421455733878505,0.19662450253227576,0.017241379310344827,0.5000414890640833,0
MSME_02038,Thika,Construction,90,10,50844.91,31553.72,270958.94,118546.51,0.0,44774.98,0.620575381579364,0.4375056696572932,0.01098901098901099,0.8806014092382258,0
MSME_02039,Kisumu,Digital Commerce,41,5,21568.79,22667.81,209174.61,35533.48,60110.79,12954.48,1.050905456195911,0.16987391598858015,0.023809523809523808,0.6005844284993038,1
MSME_02040,Thika,Agriculture,113,5,139731.01,91987.83,362598.76,69842.55,112195.48,130600.7,0.6583160866289692,0.1926160954987946,0.008771929824561403,0.9346512656620339,0
MSME_02041,Meru,Manufacturing,3,10,22477.21,18477.01,1053149.3,905853.39,22658.79,20396.81,0.8219965023905372,0.860136857958451,0.25,0.9074036589212399,1
MSME_02042,Kakamega,Manufacturing,6,5,459204.11,419800.4,1646411.55,1054871.63,268155.87,269000.19,0.9141893042087447,0.6407091770528595,0.14285714285714285,0.5857952887327408,1
MSME_02043,Kisumu,Retail,5,1,54455.62,32902.53,661421.81,516760.24,0.0,42821.23,0.604197065480744,0.7812857860163607,0.16666666666666666,0.7863365372290826,1
MSME_02044,Kisumu,Construction,5,5,44567.54,42744.7,157450.37,96724.81,39424.61,28227.21,0.9590778607511037,0.6143154549877845,0.16666666666666666,0.6333438340138582,1
MSME_02045,Nyeri,Retail,54,2,137225.71,132125.94,66132.19,28756.39,0.0,74972.29,0.9628296123983444,0.4348253879784114,0.01818181818181818,0.5463389015156014,1
MSME_02046,Nyeri,Transport,47,1,88926.21,85270.41,2014026.63,241939.03,8243.3,79437.88,0.9588787278944206,0.12012696667920093,0.020833333333333332,0.8932910410660584,0
MSME_02047,Eldoret,Transport,87,1,171501.83,118320.38,1736013.19,1501077.88,8039.11,99706.35,0.6899033677753307,0.8646691303830875,0.011363636363636364,0.58136854068239,1
MSME_02048,Machakos,Construction,49,5,224471.59,166255.51,2636725.93,413296.18,0.0,154758.66,0.7406494931073768,0.15674591680223782,0.02,0.6894323266818457,0
MSME_02049,Machakos,Construction,9,5,107227.95,78925.85,622227.45,365950.91,141573.66,98208.48,0.7360498260964041,0.588129504525227,0.1,0.9158765426687475,0
MSME_02050,Mombasa,Services,99,1,41712.3,47053.01,1626248.11,295591.03,12042.98,22270.59,1.1280097714637778,0.18176245458483295,0.01,0.5338966228996507,0
MSME_02051,Thika,Digital Commerce,20,5,276649.95,176264.89,338589.96,110826.64,101260.64,206868.6,0.6371382061041179,0.32731718531410287,0.047619047619047616,0.747760309516378,0
MSME_02052,Eldoret,Transport,113,15,66608.68,55672.79,1298488.34,322874.28,0.0,50453.74,0.8358062972228663,0.24865377793552007,0.008771929824561403,0.7574535713127581,0
MSME_02053,Nakuru,Digital Commerce,61,1,55877.16,60302.05,410194.4,222724.7,13990.11,47125.68,1.0791702876401084,0.5429722030037392,0.016129032258064516,0.8433649211069226,0
MSME_02054,Nyeri,Retail,106,1,153685.04,157251.5,274552.3,222294.09,11023.08,134045.46,1.023199634787909,0.8096573233685408,0.009345794392523364,0.8722032267862454,1
MSME_02055,Nakuru,Agriculture,35,5,19367.23,20380.97,963566.39,586328.07,15281.37,13380.14,1.0522887223045163,0.6084972115961707,0.027777777777777776,0.6908292600821035,1
MSME_02056,Eldoret,Digital Commerce,50,1,196983.65,223529.46,905030.78,571391.56,20201.9,164413.85,1.1347557284285856,0.6313497190120771,0.0196078431372549,0.8346531062191902,1
MSME_02057,Machakos,Transport,82,3,162066.5,131759.09,2178035.23,1801551.38,22560.74,147431.52,0.8129889706449474,0.8271448175129759,0.012048192771084338,0.9096920727474662,1
MSME_02058,Eldoret,Agriculture,62,1,409142.85,315166.99,156142.09,109227.67,5374.47,367745.69,0.7703085112974325,0.6995357271333621,0.015873015873015872,0.8988175919056343,1
MSME_02059,Meru,Agriculture,17,2,80789.95,49836.31,2218935.36,1759093.56,0.0,58638.85,0.6168551056770591,0.7927643134388948,0.05555555555555555,0.7258096358564914,1
MSME_02060,Kakamega,Retail,88,5,501235.6,342098.63,852450.66,369208.04,53183.8,387536.97,0.6825092780535181,0.43311316913852915,0.011235955056179775,0.7731617563442095,0
MSME_02061,Mombasa,Services,3,3,226305.9,205736.52,2627520.21,2081745.03,80374.86,181670.23,0.9091040529475681,0.7922847671322889,0.25,0.8027604549397301,1
MSME_02062,Mombasa,Digital Commerce,32,10,129730.02,89087.33,2595169.48,1600412.76,17876.55,112683.36,0.6867080055332949,0.6166888735571623,0.030303030303030304,0.8685922611261362,0
MSME_02063,Meru,Manufacturing,99,10,819701.83,823773.91,39330.39,8199.84,0.0,597136.3,1.004966531590479,0.20848080883996217,0.01,0.7284790025673086,1
MSME_02064,Mombasa,Construction,102,5,146563.31,90939.3,2567285.78,336237.44,0.0,80661.85,0.6204737019537704,0.13096995731813024,0.009708737864077669,0.5503512417177143,0
MSME_02065,Kisumu,Manufacturing,13,3,79350.71,58935.23,2707897.64,799445.93,0.0,53433.64,0.7427090103036217,0.29522742032914495,0.07142857142857142,0.6733772970992055,0
MSME_02066,Thika,Food Services,111,1,150819.64,148180.18,161139.09,64887.44,14822.64,124289.1,0.9824927145250145,0.40267719845508343,0.008928571428571428,0.8240854832601161,1
MSME_02067,Nakuru,Manufacturing,89,2,77732.66,57563.1,111942.95,86202.15,0.0,60686.63,0.7405170424240927,0.7700474210531252,0.011111111111111112,0.7806995064943552,1
MSME_02068,Machakos,Transport,73,1,193618.82,193777.25,1848100.17,1280725.37,0.0,162460.0,1.000813088246854,0.692995270383385,0.013513513513513514,0.839066992211851,1
MSME_02069,Machakos,Retail,68,10,499162.65,572901.52,835957.86,722518.87,16303.23,361882.53,1.1477228359877567,0.8642995541670555,0.014492753623188406,0.7249777302493882,1
MSME_02070,Mombasa,Agriculture,14,2,132190.05,137265.64,337424.57,184685.91,0.0,76469.58,1.0383883023850708,0.5473382174326623,0.06666666666666667,0.5784777411178745,1
MSME_02071,Mombasa,Retail,101,3,145821.66,114908.85,4100172.43,2862713.01,90699.16,80470.72,0.788004072892375,0.6981931517955327,0.00980392156862745,0.551839611209945,1
MSME_02072,Kisumu,Digital Commerce,98,1,295916.08,324124.44,1048686.07,335817.29,26695.15,212043.96,1.0953218381311414,0.32022640462230545,0.010101010101010102,0.7165654648930706,1
MSME_02073,Mombasa,Construction,11,5,436804.07,274377.98,59688.53,38419.26,53216.96,258839.69,0.6281474251203173,0.6436515750752269,0.08333333333333333,0.5925748297747552,0
MSME_02074,Eldoret,Services,105,15,84741.84,84636.23,215108.33,143030.04,0.0,79828.52,0.9987419586126687,0.664917881525641,0.009433962264150943,0.9420090240072201,1
MSME_02075,Nairobi,Digital Commerce,56,2,158314.05,97019.17,2547964.29,1984182.0,0.0,93316.45,0.6128234176093809,0.7787319583148639,0.017543859649122806,0.5894351168761277,1
MSME_02076,Nyeri,Food Services,67,10,297230.23,206873.88,761434.86,402892.55,0.0,224424.56,0.6960031757093628,0.5291221114802762,0.014705882352941176,0.755050403014515,0
MSME_02077,Machakos,Food Services,92,1,185340.93,211876.59,307527.49,190422.29,36236.5,92817.92,1.1431659851605085,0.6192021103475649,0.010752688172043012,0.5007928858839443,1
MSME_02078,Nakuru,Food Services,29,2,20700.45,16529.03,1255421.92,329471.73,0.0,12712.98,0.798447934806499,0.2624388361493352,0.03333333333333333,0.6141106057788223,0
MSME_02079,Nyeri,Agriculture,9,10,356014.58,374269.11,351778.75,242518.83,0.0,219522.98,1.051271716816438,0.6894053168211075,0.1,0.6166105988957,1
MSME_02080,Meru,Food Services,67,2,224780.87,181363.93,163322.55,125877.49,79952.36,187038.89,0.8068441195902498,0.770724675039209,0.014705882352941176,0.8320906396943847,0
MSME_02081,Nyeri,Construction,25,25,241336.8,256303.46,2470802.28,1420687.09,0.0,174494.17,1.0620112555927832,0.5749899643973275,0.038461538461538464,0.7230287588599881,1
MSME_02082,Mombasa,Food Services,98,1,40451.11,45749.87,2960999.56,570109.58,30853.57,20445.66,1.1309637494805587,0.19253950428162026,0.010101010101010102,0.5054287650261012,1
MSME_02083,Mombasa,Food Services,76,1,155187.59,130286.95,1299333.58,455138.21,6067.04,104072.98,0.8395394919175437,0.3502856131174466,0.012987012987012988,0.6706226276042588,0
MSME_02084,Kakamega,Construction,42,15,309695.62,281092.77,115667.69,55568.11,0.0,244706.46,0.9076391276081736,0.48040753292874677,0.023255813953488372,0.7901489528687785,1
MSME_02085,Kakamega,Construction,9,1,55238.72,52242.11,6717393.51,4310752.35,6087.93,43446.25,0.9457345185674366,0.6417298170567028,0.1,0.7865038055949596,0
MSME_02086,Kakamega,Agriculture,79,50,71643.34,79822.08,6447773.53,2297094.67,43014.73,37559.02,1.1141435597005989,0.35626163094136604,0.0125,0.5242426687160493,1
MSME_02087,Thika,Digital Commerce,40,25,315047.63,233516.22,3360684.33,2595230.81,0.0,289217.13,0.7412069051054118,0.7722326118524164,0.024390243902439025,0.9180078961143237,0
MSME_02088,Machakos,Services,25,1,68384.22,64020.43,1050212.17,417387.75,0.0,41792.74,0.9361734889498052,0.3974314567013095,0.038461538461538464,0.611137026392545,1
MSME_02089,Kakamega,Food Services,5,2,108173.44,84223.42,813653.0,109248.44,39352.13,97484.47,0.778588916198688,0.13426891528831666,0.16666666666666666,0.9011784114620792,0
MSME_02090,Kakamega,Transport,11,1,47352.81,34061.5,1232731.0,906298.33,0.0,28224.0,0.7192979825699347,0.7351949409928517,0.08333333333333333,0.5960238468668096,1
MSME_02091,Kisumu,Services,59,2,822364.14,531827.98,185365.43,114069.91,87485.34,621322.94,0.6467054038793522,0.6153752327214804,0.016666666666666666,0.755531709430193,0
MSME_02092,Nairobi,Retail,98,1,224273.77,211129.3,379274.88,281257.05,64018.15,153119.81,0.9413867641019095,0.74156323887509,0.010101010101010102,0.6827331045752494,1
MSME_02093,Nairobi,Food Services,88,1,103218.67,112007.43,360949.69,136840.3,0.0,78612.08,1.085136486098047,0.37911078657309116,0.011235955056179775,0.7615997997280944,1
MSME_02094,Mombasa,Food Services,79,2,85615.77,67916.09,1511484.38,172466.65,181115.14,61989.09,0.7932568584402331,0.11410408084794046,0.0125,0.724029766598296,0
MSME_02095,Kakamega,Services,38,2,39012.42,35265.97,981148.66,156004.93,0.0,19542.15,0.9039445913739427,0.15900217506063244,0.02564102564102564,0.500908405364103,0
MSME_02096,Thika,Retail,72,50,119360.06,113770.86,230972.83,43755.64,0.0,78550.8,0.9531656303990598,0.1894398166233811,0.0136986301369863,0.6580940216181056,0
MSME_02097,Mombasa,Digital Commerce,5,10,259122.99,214568.76,107891.43,80283.96,19080.31,130869.48,0.8280543997489388,0.744111148483726,0.16666666666666666,0.5050457890834422,1
MSME_02098,Thika,Food Services,48,5,59289.41,65031.07,1117658.27,381286.66,0.0,47877.08,1.0968227408108664,0.3411474947995555,0.02040816326530612,0.807501246828956,0
MSME_02099,Nairobi,Digital Commerce,90,2,148084.91,118396.16,203646.76,182939.71,44430.37,130917.89,0.7995099601305755,0.8983143737991519,0.01098901098901099,0.8840671607447326,1
MSME_02100,Meru,Construction,18,10,92283.28,61714.99,161736.11,114300.64,149878.49,62117.86,0.6687486752890092,0.7067063335062683,0.05263157894736842,0.6731142075335041,0
MSME_02101,Nyeri,Services,70,2,529726.4,359796.1,9027368.33,5244214.58,0.0,389963.87,0.6792099106068517,0.580923898014484,0.014084507042253521,0.7361595228036155,1
MSME_02102,Nairobi,Digital Commerce,37,5,70495.29,76837.87,11659366.28,10340639.83,0.0,37336.2,1.0899562232282012,0.8868954533869011,0.02631578947368421,0.5296193601110073,1
MSME_02103,Meru,Food Services,60,50,289860.74,331428.05,425555.08,150241.09,0.0,195174.49,1.143400470858969,0.35304651269463705,0.01639344262295082,0.6733365017404505,1
MSME_02104,Meru,Transport,48,2,537144.59,407647.53,81788.89,19015.3,26704.13,302136.95,0.7589144127572565,0.23248961454771488,0.02040816326530612,0.5624861408617355,1
MSME_02105,Kakamega,Digital Commerce,77,3,91387.99,62050.75,3119021.01,2151558.01,0.0,48354.83,0.6789740208311745,0.6898181555313873,0.01282051282051282,0.5291100164253921,0
MSME_02106,Thika,Construction,28,10,73970.57,64000.58,1091782.15,352063.39,0.0,42711.71,0.8652051051505327,0.3224664073630373,0.034482758620689655,0.5774071038373255,0
MSME_02107,Mombasa,Manufacturing,69,15,335273.64,332001.52,1837691.01,1596640.24,61771.39,299023.78,0.9902374960420508,0.8688290700028674,0.014285714285714285,0.8918771190090607,1
MSME_02108,Mombasa,Agriculture,77,5,22443.94,21025.97,340542.7,303238.1,20511.04,21142.01,0.9367799602048391,0.8904528258781471,0.01282051282051282,0.9419499450655693,1
MSME_02109,Machakos,Services,81,1,204965.03,230198.17,209827.79,176491.09,0.0,183576.18,1.1231040089911486,0.8411195146290459,0.012195121951219513,0.8956419754044121,1
MSME_02110,Meru,Agriculture,114,2,27575.37,28948.01,547262.42,468352.33,27832.3,25820.24,1.0497396865504778,0.8558078484397879,0.008695652173913044,0.9363175791447533,1
MSME_02111,Nakuru,Services,40,1,452440.56,487701.38,899097.12,532736.49,0.0,375011.27,1.0779323190380654,0.5925231942426928,0.024390243902439025,0.8288612345868492,1
MSME_02112,Mombasa,Retail,45,5,103559.71,92988.02,303234.32,198222.73,302775.71,59222.43,0.8979082897365227,0.6536927492483395,0.021739130434782608,0.5718619542102406,1
MSME_02113,Eldoret,Transport,96,1,121688.76,94917.4,3457236.45,606388.65,0.0,91683.56,0.7799949642434992,0.17539687648587748,0.010309278350515464,0.7534205014456434,0
MSME_02114,Nyeri,Digital Commerce,62,10,64585.86,63678.74,90681.69,64423.91,149187.12,53555.77,0.9859395548877898,0.7104322776485789,0.015873015873015872,0.8292053522961171,1
MSME_02115,Nakuru,Agriculture,93,1,27372.46,23033.35,1191960.54,311877.3,0.0,20010.86,0.8414482495088308,0.26165047238017425,0.010638297872340425,0.7310314443260005,0
MSME_02116,Meru,Retail,115,1,472531.85,358304.28,848746.03,655453.33,0.0,354210.0,0.7582632191603188,0.7722599394545157,0.008620689655172414,0.7495986786950368,1
MSME_02117,Nakuru,Retail,58,2,112301.5,76786.02,3148967.01,2737162.29,0.0,85774.26,0.6837427483804902,0.869225181490491,0.01694915254237288,0.7637787226464237,1
MSME_02118,Machakos,Retail,67,5,3297808.14,2936140.21,230699.61,62266.31,463624.97,2341710.56,0.8903305453268286,0.269900933508585,0.014705882352941176,0.7100806810184291,0
MSME_02119,Kisumu,Agriculture,56,1,59267.61,54931.56,1701455.85,276358.79,0.0,37383.92,0.9268238279925917,0.16242480084052674,0.017543859649122806,0.6307541209419286,0
MSME_02120,Thika,Manufacturing,40,2,69794.18,63710.37,1293066.38,629868.29,0.0,54904.38,0.912819051401544,0.4871117311767621,0.024390243902439025,0.7866500236835839,0
MSME_02121,Thika,Retail,98,2,54325.87,36077.9,977709.36,716895.12,160725.77,28471.04,0.6640894275705558,0.7332387477207463,0.010101010101010102,0.524069212895939,0
MSME_02122,Kisumu,Food Services,40,1,111729.88,102064.47,251731.9,180368.96,0.0,64458.9,0.913484884393643,0.7165092842453251,0.024390243902439025,0.5769121302902116,0
MSME_02123,Mombasa,Manufacturing,91,1,643847.97,445946.98,288445.96,189640.18,115818.62,590001.48,0.6926266885229311,0.6574525174402946,0.010869565217391304,0.9163662714254245,0
MSME_02124,Thika,Manufacturing,77,10,365908.04,353116.92,511153.69,386716.8,13676.58,263441.83,0.9650401640801222,0.7565553198778241,0.01282051282051282,0.7199653498585332,0
MSME_02125,Nyeri,Food Services,109,2,29597.53,24748.31,399036.92,95765.14,0.0,25742.68,0.8361330782305744,0.23999007412628856,0.00909090909090909,0.8697283277243837,0
MSME_02126,Nyeri,Agriculture,33,1,444239.93,473930.14,3308928.76,2056665.35,56170.0,367361.24,1.0668313250649823,0.6215500174292005,0.029411764705882353,0.8269414526932491,1
MSME_02127,Kakamega,Agriculture,6,10,263759.05,271156.48,858265.97,501693.75,0.0,169944.99,1.02804226796287,0.5845427676192643,0.14285714285714285,0.644316643100424,1
MSME_02128,Nairobi,Digital Commerce,88,50,215644.79,215301.94,1893073.15,421673.3,184941.39,185808.63,0.9984054870721102,0.22274526330624714,0.011235955056179775,0.8616381057102946,0
MSME_02129,Thika,Transport,19,3,67222.22,66241.14,127848.32,55171.88,96999.37,36373.61,0.9853907622990984,0.43153831400902243,0.05,0.54108699345256,1
MSME_02130,Meru,Digital Commerce,80,2,72409.28,65767.06,79988.19,62552.67,34173.55,64715.09,0.9082558443359147,0.782014044647783,0.012345679012345678,0.8937279347628541,1
MSME_02131,Meru,Agriculture,40,10,152827.82,96833.61,589261.1,517042.11,0.0,123217.74,0.6336083076477329,0.8774399541392531,0.024390243902439025,0.8062467537209278,0
MSME_02132,Mombasa,Transport,92,25,76637.16,73611.47,157331.33,99487.54,0.0,70290.27,0.9605067501620602,0.6323400918298229,0.010752688172043012,0.9171706366645546,1
MSME_02133,Nakuru,Retail,97,5,495157.9,424254.85,765171.38,640871.46,29804.68,447117.52,0.8568054618426528,0.8375517422623121,0.01020408163265306,0.9029778521601853,0
MSME_02134,Thika,Agriculture,59,2,73426.8,63018.93,265209.11,54537.44,5979.87,49278.04,0.8582434718185755,0.20563861611459686,0.016666666666666666,0.6711087626212415,0
MSME_02135,Nakuru,Agriculture,59,3,19019.8,15376.79,1053283.26,926940.27,0.0,16843.45,0.8084197299798116,0.88004758563467,0.016666666666666666,0.8855279483512787,1
MSME_02136,Meru,Digital Commerce,48,5,36262.63,40287.38,285099.84,36152.14,0.0,27318.71,1.1109582796868378,0.12680474740095468,0.02040816326530612,0.75333633174616,1
MSME_02137,Mombasa,Food Services,41,1,38639.74,28485.15,1430112.41,746243.27,37402.19,22051.76,0.7371792051601497,0.5218070572459006,0.023809523809523808,0.5706867932653463,0
MSME_02138,Kakamega,Retail,13,2,102401.02,79271.39,253419.18,84339.59,16814.67,89426.59,0.7741193972540775,0.33280534328402733,0.07142857142857142,0.8732893159724778,0
MSME_02139,Thika,Construction,107,10,165390.73,186837.35,77873.14,58492.64,57582.95,150268.05,1.1296656126639464,0.7511176367405149,0.009259259259259259,0.9085584267121456,1
MSME_02140,Nairobi,Construction,45,3,140617.74,147027.74,2029385.54,556122.48,21186.05,75658.85,1.0455771400028189,0.27403477308960567,0.021739130434782608,0.5380424401470246,1
MSME_02141,Meru,Transport,89,2,211273.55,128400.98,289968.03,31671.48,0.0,194107.32,0.6077446620996234,0.10922366433408422,0.011111111111111112,0.9187444488699658,0
MSME_02142,Nairobi,Retail,53,3,103540.69,113724.87,3786694.39,1634668.89,75862.9,79785.27,1.0983485975552456,0.4316874534764202,0.018518518518518517,0.7705617901349688,1
MSME_02143,Machakos,Construction,42,1,107268.79,77732.97,337795.07,51103.8,20774.25,54884.49,0.7246492232342396,0.1512859519058348,0.023255813953488372,0.5116490859169204,0
MSME_02144,Meru,Manufacturing,100,2,768241.93,759224.99,271796.6,90256.6,0.0,571424.17,0.9882616036570618,0.33207283655190484,0.009900990099009901,0.7438066107552724,0
MSME_02145,Nairobi,Food Services,63,5,444790.01,402174.77,518745.68,319027.64,66871.81,381868.71,0.9041881714290944,0.614996976944508,0.015625,0.8585351354111227,0
MSME_02146,Nairobi,Manufacturing,27,1,200446.06,179448.64,372330.51,125014.64,5983.15,148316.38,0.8952420654111864,0.335761644240102,0.03571428571428571,0.7399279390777794,0
MSME_02147,Kakamega,Construction,38,1,333257.41,331543.38,848649.69,251738.85,63703.1,272691.48,0.9948537532781244,0.2966342371087921,0.02564102564102564,0.8182583599315618,0
MSME_02148,Nyeri,Transport,60,25,19414.68,13861.11,1182463.35,265340.67,0.0,17391.91,0.7139131876915977,0.2243963380375907,0.01639344262295082,0.8957662054586808,0
MSME_02149,Kakamega,Agriculture,7,1,58539.76,40243.97,1418535.52,295250.89,229133.41,52181.91,0.6874521273724495,0.20813767276150213,0.125,0.8913773924356295,0
MSME_02150,Eldoret,Agriculture,5,1,86491.07,82906.18,658110.15,342668.67,0.0,50207.33,0.9585408234535256,0.5206851000776996,0.16666666666666666,0.5804847773905746,1
MSME_02151,Kisumu,Services,107,25,59233.0,45006.33,120461.59,77722.49,127865.12,41001.59,0.759805685923625,0.645200223571484,0.009259259259259259,0.6921968801701724,1
MSME_02152,Meru,Agriculture,45,5,28403.36,32256.92,5769681.15,2666669.11,0.0,15622.54,1.1356326986420393,0.4621864845709048,0.021739130434782608,0.5500049992325122,1
MSME_02153,Mombasa,Transport,58,3,202915.27,172139.42,468276.73,93132.04,72352.58,155797.13,0.8483273421101226,0.19888206086588828,0.01694915254237288,0.7677902319020551,0
MSME_02154,Thika,Manufacturing,115,10,532718.15,352328.26,439863.82,271926.03,0.0,495229.2,0.6613771252638468,0.6182036335617839,0.008620689655172414,0.9296253006861119,0
MSME_02155,Nakuru,Services,31,1,131556.31,128556.61,655625.49,357773.2,25517.06,76543.56,0.9771909291851589,0.5456966816578751,0.03125,0.5818267339154319,1
MSME_02156,Eldoret,Transport,23,5,254786.71,195774.95,533079.97,215908.24,115994.34,173671.2,0.7683845896648627,0.40501959767950446,0.041666666666666664,0.6816309938968407,0
MSME_02157,Mombasa,Services,42,2,127703.45,87058.39,89423.3,32553.43,76142.04,118676.36,0.6817177475021426,0.3640333779520779,0.023255813953488372,0.9293048127923499,0
MSME_02158,Nairobi,Transport,10,10,85678.84,71332.16,1454188.01,358489.79,0.0,71760.59,0.8325431046556577,0.24652214226264849,0.09090909090909091,0.837543464133453,0
MSME_02159,Meru,Manufacturing,32,2,334100.31,377641.02,272527.34,59149.22,0.0,177750.14,1.1303188844126353,0.21703878576444563,0.030303030303030304,0.5320246723965255,1
MSME_02160,Kisumu,Construction,107,3,31946.22,26396.74,494557.34,183489.36,10355.73,22131.93,0.8262609391364882,0.3710166125193642,0.009259259259259259,0.6927654425017262,0
MSME_02161,Thika,Agriculture,53,2,20673.28,16353.26,6023671.06,802984.86,92720.99,19526.92,0.7909953817013217,0.1333048764942227,0.018518518518518517,0.9445030250146559,0
MSME_02162,Meru,Food Services,30,2,31498.66,26599.99,2265679.11,1017974.0,0.0,22173.77,0.8444532417175297,0.44930173306769244,0.03225806451612903,0.7039368043972538,1
MSME_02163,Nairobi,Services,39,5,312884.06,189815.38,5048683.03,2934593.17,17212.36,245060.38,0.6066616923160217,0.5812590276123895,0.025,0.7832281285658063,1
MSME_02164,Eldoret,Transport,31,3,145395.24,97880.93,323703.98,276224.19,0.0,118561.02,0.6732012464696474,0.853320792284382,0.03125,0.8154338791704656,1
MSME_02165,Nakuru,Transport,82,3,194179.44,207251.8,1751605.26,1052123.62,72691.47,155104.54,1.0673155339435836,0.6006621716458127,0.012048192771084338,0.7987650043433829,1
MSME_02166,Kisumu,Manufacturing,100,2,712776.36,811081.71,1183415.14,709174.35,0.0,522766.79,1.1379173294729787,0.5992603328867899,0.009900990099009901,0.7334222708757192,1
MSME_02167,Mombasa,Construction,2,2,41633.5,28596.71,683137.88,272935.34,0.0,23304.69,0.6868512891952587,0.3995312636868217,0.3333333333333333,0.5597446828951951,0
MSME_02168,Kisumu,Digital Commerce,78,5,444262.27,397408.06,296346.24,61241.05,30042.17,363756.03,0.8945327845806383,0.2066530128642332,0.012658227848101266,0.8187848389987316,1
MSME_02169,Nairobi,Food Services,77,10,89650.64,101438.21,2680530.37,1226477.0,23165.84,82478.37,1.131470768409814,0.45754995212012756,0.01282051282051282,0.9199872974995215,1
MSME_02170,Nairobi,Digital Commerce,93,3,77006.04,52835.37,393589.74,227865.26,24027.01,71135.37,0.6861109062236389,0.5789395858246056,0.010638297872340425,0.9237515167444431,0
MSME_02171,Machakos,Transport,12,15,144526.82,101525.8,859013.2,583464.85,0.0,110855.72,0.7024654492124769,0.6792260826421729,0.07692307692307693,0.7670199412127021,1
MSME_02172,Eldoret,Digital Commerce,39,10,169013.9,187563.01,2181964.47,1660190.04,0.0,121941.65,1.109742454659323,0.7608690709482216,0.025,0.7214846146700675,1
MSME_02173,Mombasa,Retail,66,3,107953.72,106672.12,225917.97,68846.8,34509.98,70200.41,0.9881190928937613,0.30474112023439204,0.014925373134328358,0.65027643071095,0
MSME_02174,Kisumu,Food Services,96,3,245318.91,167695.51,197528.52,57871.13,0.0,134092.8,0.6835788827739258,0.2929745893170803,0.010309278350515464,0.5466038202932652,0
MSME_02175,Mombasa,Transport,13,15,145109.38,118470.34,14936620.76,8248597.81,0.0,130221.6,0.8164153384478766,0.5522398533307976,0.07142857142857142,0.8973968643731758,1
MSME_02176,Kakamega,Food Services,46,3,109170.74,68881.11,259867.33,143657.82,0.0,61318.37,0.6309426780227191,0.5528100326807811,0.02127659574468085,0.5616688897694586,0
MSME_02177,Mombasa,Construction,27,10,87878.98,73639.89,5076245.34,1392709.72,0.0,55326.46,0.8379597947109229,0.2743581825463577,0.03571428571428571,0.629568418199458,1
MSME_02178,Nakuru,Digital Commerce,113,3,169117.07,173826.27,684467.19,390132.78,0.0,140904.84,1.027839721680835,0.5699794171588896,0.008771929824561403,0.8331743615569879,1
MSME_02179,Nakuru,Retail,105,3,34315.15,31044.39,437551.44,164826.98,93767.23,28040.41,0.9046583022862412,0.3767022302515328,0.009433962264150943,0.8171199274976942,0
MSME_02180,Nyeri,Retail,17,1,45503.12,43505.22,492880.59,301372.79,50871.22,36696.25,0.9560721095144791,0.6114506934616891,0.05555555555555555,0.8064379664962206,1
MSME_02181,Mombasa,Food Services,104,2,92276.97,71953.07,676941.22,225310.25,70208.99,76937.6,0.7797426623060738,0.3328352750697098,0.009523809523809525,0.833759130158585,0
MSME_02182,Meru,Agriculture,95,25,229779.41,158264.65,3632732.62,2084583.43,0.0,170930.57,0.6887647645854579,0.5738332748989176,0.010416666666666666,0.743886608958527,0
MSME_02183,Nyeri,Food Services,98,3,1135802.63,689675.45,1807257.18,1291552.79,35960.12,647098.49,0.6072136342793693,0.7146476382251041,0.010101010101010102,0.5697274360709694,0
MSME_02184,Nakuru,Manufacturing,60,3,113626.76,119503.74,565837.91,500272.59,0.0,107861.46,1.0517125392597726,0.8841254660270712,0.01639344262295082,0.9492527178217718,1
MSME_02185,Nyeri,Services,64,25,22601.44,21474.98,77730.68,64427.42,0.0,20374.36,0.9501177748950999,0.8288437867289116,0.015384615384615385,0.9014230322036029,1
MSME_02186,Kakamega,Agriculture,88,3,60460.92,43902.29,747688.39,375960.9,0.0,41961.0,0.726114718156486,0.5028303263738971,0.011235955056179775,0.6940070708968554,0
MSME_02187,Nairobi,Construction,109,2,257530.09,213785.69,855467.29,419760.06,29201.67,190223.76,0.8301354605379879,0.4906786901475915,0.00909090909090909,0.7386438662609629,1
MSME_02188,Nyeri,Retail,35,5,50499.46,52559.52,3302598.83,1486697.9,103553.49,34193.08,1.040773093948055,0.45015986693125937,0.027777777777777776,0.6770845255666978,1
MSME_02189,Thika,Agriculture,112,5,36107.46,32362.58,124972.44,15271.69,0.0,28419.83,0.8962603223732056,0.12219948494656145,0.008849557522123894,0.787068459856776,0
MSME_02190,Meru,Retail,70,1,256188.53,196006.75,403440.24,93906.2,3303.15,212383.63,0.7650849353601609,0.2327630164928107,0.014084507042253521,0.8290097959897113,0
MSME_02191,Machakos,Retail,83,2,212114.19,158439.01,388448.86,57238.43,47197.47,128160.12,0.7469479672813626,0.1473508833289321,0.011904761904761904,0.6042005761114987,0
MSME_02192,Mombasa,Retail,30,2,30560.37,21993.92,682109.51,448203.29,0.0,21232.07,0.7196640726511933,0.6570831022674023,0.03225806451612903,0.6947355435963768,0
MSME_02193,Kisumu,Manufacturing,71,2,54448.29,57336.85,813623.3,350336.2,0.0,42911.01,1.0530320964699447,0.43058718870613866,0.013888888888888888,0.7880912680404097,1
MSME_02194,Kisumu,Manufacturing,74,2,462624.12,425624.92,1234394.67,186413.23,47136.52,436998.85,0.9200212042095768,0.15101578410429778,0.013333333333333334,0.9446068341468358,0
MSME_02195,Thika,Transport,105,2,312651.45,309536.33,75069.44,48979.81,0.0,202033.29,0.9900332781655797,0.6524513510244511,0.009433962264150943,0.6461912900410663,1
MSME_02196,Mombasa,Construction,96,1,40240.47,43180.69,897683.99,552568.2,45524.93,33610.86,1.0730395783255433,0.6155479997498899,0.010309278350515464,0.8352294287460175,0
MSME_02197,Mombasa,Manufacturing,98,2,18235.23,20838.75,979482.99,662101.38,20534.41,11962.35,1.1427115143864714,0.6759695786349709,0.010101010101010102,0.6559661728328717,0
MSME_02198,Nakuru,Construction,63,1,174297.33,128494.78,798253.48,462881.09,29839.46,94391.22,0.7372117678924406,0.5798665733764501,0.015625,0.5415497670000625,1
MSME_02199,Nairobi,Retail,28,3,99104.69,69323.37,589400.12,135109.16,1628.76,83898.62,0.6994893027837251,0.22923125765353145,0.034482758620689655,0.8465570443029052,0
MSME_02200,Nairobi,Construction,60,10,159810.16,136493.71,12042.79,1795.75,8219.02,126599.71,0.8540937316267524,0.1491017362474769,0.01639344262295082,0.7921831616765688,0
MSME_02201,Nairobi,Food Services,79,5,251365.15,155667.72,1442334.42,1087105.88,14122.93,183861.76,0.6192867257584206,0.7537122537003216,0.0125,0.7314499585564723,0
MSME_02202,Eldoret,Construction,94,2,51212.07,53027.27,226874.86,61856.8,9279.73,41162.53,1.0354245508031445,0.2726460188404355,0.010526315789473684,0.8037504879125582,0
MSME_02203,Meru,Services,37,1,86496.09,93940.64,1523395.97,813529.08,0.0,77473.25,1.0860554962022422,0.5340230393132527,0.02631578947368421,0.8956746406150774,1
MSME_02204,Nakuru,Agriculture,93,1,54227.39,52997.61,3269585.51,1596125.37,16209.49,45574.31,0.9773037702207276,0.4881734632554501,0.010638297872340425,0.8404142184564211,0
MSME_02205,Machakos,Food Services,22,2,56205.22,42007.63,97604.24,81679.33,52159.29,49798.83,0.747384008389107,0.8368334527941328,0.043478260869565216,0.8860021186267285,1
MSME_02206,Nyeri,Services,68,1,234394.11,156513.27,1468733.63,795982.85,1368.78,147787.47,0.6677326587572582,0.5419514415616387,0.014492753623188406,0.6305057729233345,0
MSME_02207,Thika,Retail,20,2,153901.58,124687.87,165597.59,93399.28,396714.44,132388.85,0.8101740074792768,0.5640101162697098,0.047619047619047616,0.8602120250355778,0
MSME_02208,Meru,Food Services,96,1,27918.87,29547.51,693234.16,246516.86,17356.78,18482.41,1.0582968330439935,0.3556035155516347,0.010309278350515464,0.6619805178175973,1
MSME_02209,Kakamega,Services,100,10,275158.79,217734.61,627102.82,543670.4,25142.5,140136.54,0.79130242830902,0.8669543744766218,0.009900990099009901,0.5092914920454039,1
MSME_02210,Nairobi,Agriculture,114,2,93894.77,58105.84,1807945.47,1066505.32,0.0,48772.03,0.6188334149664036,0.5898987263710302,0.008695652173913044,0.5194273394850482,1
MSME_02211,Nyeri,Transport,68,1,288129.53,216343.27,1512849.3,157312.59,292636.49,238761.29,0.7508516018764133,0.1039842408730064,0.014492753623188406,0.8286566855653928,0
MSME_02212,Meru,Transport,91,10,48303.63,55282.06,999029.46,544337.0,17908.9,30062.21,1.1444464019287592,0.5448652686725889,0.010869565217391304,0.622346346509641,1
MSME_02213,Kakamega,Construction,64,2,52802.4,51332.79,101515.89,39702.08,0.0,33709.73,0.9721493312930607,0.3910884188828086,0.015384615384615385,0.6384007469215998,1
MSME_02214,Mombasa,Construction,17,1,171392.63,187755.51,35675.72,4484.07,16234.06,133713.69,1.095463757900454,0.12568616173235655,0.05555555555555555,0.7801555402029818,0
MSME_02215,Nakuru,Manufacturing,12,3,44513.15,45678.32,2179789.3,970529.01,112229.52,37109.69,1.0261528075903954,0.44523962236183917,0.07692307692307693,0.8336605326620862,1
MSME_02216,Eldoret,Food Services,22,3,101226.8,90784.04,1786487.49,1284222.23,83831.75,76071.73,0.8968291319183069,0.718852787011239,0.043478260869565216,0.7514904996453543,1
MSME_02217,Eldoret,Manufacturing,17,5,39732.57,27088.83,220361.26,110848.67,10105.68,32495.98,0.6817617948752152,0.5030292845970993,0.05555555555555555,0.8178469742336266,0
MSME_02218,Nyeri,Manufacturing,10,1,90095.93,71333.85,1106613.34,676768.5,0.0,83201.23,0.7917456232970426,0.6115667179949972,0.09090909090909091,0.923463540877586,1
MSME_02219,Kakamega,Food Services,118,2,129074.59,118885.07,567430.64,347150.19,6550.28,114149.95,0.9210499831920196,0.6117920918192014,0.008403361344537815,0.8843651227935506,1
MSME_02220,Machakos,Food Services,65,1,135301.1,145969.29,2686608.06,1710873.5,0.0,82312.0,1.0788397962781067,0.636815205261014,0.015151515151515152,0.6083571504063868,1
MSME_02221,Meru,Agriculture,22,1,92526.72,69188.82,806373.2,330675.07,0.0,84019.47,0.7477631568139798,0.41007645085867084,0.043478260869565216,0.908046475153608,0
MSME_02222,Eldoret,Food Services,90,10,185971.79,123982.7,2148903.52,850974.11,36355.94,117863.14,0.6666711834564615,0.39600368563606536,0.01098901098901099,0.6337655094597441,0
MSME_02223,Mombasa,Food Services,82,5,154476.78,140165.71,349312.17,36212.36,120333.22,123158.89,0.9073519181852561,0.1036673195001494,0.012048192771084338,0.7972595799861961,0
MSME_02224,Mombasa,Construction,50,2,121860.64,84946.09,1026872.39,229380.67,0.0,108897.39,0.6970699721421769,0.22337775253870393,0.0196078431372549,0.8936150046889243,0
MSME_02225,Eldoret,Manufacturing,14,3,71264.21,66681.85,444536.13,382589.21,0.0,55625.33,0.9356858697252137,0.8606462411812486,0.06666666666666667,0.7805397612664019,1
MSME_02226,Eldoret,Transport,64,1,387799.51,288886.12,347267.61,268761.99,27165.83,334588.86,0.7449348635462083,0.7739311364767464,0.015384615384615385,0.8627860236697471,1
MSME_02227,Eldoret,Retail,47,15,196081.8,142557.28,44540.58,14256.85,10592.78,179867.05,0.7270259298622828,0.32007957508467366,0.020833333333333332,0.9173015175221896,0
MSME_02228,Thika,Services,29,1,47282.29,38750.17,2209278.23,930003.53,21885.73,44214.69,0.8195320164903922,0.4209533667684008,0.03333333333333333,0.9351018086939382,0
MSME_02229,Machakos,Services,76,1,254965.59,236163.27,5954348.41,5072730.07,0.0,174596.57,0.9262518277394697,0.8519369154723488,0.012987012987012988,0.6847821512614654,1
MSME_02230,Eldoret,Transport,36,2,319813.61,287808.17,137916.83,41424.09,112226.8,302782.16,0.899921895375574,0.3003534060824478,0.02702702702702703,0.9467427394889808,1
MSME_02231,Kisumu,Food Services,99,3,122815.1,90220.46,1676660.36,881967.57,0.0,76422.5,0.7345979883744884,0.5260260605039528,0.01,0.6222514800583963,0
MSME_02232,Meru,Services,52,3,131257.02,143085.14,1594870.2,187658.53,0.0,92927.86,1.0901058845775673,0.11766375240834495,0.018867924528301886,0.7079785296167046,0
MSME_02233,Nakuru,Services,76,1,17002.73,11229.2,393360.49,234359.41,37328.3,14321.7,0.6603962777578802,0.5957863592595198,0.012987012987012988,0.842268137638036,0
MSME_02234,Machakos,Retail,7,2,57328.83,35641.74,301045.85,254100.42,15093.47,53692.41,0.6216962443460934,0.8440560663564493,0.125,0.9365527509849585,0
MSME_02235,Meru,Food Services,29,2,309803.78,288578.64,3007457.18,2429407.99,40793.04,162282.54,0.931485434149854,0.8077944378930649,0.03333333333333333,0.523821937156683,1
MSME_02236,Nyeri,Services,11,1,60923.65,40689.32,2650166.4,1329258.21,6221.32,56387.2,0.667863007830164,0.5015751872881691,0.08333333333333333,0.925523577074304,0
MSME_02237,Kisumu,Construction,33,10,113568.12,99677.6,1253923.38,777073.34,31498.53,107822.02,0.877682243201321,0.6197130803055285,0.029411764705882353,0.9493955751352129,1
MSME_02238,Kakamega,Agriculture,6,1,56465.2,63437.26,390833.38,217240.26,279065.32,51344.41,1.1234554476837473,0.5558371297837207,0.14285714285714285,0.9092945868501866,1
MSME_02239,Thika,Services,111,2,167848.25,165199.46,2696179.95,414077.69,21445.38,92110.57,0.9842132747093001,0.15357933969528267,0.008928571428571428,0.5487696251249261,0
MSME_02240,Nyeri,Food Services,79,3,197549.12,185617.37,267292.28,60669.68,139445.39,173510.38,0.9395963414246471,0.2269779472196233,0.0125,0.8783106788292511,1
MSME_02241,Nyeri,Retail,32,1,202901.24,185886.53,4011856.07,3494542.68,0.0,159864.43,0.91613838270095,0.871053634021912,0.030303030303030304,0.7878889360708882,1
MSME_02242,Machakos,Construction,51,3,42643.88,29797.27,5171372.41,1576104.81,203901.26,21504.75,0.6987303047868818,0.30477489924673606,0.019230769230769232,0.5042750735844491,0
MSME_02243,Kakamega,Agriculture,75,10,148256.94,124232.84,3010979.74,1227153.01,851.12,139801.74,0.8379506689489952,0.4075592359983013,0.013157894736842105,0.9429629198948805,0
MSME_02244,Eldoret,Digital Commerce,58,1,644718.95,508288.64,1100604.14,558177.38,0.0,366029.95,0.7883867096093429,0.507154982031067,0.01694915254237288,0.5677347971006637,1
MSME_02245,Eldoret,Construction,87,15,281669.24,316649.99,34307.84,30304.31,73545.57,191132.19,1.124186886055126,0.8832799360164904,0.011363636363636364,0.6785672139165289,1
MSME_02246,Mombasa,Retail,26,3,146287.81,107269.36,584354.49,380996.09,0.0,75136.73,0.7332711230612923,0.6519936862405452,0.037037037037037035,0.5136191209703599,0
MSME_02247,Mombasa,Agriculture,98,1,19322.5,16604.48,6063853.45,3660619.76,0.0,12352.56,0.8592894661940125,0.603678698125744,0.010101010101010102,0.6392506533495484,1
MSME_02248,Nakuru,Manufacturing,46,2,103843.84,115883.87,2245565.1,1166615.93,83758.66,78479.63,1.1159328667654551,0.519519746045329,0.02127659574468085,0.7557393318724359,1
MSME_02249,Nyeri,Digital Commerce,98,2,691325.18,714864.36,1229818.12,812343.49,0.0,635247.58,1.0340478643525404,0.6605389986130643,0.010101010101010102,0.918882574358749,1
MSME_02250,Machakos,Digital Commerce,29,5,498125.25,563122.32,322218.79,203388.6,0.0,471059.13,1.130481117989666,0.631210764552978,0.03333333333333333,0.9456621288277821,1
MSME_02251,Kisumu,Retail,4,5,211381.18,197552.97,2493722.37,2050519.86,3701.64,145961.08,0.9345772193285168,0.8222723838049446,0.2,0.6905079699717355,1
MSME_02252,Nairobi,Manufacturing,81,10,64904.33,50857.91,110463.33,58928.68,181168.49,44958.11,0.7835706250935016,0.5334634266102007,0.012195121951219513,0.6926720810139938,1
MSME_02253,Nakuru,Construction,99,50,140403.96,148078.07,594215.23,259792.13,17522.6,80332.76,1.05464984997681,0.4372013366245483,0.01,0.5721504425484684,1
MSME_02254,Thika,Digital Commerce,13,5,288797.44,219572.97,5884636.12,4388347.47,23853.74,209164.87,0.7602983243261286,0.7457294953813566,0.07142857142857142,0.7242590022300675,0
MSME_02255,Thika,Digital Commerce,105,3,341307.53,235715.53,277827.5,205544.19,107653.34,315039.29,0.6906230266205183,0.7398239921390354,0.009433962264150943,0.9230337431062738,1
MSME_02256,Meru,Services,39,2,182156.28,180053.99,1515153.33,357377.93,35493.92,104635.72,0.9884534397966416,0.23586899560257996,0.025,0.5744251341478089,1
MSME_02257,Nyeri,Digital Commerce,15,2,313338.6,298118.37,88561.38,25632.64,9056.85,194242.66,0.9514225779314202,0.28943034277082436,0.0625,0.6199109847590283,0
MSME_02258,Meru,Manufacturing,119,1,125656.52,136139.03,333486.28,289102.79,4679.83,113228.22,1.0834133126294392,0.8669079972105681,0.008333333333333333,0.901085903971366,1
MSME_02259,Kakamega,Food Services,29,5,120221.76,135737.41,904697.02,411897.36,0.0,94000.65,1.1290491916838377,0.4552871244263362,0.03333333333333333,0.7818873065299782,1
MSME_02260,Eldoret,Transport,29,2,84211.35,90228.98,1114976.67,575025.31,0.0,54630.28,1.0714459339989917,0.5157280952541409,0.03333333333333333,0.6487205261461055,1
MSME_02261,Eldoret,Agriculture,75,1,203727.14,128961.72,8718291.61,3035082.29,94415.9,176373.76,0.6330088715284987,0.3481280596752075,0.013157894736842105,0.8657309687311728,0
MSME_02262,Eldoret,Services,116,1,362340.72,349833.58,398371.0,193152.9,0.0,198937.33,0.9654797134594384,0.4848556123422329,0.008547008547008548,0.549032360943697,1
MSME_02263,Eldoret,Retail,32,2,270612.68,279164.81,1488565.72,1034084.7,0.0,239832.68,1.0315990307659244,0.6946848173523589,0.030303030303030304,0.8862548264374513,1
MSME_02264,Nakuru,Construction,2,3,39417.44,44938.28,1439288.1,699315.66,7451.42,28896.95,1.1400319241451462,0.48587574240644216,0.3333333333333333,0.7330820296287727,1
MSME_02265,Thika,Manufacturing,47,2,41586.28,33521.19,359827.78,126597.4,126700.68,34958.28,0.8060443000840642,0.3518267771688523,0.020833333333333332,0.8406002989375597,0
MSME_02266,Nairobi,Construction,78,3,401771.94,278602.67,2297050.0,406120.29,0.0,294609.81,0.6934331366368277,0.176800728412212,0.012658227848101266,0.7332743962298706,0
MSME_02267,Mombasa,Digital Commerce,84,2,158986.22,169974.26,1626281.61,1370319.87,173066.3,97112.41,1.0691064350958523,0.8426086964060939,0.011764705882352941,0.6108189702291794,1
MSME_02268,Meru,Food Services,22,3,165321.63,128059.24,525355.05,418879.38,0.0,130336.58,0.7746020009480856,0.797324747663989,0.043478260869565216,0.7883771265918041,0
MSME_02269,Thika,Services,75,1,161638.01,150163.5,921393.91,675466.46,54947.43,92078.06,0.9290053187036965,0.7330911563208006,0.013157894736842105,0.569652461989219,0
MSME_02270,Thika,Services,27,1,768072.57,625550.65,230616.95,151113.32,10361.77,463487.01,0.8144410567336668,0.6552539383859756,0.03571428571428571,0.603440904756038,1
MSME_02271,Kakamega,Retail,67,3,85281.7,70040.11,252027.95,129141.11,0.0,63722.19,0.8212698472257562,0.5124058565494162,0.014705882352941176,0.7471877649277052,0
MSME_02272,Nakuru,Construction,81,2,407026.73,408188.98,710789.47,581367.1,80047.53,274943.55,1.0028529997206823,0.8179162841054973,0.012195121951219513,0.6754909548791675,1
MSME_02273,Eldoret,Food Services,108,1,168317.44,134453.88,1788645.26,1311723.05,105762.82,140602.46,0.798806595403332,0.7333607987976337,0.009174311926605505,0.8353360451772247,1
MSME_02274,Meru,Retail,56,2,26889.39,26383.64,488838.87,368002.14,0.0,20506.05,0.9811549776704614,0.752807130891349,0.017543859649122806,0.7625791221324792,1
MSME_02275,Mombasa,Food Services,92,1,58404.47,35502.95,348102.08,121014.34,0.0,39224.49,0.6078702902313773,0.3476393831390403,0.010752688172043012,0.671589322027543,0
MSME_02276,Kisumu,Food Services,93,2,72618.1,56537.26,553011.54,242643.0,0.0,46985.98,0.778545313836167,0.4387658189450821,0.010638297872340425,0.6470195857563643,1
MSME_02277,Kakamega,Transport,21,2,397562.73,308299.65,1971569.1,1311964.51,65787.33,362163.45,0.7754722745960756,0.6654414722560461,0.045454545454545456,0.9109569678300383,1
MSME_02278,Machakos,Manufacturing,47,3,454656.65,460048.61,144033.02,57159.48,0.0,235529.06,1.0118571852909546,0.396847078211106,0.020833333333333332,0.518036065158037,1
MSME_02279,Meru,Agriculture,80,10,189824.24,146735.36,2050550.45,1015391.0,0.0,153940.62,0.7730023678621452,0.4951794796468043,0.012345679012345678,0.8109597016708632,0
MSME_02280,Eldoret,Agriculture,101,1,79001.86,74919.83,1348320.37,832197.32,3517.49,53433.25,0.9483179469705274,0.6172099163569587,0.00980392156862745,0.6763457677354971,1
MSME_02281,Kisumu,Retail,59,25,53584.7,52442.73,143216.07,64476.84,0.0,35891.62,0.9786702422474653,0.450203596540552,0.016666666666666666,0.6697984723536318,0
MSME_02282,Nairobi,Retail,84,2,415642.59,399903.89,550000.57,403937.85,0.0,329747.78,0.962131738877532,0.7344303580806142,0.011764705882352941,0.7933426328071125,1
MSME_02283,Mombasa,Construction,6,3,36880.85,34366.0,1564827.26,302047.76,35669.57,32555.06,0.931786230896769,0.1930229455339719,0.14285714285714285,0.8826851147651217,0
MSME_02284,Nakuru,Construction,19,3,120103.57,99384.42,73678.04,49691.8,0.0,99203.81,0.8274824180295554,0.6744360404261511,0.05,0.8259786451090079,1
MSME_02285,Nakuru,Transport,57,3,1417593.41,1141613.12,210578.5,45520.34,71386.43,1136272.1,0.8053171710799848,0.2161670058101572,0.017241379310344827,0.8015495066744798,0
MSME_02286,Eldoret,Retail,69,2,79238.12,72147.99,117301.81,99738.41,6283.51,57312.23,0.9105097330712407,0.8502644565803668,0.014285714285714285,0.7232820101990028,1
MSME_02287,Meru,Agriculture,3,2,37357.98,23723.69,364551.41,128041.44,271669.57,26566.39,0.6350197462564555,0.3512291689417168,0.25,0.7111112241287101,1
MSME_02288,Mombasa,Manufacturing,1,1,22800.6,24663.43,2533920.53,1865841.96,29920.58,16127.36,1.0816534804575118,0.7363455963058178,0.5,0.7072907164409515,1
MSME_02289,Mombasa,Transport,58,1,1474757.94,1554281.8,1901050.89,983097.26,17752.78,833903.88,1.05392261599038,0.5171333119160677,0.01694915254237288,0.5654509746521693,1
MSME_02290,Eldoret,Digital Commerce,38,2,188834.66,149275.99,397723.02,68754.24,73157.53,141961.43,0.7905074179315495,0.17286921720242093,0.02564102564102564,0.7517723612160965,0
MSME_02291,Mombasa,Retail,15,2,55877.91,50946.71,2507330.37,1419323.21,0.0,35871.32,0.9117341408413299,0.5660692587274573,0.0625,0.6419473822950376,1
MSME_02292,Kakamega,Digital Commerce,34,2,110289.43,122721.83,1616997.77,1341691.27,0.0,85827.52,1.1127151285927528,0.8297416763031923,0.02857142857142857,0.7781955333749266,1
MSME_02293,Eldoret,Digital Commerce,61,1,68668.38,51460.1,3369096.07,760699.86,14012.28,50845.56,0.7493893202472484,0.2257874570529961,0.016129032258064516,0.7404400622227839,0
MSME_02294,Eldoret,Services,35,5,20670.11,20842.71,655887.73,234181.8,0.0,19077.81,1.0083014409966373,0.3570450128027051,0.027777777777777776,0.9229214106063971,1
MSME_02295,Nyeri,Transport,64,10,293055.54,189168.08,1392891.72,628649.55,52522.86,203884.18,0.645500284689091,0.4513266104226606,0.015384615384615385,0.6957161918311053,0
MSME_02296,Nakuru,Services,113,25,137835.03,122377.48,41707226.84,13348083.09,128080.72,110127.26,0.8878482643471377,0.32004244303185986,0.008771929824561403,0.7989729535884049,0
MSME_02297,Mombasa,Transport,25,2,269677.96,292919.62,503083.73,430148.45,0.0,206778.58,1.0861789885276922,0.8550218767323747,0.038461538461538464,0.7667582966057122,1
MSME_02298,Machakos,Transport,24,5,134128.09,121176.7,674698.73,271229.03,8428.56,108372.5,0.9034334013598393,0.40199961247946553,0.04,0.8079716338938854,0
MSME_02299,Nairobi,Retail,12,10,151940.65,142663.01,602785.97,377615.06,19513.64,94224.28,0.9389328732444331,0.6264486108583269,0.07692307692307693,0.620134637211061,1
MSME_02300,Kakamega,Food Services,18,2,14259.49,15674.05,654348.75,182650.6,0.0,8780.45,1.099124223641684,0.27913298660234837,0.05263157894736842,0.6157186744635003,1
MSME_02301,Nairobi,Retail,15,2,330330.11,328165.9,1425058.43,392980.88,6567.71,248360.37,0.9934453342889806,0.27576455530700217,0.0625,0.7518528000587048,1
MSME_02302,Nyeri,Retail,108,25,44877.43,44102.32,782094.14,188234.0,0.0,39585.38,0.9827063914669029,0.24067915829268546,0.009174311926605505,0.8820580399091501,0
MSME_02303,Nakuru,Construction,80,2,57983.65,53490.57,141801.08,63505.59,199689.72,47778.75,0.9224953500624734,0.44784667474553264,0.012345679012345678,0.8239896248403672,1
MSME_02304,Kisumu,Retail,27,2,78600.06,74524.15,745386.87,392287.09,68570.92,56593.66,0.9481316155278312,0.526285851686854,0.03571428571428571,0.7200114095153425,1
MSME_02305,Nairobi,Retail,72,1,17005.91,17720.8,387871.19,42122.24,132774.54,10455.11,1.0419764672124447,0.10859824727315459,0.0136986301369863,0.6147565901154296,0
MSME_02306,Machakos,Retail,60,1,74417.28,84729.89,91654.14,70238.12,0.0,62637.49,1.1385628638554937,0.7663303989279815,0.01639344262295082,0.8416949437691922,1
MSME_02307,Machakos,Transport,46,10,69412.06,72010.08,2882125.72,1470469.52,0.0,63637.73,1.037413996732027,0.5102029379193986,0.02127659574468085,0.9167976458608799,1
MSME_02308,Nakuru,Digital Commerce,89,3,91323.78,90332.48,385294.16,86987.07,6365.85,54416.11,0.9891343838988716,0.22576735716067653,0.011111111111111112,0.5958526261984973,0
MSME_02309,Mombasa,Transport,17,2,24314.31,16401.21,1155495.44,177755.24,28077.04,20900.39,0.6745219370018313,0.1538345198190312,0.05555555555555555,0.859556797754172,0
MSME_02310,Nakuru,Retail,93,1,336956.42,353600.12,16567.73,2494.43,25441.05,194626.19,1.0493911070425457,0.15055046464031943,0.010638297872340425,0.5775987660399347,0
MSME_02311,Nyeri,Services,53,3,198403.2,199354.92,1327365.11,406326.09,25821.27,179624.8,1.0047918340438358,0.30611455794965264,0.018518518518518517,0.9053477698556783,1
MSME_02312,Nakuru,Construction,8,3,56159.99,57493.1,500770.65,250101.75,8049.68,44305.88,1.023719489275385,0.49943272547477474,0.1111111111111111,0.7889084576322462,1
MSME_02313,Kisumu,Manufacturing,79,1,74492.49,54163.72,112891.48,88980.12,0.0,43313.99,0.7270933339275687,0.7881846514488831,0.0125,0.5814466472170923,0
MSME_02314,Kakamega,Services,27,10,308090.34,337942.46,376132.54,309321.0,8353.65,159072.21,1.0968904870873684,0.8223701614059731,0.03571428571428571,0.5163150966852881,1
MSME_02315,Nairobi,Services,46,1,103004.19,67313.73,320106.35,245157.4,7340.58,83698.87,0.6534984305159769,0.7658599529189193,0.02127659574468085,0.8125694443163495,1
MSME_02316,Meru,Services,50,2,38540.47,28500.16,1795529.41,651509.24,0.0,29781.99,0.7394673840930301,0.3628505740540479,0.0196078431372549,0.772725845692964,0
MSME_02317,Eldoret,Construction,116,3,122566.39,118235.25,813021.0,280692.41,14904.38,95000.35,0.9646550358949473,0.3452457744070886,0.008547008547008548,0.7750866686481617,1
MSME_02318,Mombasa,Manufacturing,71,1,44898.38,43575.81,117361.35,104447.69,43306.06,32192.94,0.9705214192267243,0.8899590882425241,0.013888888888888888,0.7170018828767791,1
MSME_02319,Thika,Food Services,3,10,65652.23,50705.09,1234534.64,796305.09,0.0,50978.92,0.7723167618714266,0.6450239784085942,0.25,0.7764876153084929,1
MSME_02320,Mombasa,Manufacturing,93,5,126674.48,124880.25,60785.66,20907.93,0.0,113114.03,0.985828117643604,0.3439558942702231,0.010638297872340425,0.8929433699402599,1
MSME_02321,Thika,Agriculture,64,5,382778.38,311337.31,189077.4,68685.04,16259.21,355371.72,0.8133596694785388,0.3632622235009393,0.015384615384615385,0.9283982851949861,0
MSME_02322,Meru,Agriculture,44,1,1007844.8,604804.17,742354.71,332363.75,0.0,660167.15,0.6000959372951695,0.44771495055921373,0.022222222222222223,0.6550279318522734,0
MSME_02323,Mombasa,Manufacturing,53,1,520536.67,358875.35,344842.24,206024.4,16162.71,374548.2,0.6894320443705831,0.5974436384485889,0.018518518518518517,0.7195410084346058,0
MSME_02324,Nairobi,Retail,24,1,124013.26,134608.96,3048175.71,2494576.18,427084.27,77243.21,1.0854313044322483,0.8183830589008076,0.04,0.6228574842925323,1
MSME_02325,Nyeri,Manufacturing,60,2,1273589.44,920145.07,893755.13,231165.92,0.0,872680.56,0.7224811376567808,0.2586454092348435,0.01639344262295082,0.6852128695312758,0
MSME_02326,Machakos,Digital Commerce,3,5,232877.85,154188.58,1545952.41,258982.15,14322.29,199844.09,0.6620978246843798,0.16752260988253198,0.25,0.8581461562524891,0
MSME_02327,Mombasa,Agriculture,20,10,50026.67,48786.53,1623487.74,689335.65,0.0,34580.69,0.9751909293397034,0.42460143579437454,0.047619047619047616,0.6912312726137356,1
MSME_02328,Nakuru,Manufacturing,46,5,146466.18,123381.43,428583.27,127016.82,0.0,99046.02,0.8423827781759708,0.29636369995567036,0.02127659574468085,0.6762335425588176,1
MSME_02329,Machakos,Transport,15,15,69084.34,71718.18,203108.45,113908.53,0.0,60970.38,1.0381099666007287,0.5608233885720235,0.0625,0.8825371634560965,1
MSME_02330,Nakuru,Food Services,25,5,38257.47,41080.67,686982.8,452977.13,5086.05,19150.64,1.0737666717984278,0.6593709051072237,0.038461538461538464,0.500559483952181,1
MSME_02331,Meru,Transport,94,2,41182.81,43871.8,2065055.81,719855.25,0.0,36384.38,1.0652681235660326,0.3485885940348537,0.010526315789473684,0.8834631861403789,1
MSME_02332,Nairobi,Construction,78,1,115009.02,88804.8,551655.62,357672.01,0.0,66893.11,0.7721483745503218,0.6483598619735589,0.012658227848101266,0.5816285398437457,0
MSME_02333,Kakamega,Transport,71,3,283284.22,248737.78,1482357.96,555169.45,14847.78,176636.32,0.8780471497948252,0.37451755275253973,0.013888888888888888,0.6235281883043529,1
MSME_02334,Nyeri,Digital Commerce,17,1,387783.8,371333.22,705955.26,429202.8,25585.08,256993.66,0.957575490323499,0.6079736441461685,0.05555555555555555,0.6627223656007146,1
MSME_02335,Kisumu,Digital Commerce,108,1,38379.63,29824.45,113121.21,68602.2,0.0,34399.41,0.7770703607522857,0.6064432439924926,0.009174311926605505,0.8962700716481206,0
MSME_02336,Kakamega,Food Services,84,2,98394.61,61260.94,125278.87,40405.91,0.0,89431.52,0.6225983049447024,0.322525159069849,0.011764705882352941,0.9088974599578172,0
MSME_02337,Kisumu,Retail,100,10,216769.68,189156.56,4756240.93,2894544.55,91120.1,172880.4,0.8726113697664278,0.6085780733193276,0.009900990099009901,0.7975266765782162,1
MSME_02338,Nyeri,Food Services,9,1,155105.16,94156.6,179686.66,72730.71,314525.58,108224.52,0.6070461676054646,0.4047618517598816,0.1,0.6977448219980431,0
MSME_02339,Thika,Retail,38,5,266877.86,299665.16,339384.57,125288.55,1414.65,195423.32,1.1228508694918735,0.3691628668832325,0.02564102564102564,0.7322547765679156,1
MSME_02340,Kisumu,Services,48,10,86275.96,89569.63,2193709.4,727061.54,0.0,65671.6,1.0381639547800479,0.3314300465549145,0.02040816326530612,0.7611719281717854,1
MSME_02341,Mombasa,Digital Commerce,60,2,475877.26,335781.55,174372.06,65653.91,0.0,442230.77,0.7056038870109342,0.37651406702388546,0.01639344262295082,0.929293912270756,0
MSME_02342,Thika,Agriculture,63,1,132688.29,100599.55,321188.91,234273.88,24114.49,124212.86,0.7581587783007958,0.729393647515266,0.015625,0.9361182051693847,0
MSME_02343,Kakamega,Digital Commerce,86,1,284282.61,324241.72,565815.77,167562.41,58881.29,250538.21,1.140557206234999,0.2961425303813459,0.011494252873563218,0.8812967092967477,0
MSME_02344,Nyeri,Manufacturing,118,5,91055.66,73340.94,483710.22,312278.44,637059.59,69446.14,0.8054428967633999,0.645588580723846,0.008403361344537815,0.7626695290602576,0
MSME_02345,Meru,Digital Commerce,117,5,141264.73,145650.62,227606.05,186749.96,24665.06,95471.02,1.0310400123228753,0.8204928625892739,0.00847457627118644,0.6758257646776752,1
MSME_02346,Meru,Digital Commerce,117,15,27010.32,22843.94,578259.93,219937.2,42439.52,16304.13,0.8457172770527319,0.38034248656571,0.00847457627118644,0.6036036002683319,0
MSME_02347,Meru,Agriculture,2,3,57713.4,62056.49,1647718.28,203673.88,0.0,42737.07,1.0752340836948837,0.12360957504848763,0.3333333333333333,0.7404923208072856,1
MSME_02348,Kakamega,Agriculture,88,1,108286.56,106885.81,629396.72,75329.24,11391.17,70985.51,0.9870552997962093,0.1196846407387685,0.011235955056179775,0.6555278371772344,0
MSME_02349,Nairobi,Agriculture,72,1,147275.69,90221.17,330988.28,70037.88,0.0,78458.92,0.6125963993351562,0.21160165670622322,0.0136986301369863,0.532731418665099,0
MSME_02350,Nakuru,Digital Commerce,11,5,1945834.62,1482559.49,2270060.81,426852.87,15350.83,1389908.39,0.761914045956256,0.18803579185361477,0.08333333333333333,0.7142989755732808,0
MSME_02351,Nakuru,Manufacturing,64,1,90953.17,82485.05,5653301.74,3948651.49,20544.17,68850.53,0.9068858525123148,0.69846807637972,0.015384615384615385,0.7569804660962769,1
MSME_02352,Kakamega,Retail,77,2,33636.25,37315.91,2294829.4,770788.62,199956.83,26071.18,1.1093626857130117,0.33588042933368845,0.01282051282051282,0.7750687110272094,1
MSME_02353,Machakos,Food Services,81,2,731231.02,479772.7,189487.43,117862.66,0.0,389904.26,0.6561155513950278,0.6220045202759873,0.012195121951219513,0.5332155175589822,1
MSME_02354,Kisumu,Digital Commerce,72,1,391929.69,364745.21,195619.71,26206.07,70692.12,281170.2,0.9306370215611337,0.13396367899901807,0.0136986301369863,0.7173977623441533,0
MSME_02355,Nairobi,Retail,21,1,41918.72,32118.01,1232303.54,414783.79,0.0,33332.13,0.7661790202797155,0.33659195153172117,0.045454545454545456,0.7951419999942747,0
MSME_02356,Kisumu,Retail,18,2,212195.24,231108.26,895605.33,257322.63,0.0,197867.57,1.0891251418969536,0.2873166718238805,0.05263157894736842,0.9324744396978948,0
MSME_02357,Thika,Digital Commerce,94,1,307185.3,313588.05,167756.43,53934.43,3705.17,157054.82,1.020839959334124,0.3215024812909926,0.010526315789473684,0.5112689595857628,0
MSME_02358,Nyeri,Transport,64,1,156972.38,126101.64,1028611.84,259800.83,54810.12,126257.13,0.8033313673949047,0.2525739713690527,0.015384615384615385,0.8043219175123834,0
MSME_02359,Meru,Manufacturing,82,5,184576.99,127710.06,821299.19,488125.06,47836.46,97466.22,0.6919029728300758,0.5943320918993091,0.012048192771084338,0.5280489835218165,1
MSME_02360,Eldoret,Retail,110,10,70809.17,42933.29,4297320.04,2707905.93,32215.45,40465.99,0.6063153075328022,0.6301381499763397,0.009009009009009009,0.571471442590803,0
MSME_02361,Eldoret,Digital Commerce,111,1,220530.07,207656.4,432528.71,94625.34,0.0,127463.86,0.9416197001175389,0.21877188505732933,0.008928571428571428,0.5779859500069536,1
MSME_02362,Kisumu,Retail,95,5,81523.43,67123.79,3851306.3,2668634.79,0.0,52826.58,0.8233579799331316,0.6929166078230112,0.010416666666666666,0.6479846593223652,1
MSME_02363,Kisumu,Agriculture,38,2,9457.9,7312.05,4059218.39,1217913.2,0.0,8267.0,0.7730338622884269,0.30003630821245164,0.02564102564102564,0.8739916903656874,0
MSME_02364,Meru,Construction,32,2,162148.19,185177.49,325265.71,106146.56,44537.33,143550.89,1.14201921082677,0.3263369928019993,0.030303030303030304,0.8853013080114678,1
MSME_02365,Kisumu,Services,11,10,24935.57,21354.28,1115532.86,851203.64,48865.29,16675.12,0.8563439157831249,0.7630459912709417,0.08333333333333333,0.6687014292663345,1
MSME_02366,Kisumu,Transport,45,5,367138.4,371695.18,565944.87,464602.67,53072.51,254825.72,1.0124088561456492,0.8209312844707215,0.021739130434782608,0.6940843723119883,1
MSME_02367,Meru,Food Services,89,10,43009.65,30002.54,538801.2,409383.87,28588.35,25705.31,0.69756072042622,0.759803634803273,0.011111111111111112,0.5976498843890989,0
MSME_02368,Nakuru,Construction,33,1,11464.33,6963.44,980178.88,213885.08,237225.87,7963.48,0.6073475425478376,0.2182100289591743,0.029411764705882353,0.6945705008054718,0
MSME_02369,Thika,Transport,102,1,22713.37,18844.36,282682.69,254248.8,0.0,14165.77,0.8296228334750205,0.8994109281649747,0.009708737864077669,0.6236479374070247,1
MSME_02370,Nairobi,Agriculture,41,15,127838.54,123506.82,107543.27,68582.96,0.0,73979.8,0.96610813837409,0.6377184019195072,0.023809523809523808,0.5786926329678596,1
MSME_02371,Mombasa,Agriculture,8,2,160573.62,141084.68,385254.73,195915.47,44586.27,91737.42,0.878623782513077,0.5085335654838931,0.1111111111111111,0.5713070969746028,1
MSME_02372,Kisumu,Digital Commerce,11,1,32447.0,35359.33,3008814.45,2599233.95,64678.7,27548.84,1.089722941321499,0.8638728407220855,0.08333333333333333,0.8490150394477317,1
MSME_02373,Mombasa,Agriculture,86,5,45597.66,38242.24,571503.16,430858.7,95997.8,25198.45,0.8386702591698966,0.7539029987113305,0.011494252873563218,0.5526138268098229,1
MSME_02374,Kakamega,Digital Commerce,51,10,132181.48,101918.73,709352.04,463486.67,251510.96,102733.5,0.7710456786708797,0.6533935062856712,0.019230769230769232,0.7772096574372034,0
MSME_02375,Kisumu,Manufacturing,88,10,352296.26,388874.04,1888284.61,1455334.56,107810.72,202699.61,1.103823628943353,0.7707173916344149,0.011235955056179775,0.5753652753359477,1
MSME_02376,Eldoret,Digital Commerce,41,2,39732.22,32729.07,107302.11,43819.31,0.0,34846.26,0.8237205542364802,0.4083694312308376,0.023809523809523808,0.8770056894457585,0
MSME_02377,Nairobi,Construction,17,10,194692.23,145689.43,1235429.21,800003.12,0.0,121392.59,0.7483024961884909,0.6475502327241941,0.05555555555555555,0.6235069909724134,0
MSME_02378,Nairobi,Agriculture,76,1,23419.15,15309.42,5410349.21,1365918.48,119444.32,12182.69,0.6536858218243692,0.2524639675774334,0.012987012987012988,0.5201798451333574,0
MSME_02379,Nyeri,Retail,46,1,182752.62,189390.26,814098.97,724874.14,0.0,128554.21,1.03631468421802,0.8903994186365097,0.02127659574468085,0.703429075714068,1
MSME_02380,Meru,Manufacturing,32,3,283733.89,298998.86,72578.59,41455.83,11169.4,269521.29,1.0537965915999967,0.571177516985147,0.030303030303030304,0.9499053500258638,1
MSME_02381,Meru,Agriculture,79,1,225078.97,139169.43,665524.44,500068.27,0.0,194898.51,0.6183110385166658,0.7513886621674448,0.0125,0.8659078371122939,0
MSME_02382,Nyeri,Manufacturing,80,2,360193.9,287166.42,1517023.24,646057.58,224067.92,272529.23,0.7972528761512169,0.42587162615147134,0.012345679012345678,0.756616015385004,0
MSME_02383,Mombasa,Retail,54,3,336967.71,341156.91,834417.74,589825.75,0.0,197209.5,1.0124290471955095,0.7068702100338734,0.01818181818181818,0.585245733943665,1
MSME_02384,Nyeri,Services,86,2,844864.73,946679.39,1011497.98,414621.03,0.0,467106.5,1.120508687220631,0.409907511720872,0.011494252873563218,0.5528766091624997,1
MSME_02385,Meru,Digital Commerce,92,1,148541.32,119991.69,1168383.3,668320.0,91073.93,130322.39,0.8077946406115105,0.5720035779323634,0.010752688172043012,0.8773418242020186,0
MSME_02386,Nyeri,Services,20,1,847368.87,914844.33,238305.4,172177.52,0.0,724049.87,1.079628108561377,0.7225048089350516,0.047619047619047616,0.8544673295971688,1
MSME_02387,Mombasa,Agriculture,33,2,51839.15,42329.06,276867.87,53485.09,0.0,36701.33,0.8165304305639547,0.19317841691628243,0.029411764705882353,0.7079711382007962,0
MSME_02388,Nyeri,Construction,74,2,108516.58,75822.93,468095.5,180417.43,4335.57,74836.76,0.6987156366737997,0.3854278551537984,0.013333333333333334,0.6896279847007277,0
MSME_02389,Nakuru,Digital Commerce,40,5,118776.26,71490.88,1168472.59,626242.37,55539.29,99404.18,0.6018902944890293,0.535949100912071,0.024390243902439025,0.836895715560369,0
MSME_02390,Machakos,Agriculture,32,5,46967.71,36709.94,175097.82,64295.6,0.0,34813.26,0.7815828878417143,0.36719607819173194,0.030303030303030304,0.741201110271072,0
MSME_02391,Kisumu,Retail,114,2,12573.43,10161.36,8602856.12,2988062.6,0.0,8573.52,0.8080970668252955,0.34733374718653937,0.008695652173913044,0.6818217605092239,0
MSME_02392,Eldoret,Agriculture,97,10,317838.4,355920.09,39811.4,12951.89,81884.12,194922.15,1.119811105860381,0.3253230149400689,0.01020408163265306,0.6132724577255053,1
MSME_02393,Kisumu,Retail,2,1,52578.67,37506.4,94082.77,26553.31,17927.62,29189.24,0.7133251311771261,0.28223050585664244,0.3333333333333333,0.5551430809664648,0
MSME_02394,Nyeri,Services,97,1,89247.71,72310.89,1417502.05,1104409.37,276117.01,68511.63,0.810217761130665,0.7791230995940363,0.01020408163265306,0.7676484063467136,1
MSME_02395,Kisumu,Services,33,10,649907.46,398935.8,1278321.3,1072449.32,0.0,566538.62,0.6138338313060273,0.8389506464840675,0.029411764705882353,0.8717206420116458,0
MSME_02396,Kakamega,Agriculture,105,2,236117.56,240827.36,668742.04,441460.4,2789.36,197342.9,1.0199425237897435,0.6601345712697062,0.009433962264150943,0.8357788561814031,1
MSME_02397,Eldoret,Agriculture,77,50,759344.97,837806.32,1642022.31,203610.13,0.0,617608.15,1.1033262216430806,0.12399953688842578,0.01282051282051282,0.8133422371359922,0
MSME_02398,Nairobi,Transport,30,2,150321.41,109855.09,1441568.52,1050884.07,0.0,137992.57,0.7307964926852889,0.7289860498715317,0.03225806451612903,0.917977366115937,0
MSME_02399,Nakuru,Manufacturing,33,5,232232.13,194133.82,729486.6,383383.05,0.0,157344.82,0.8359436915826781,0.5255511539880869,0.029411764705882353,0.6775296013966655,0
MSME_02400,Thika,Food Services,77,2,104749.64,69884.97,1006393.83,711005.23,0.0,58842.89,0.6671555419613665,0.7064873634138205,0.01282051282051282,0.5617425344608873,1
MSME_02401,Mombasa,Transport,116,2,57028.34,48545.92,16832.58,7572.48,5022.03,31130.46,0.8512446400396708,0.4498437052605565,0.008547008547008548,0.5458674429688297,0
MSME_02402,Thika,Transport,26,2,231374.52,155793.34,621691.74,82700.87,0.0,215121.72,0.6733354505264861,0.13302531086336958,0.037037037037037035,0.9297514274630264,0
MSME_02403,Kakamega,Manufacturing,22,5,86171.85,76506.96,688842.66,444576.29,9222.78,65924.39,0.8878313761236863,0.6453950523403235,0.043478260869565216,0.7650250629983805,1
MSME_02404,Nyeri,Transport,103,2,253855.88,254882.0,7241909.64,3297261.69,48649.19,219549.02,1.0040381808836538,0.4553027307169314,0.009615384615384616,0.8648535347948813,0
MSME_02405,Machakos,Retail,66,25,75322.26,68116.82,270814.22,216444.15,0.0,55813.94,0.9043264988796291,0.7992318526263037,0.014925373134328358,0.7409920919514106,1
MSME_02406,Kisumu,Transport,38,1,111816.76,82170.87,698689.32,482452.21,11629.03,75959.64,0.7348642111950732,0.690509366152375,0.02564102564102564,0.6793164162830664,1
MSME_02407,Kakamega,Food Services,103,1,121141.86,96257.84,4026311.39,1560797.19,24550.69,71488.4,0.7945812076749715,0.38764930259174446,0.009615384615384616,0.5901164955161203,0
MSME_02408,Kisumu,Retail,90,2,391196.4,372111.89,1428499.7,970330.66,205961.0,346358.94,0.9512125847462176,0.6792650924147255,0.01098901098901099,0.8853814979342909,1
MSME_02409,Eldoret,Construction,46,3,87173.12,80579.82,751779.17,373007.92,0.0,46078.13,0.9243548429281536,0.49616621305667047,0.02127659574468085,0.5285757974958623,1
MSME_02410,Kisumu,Manufacturing,114,10,436694.93,294867.83,2314687.0,600788.96,0.0,395254.67,0.6752245893383985,0.25955505018386926,0.008695652173913044,0.905102710712234,0
MSME_02411,Meru,Manufacturing,15,2,53914.15,57403.59,281737.91,122812.11,0.0,31930.97,1.06470240739384,0.4359075216128295,0.0625,0.5922448514007659,1
MSME_02412,Nyeri,Manufacturing,98,3,174530.99,150332.95,5782636.74,1607861.66,6688.34,88014.05,0.8613489710396359,0.27804986794832487,0.010101010101010102,0.5042860624003658,0
MSME_02413,Eldoret,Services,106,2,66996.75,46181.07,1576936.42,163971.77,0.0,36630.72,0.6892928493867332,0.10398115227679738,0.009345794392523364,0.5467455250362886,0
MSME_02414,Eldoret,Retail,119,3,406665.32,271471.3,103657.09,30831.41,22120.76,365014.22,0.6675529461107081,0.2974337072967484,0.008333333333333333,0.8975767159670365,0
MSME_02415,Nairobi,Manufacturing,44,15,58767.04,66468.66,352832.17,94423.91,0.0,31332.72,1.1310341471316723,0.26761630716295753,0.022222222222222223,0.533159179717411,0
MSME_02416,Meru,Manufacturing,49,1,65073.15,49120.1,54773.43,5667.38,69199.29,42939.06,0.7548327561712292,0.10346762166215148,0.02,0.6598481885664277,0
MSME_02417,Mombasa,Food Services,104,2,37937.58,41720.96,1895371.98,1378201.34,20226.29,23242.17,1.0996974583656003,0.7271399110058011,0.009523809523809525,0.612626250112682,1
MSME_02418,Nyeri,Agriculture,75,50,147715.09,121986.36,1434334.01,231771.09,0.0,76307.34,0.8258163345645014,0.16158783574556965,0.013157894736842105,0.5165810982405505,0
MSME_02419,Nyeri,Services,61,10,240637.93,195459.79,419856.91,192818.14,39623.53,177869.95,0.8122534038860629,0.4592461768792209,0.016129032258064516,0.7391570017370008,0
MSME_02420,Mombasa,Digital Commerce,67,3,216020.63,212890.69,3079964.14,1337648.57,128299.72,205057.54,0.9855063587845346,0.4343063993250261,0.014705882352941176,0.9492454065826649,0
MSME_02421,Machakos,Construction,6,2,115354.13,69839.52,659848.78,161746.42,22184.84,101956.14,0.6054305517231874,0.24512612552511573,0.14285714285714285,0.8838457379398731,0
MSME_02422,Machakos,Agriculture,9,1,68834.4,54100.34,16988758.44,14839592.24,11404.78,39648.73,0.7859377587694704,0.8734947535404033,0.1,0.5759933115809599,1
MSME_02423,Meru,Agriculture,6,2,100843.0,77291.64,172936.12,100819.49,2452.9,90551.19,0.766447582404506,0.5829835144704619,0.14285714285714285,0.8979333425885526,0
MSME_02424,Mombasa,Manufacturing,73,10,104764.52,112878.95,1575412.92,1182836.46,6373.76,73681.63,1.0774437047608794,0.7508099585663176,0.013513513513513514,0.7033003797432591,1
MSME_02425,Nairobi,Retail,103,3,171546.63,152851.13,452760.16,224982.16,20356.42,106867.16,0.8910127758687194,0.4969113516715966,0.009615384615384616,0.6229591163690225,1
MSME_02426,Meru,Services,95,1,160147.86,128200.54,323692.99,219544.62,0.0,126218.56,0.8005086018095914,0.6782474398119038,0.010416666666666666,0.7881327410010912,1
MSME_02427,Kisumu,Manufacturing,32,1,758971.17,566453.29,592628.73,519038.09,0.0,453494.89,0.7463426359888795,0.8758218896645634,0.030303030303030304,0.5975118824185609,1
MSME_02428,Kakamega,Agriculture,41,1,138640.02,128211.57,1133026.15,429104.57,0.0,124199.73,0.9247737069447413,0.37872399615490243,0.023809523809523808,0.8958368165496763,0
MSME_02429,Mombasa,Food Services,114,1,191147.56,130634.11,782273.09,393804.94,0.0,149263.86,0.6834166577033068,0.5034104350816477,0.008695652173913044,0.7808788096546476,0
MSME_02430,Kakamega,Manufacturing,76,1,143122.45,105254.06,1644948.01,841603.96,13606.29,80321.73,0.7354075100900656,0.5116292084944323,0.012987012987012988,0.561205937950769,0
MSME_02431,Mombasa,Manufacturing,8,2,96111.71,73187.79,1511134.59,1350343.6,42860.85,72736.57,0.7614787888095133,0.8935952597079657,0.1111111111111111,0.75678409234325,0
MSME_02432,Mombasa,Manufacturing,72,1,189866.13,177401.4,4162844.57,1192568.87,9930.3,138539.04,0.9343449811454989,0.28647924837624955,0.0136986301369863,0.7296631070370105,0
MSME_02433,Machakos,Services,50,1,87495.22,70459.05,172567.07,110485.38,0.0,62310.16,0.8052810738566764,0.6402423113383605,0.0196078431372549,0.7121468790308885,1
MSME_02434,Kisumu,Retail,92,2,125716.26,110401.61,112555.76,23702.41,39551.67,83505.66,0.8781738482050914,0.21058184332953436,0.010752688172043012,0.6642338530127049,0
MSME_02435,Nairobi,Food Services,62,1,424755.31,406805.59,672448.49,565972.21,128061.15,303017.25,0.9577387796781642,0.8416575793670391,0.015873015873015872,0.7133908146061444,1
MSME_02436,Machakos,Food Services,84,1,82013.62,92343.18,281440.1,161069.73,14129.42,62634.23,1.1259355953853105,0.5723035121735952,0.011764705882352941,0.7636959117776807,1
MSME_02437,Mombasa,Digital Commerce,62,2,196289.12,200344.56,2081773.51,1639457.47,0.0,162940.81,1.0206553442424917,0.7875288424008996,0.015873015873015872,0.8301019429811343,1
MSME_02438,Thika,Food Services,111,1,11143.94,9170.25,202522.75,165297.7,0.0,10174.91,0.8228173502952909,0.8161892123763262,0.008928571428571428,0.9129622949966532,1
MSME_02439,Machakos,Food Services,7,2,110708.52,111987.36,377168.67,205816.39,0.0,57565.42,1.0115422774843572,0.5456864811001373,0.125,0.519968111143468,1
MSME_02440,Kakamega,Agriculture,75,1,81461.13,91426.42,489522.1,316038.32,29489.53,61601.3,1.1223180636204821,0.6456045077341601,0.013157894736842105,0.7561955475507454,1
MSME_02441,Meru,Manufacturing,84,5,150280.74,131444.45,6068585.44,3999055.27,0.0,125993.61,0.874653500817864,0.6589764040668422,0.011764705882352941,0.8383826937324522,1
MSME_02442,Nairobi,Services,80,15,105215.22,86883.92,9149022.44,4285261.75,121309.97,58078.73,0.8257654570749643,0.46838460717726615,0.012345679012345678,0.5519940746778397,0
MSME_02443,Meru,Construction,4,5,153509.51,98692.84,185408.57,83039.05,0.0,139720.37,0.6429060785479769,0.4478681979576351,0.2,0.9101681051023802,0
MSME_02444,Machakos,Food Services,6,2,91247.76,99533.39,52320.24,13025.15,0.0,55683.53,1.0907916995255607,0.24894574364063238,0.14285714285714285,0.6102387583129897,1
MSME_02445,Thika,Services,58,10,196091.11,144232.63,366305.97,149134.75,0.0,171579.6,0.7355351013357958,0.4071305277101334,0.01694915254237288,0.8749949194794223,0
MSME_02446,Eldoret,Transport,22,3,23989.18,15237.37,697796.3,622856.85,13160.85,19141.04,0.6351502989973398,0.8926042706098174,0.043478260869565216,0.7978697950578112,1
MSME_02447,Thika,Transport,26,1,148956.9,133385.23,693963.84,219215.73,36351.01,111985.2,0.8954558972703026,0.3158888136177044,0.037037037037037035,0.751790942272951,0
MSME_02448,Mombasa,Construction,3,2,52204.33,55610.39,659313.22,468081.22,68741.22,46522.36,1.0652243745992986,0.709951652491281,0.25,0.8911419581104075,1
MSME_02449,Kisumu,Digital Commerce,41,10,428423.1,352870.38,1941725.91,286361.81,0.0,401070.65,0.8236473625083184,0.14747790151396728,0.023809523809523808,0.936153334978121,0
MSME_02450,Meru,Agriculture,60,2,51368.79,52945.15,449834.01,213210.09,0.0,48734.03,1.0306670515881027,0.47397397992655127,0.01639344262295082,0.9486904657387153,1
MSME_02451,Kisumu,Transport,106,1,360490.43,382126.27,942244.35,138253.73,111802.15,291087.54,1.0600148525028736,0.14672795148312487,0.009345794392523364,0.8074742303860039,0
MSME_02452,Kakamega,Transport,14,5,131724.43,111955.49,1581078.03,759929.26,0.0,85964.55,0.8499155402263634,0.48063964266226467,0.06666666666666667,0.652604056786909,0
MSME_02453,Nyeri,Transport,75,10,21401.95,19797.34,949130.52,115833.76,0.0,19125.1,0.9249818366159804,0.12204184305247812,0.013157894736842105,0.893573082215302,0
MSME_02454,Nakuru,Agriculture,82,1,55477.49,49577.56,1641053.58,969265.02,0.0,44074.47,0.8936357135891766,0.5906354558908089,0.012048192771084338,0.7944424947398533,0
MSME_02455,Meru,Manufacturing,118,2,311078.64,347337.26,93947.14,53475.4,0.0,200800.68,1.1165541402838193,0.5692012635907427,0.008403361344537815,0.6454960536793729,1
MSME_02456,Nakuru,Agriculture,12,1,293904.11,293618.47,836836.0,617814.74,0.0,270263.66,0.9990247192367632,0.7382736900973547,0.07692307692307693,0.9195609426457403,1
MSME_02457,Kakamega,Retail,87,5,36339.09,40297.82,961022.14,544542.98,0.0,30395.57,1.1089080957146777,0.5666283748380918,0.011363636363636364,0.836419777716566,1
MSME_02458,Kakamega,Retail,12,1,635937.6,458514.5,597969.48,502772.34,17569.48,447555.4,0.7210043548229342,0.8407979270147249,0.07692307692307693,0.7037714018303025,1
MSME_02459,Thika,Transport,13,2,130018.99,100196.57,356045.3,258661.1,36441.79,91601.08,0.7706243478406667,0.7264816401687084,0.07142857142857142,0.7045153595227933,0
MSME_02460,Mombasa,Transport,25,10,322818.54,206281.83,1268596.12,261489.65,68027.49,306086.16,0.63900044588379,0.2061250541070123,0.038461538461538464,0.9481649097201489,0
MSME_02461,Nyeri,Services,45,2,39662.39,34702.58,845371.65,264075.97,0.0,26501.18,0.8749272313839035,0.3123781802025414,0.021739130434782608,0.6681521675277883,0
MSME_02462,Kisumu,Services,115,3,84461.49,91273.99,684804.4,82850.7,5551.18,45806.53,1.080645266318812,0.12098429714485312,0.008620689655172414,0.5423298555370555,1
MSME_02463,Nairobi,Manufacturing,19,2,201976.02,157493.97,491850.95,201121.4,0.0,149937.44,0.7797618263701485,0.4089063792468445,0.05,0.7423490058423479,0
MSME_02464,Nyeri,Digital Commerce,55,1,97424.85,65328.74,515509.26,261687.45,6652.25,87505.47,0.6705483195681639,0.5076280150078876,0.017857142857142856,0.8981750736585824,0
MSME_02465,Eldoret,Construction,110,3,7181.11,4579.0,291134.13,249431.2,12895.65,5479.43,0.6375563727094127,0.856754044075684,0.009009009009009009,0.7629276076250573,0
MSME_02466,Nyeri,Transport,100,1,110108.08,93165.22,412205.26,213445.63,17051.51,94350.44,0.8461175045691055,0.5178126843585539,0.009900990099009901,0.8568815578152138,0
MSME_02467,Nairobi,Retail,45,2,18681.74,12894.36,236306.58,171280.31,39924.93,9802.11,0.6901749957447355,0.724819364660245,0.021739130434782608,0.5246612648894112,0
MSME_02468,Eldoret,Transport,8,1,45675.05,36099.61,458346.37,144112.9,0.0,36678.33,0.7903400140773994,0.31441851624456796,0.1111111111111111,0.8030101114260099,0
MSME_02469,Mombasa,Manufacturing,93,3,32765.53,34436.21,1129380.38,251317.35,8407.01,17550.44,1.0509568758119947,0.22252655697227808,0.010638297872340425,0.5356209522338801,0
MSME_02470,Nairobi,Retail,119,25,413559.0,335489.84,1950649.56,1460390.86,45493.79,310318.34,0.8112241029113068,0.7486686185351414,0.008333333333333333,0.7503586903955896,1
MSME_02471,Thika,Transport,53,50,566003.25,529455.86,685944.78,204370.47,79435.5,409783.72,0.9354273576567667,0.2979396855535725,0.018518518518518517,0.7239940689491289,0
MSME_02472,Eldoret,Manufacturing,55,2,187505.59,164290.15,663556.56,528899.76,6879.82,173540.55,0.8761833384095994,0.7970668889674016,0.017857142857142856,0.9255170711600056,1
MSME_02473,Nakuru,Digital Commerce,32,1,105866.2,105357.33,866954.31,204497.1,0.0,59243.68,0.9951838718696632,0.23587963259605618,0.030303030303030304,0.5596037299560204,1
MSME_02474,Nairobi,Digital Commerce,51,2,137082.58,94023.67,2373850.49,1854616.35,0.0,69126.79,0.6858857202299503,0.7812689032202262,0.019230769230769232,0.5042674695247965,1
MSME_02475,Eldoret,Manufacturing,44,10,413269.35,457176.15,556822.88,399953.66,41017.87,232178.7,1.1062398984103263,0.7182767736182578,0.022222222222222223,0.5618082690906813,1
MSME_02476,Nyeri,Retail,82,1,18335.08,17491.63,1271240.7,748730.95,0.0,10576.0,0.9539459906370391,0.5889760774839277,0.012048192771084338,0.5767863141958368,1
MSME_02477,Nairobi,Retail,70,25,45474.1,34061.22,1137896.85,887760.43,0.0,27871.54,0.7490081385197614,0.780175856734416,0.014084507042253521,0.6128967280995534,1
MSME_02478,Nakuru,Construction,18,2,363684.64,242864.8,345145.51,125829.04,36300.28,315238.19,0.667787708087677,0.36456703560467696,0.05263157894736842,0.8667875641171865,0
MSME_02479,Thika,Retail,83,50,447875.68,305607.55,1703214.47,396554.85,0.0,299895.93,0.6823475381660863,0.23282717717447693,0.011904761904761904,0.6695948759823798,0
MSME_02480,Machakos,Digital Commerce,22,10,240318.71,247639.93,60681.29,13691.67,37999.22,211081.76,1.0304603396866616,0.22562876252692507,0.043478260869565216,0.878337278286496,0
MSME_02481,Nyeri,Manufacturing,37,10,46865.09,43278.06,2607979.17,824870.25,3221.88,29167.44,0.923440807628714,0.3162870099583618,0.02631578947368421,0.6223570176219095,0
MSME_02482,Nyeri,Retail,96,2,358451.62,290136.86,174043.4,79534.65,0.0,318033.87,0.8094148119213077,0.45697908119996966,0.010309278350515464,0.8872410250481639,0
MSME_02483,Machakos,Digital Commerce,56,1,519921.28,407148.0,617334.48,494372.74,113589.81,261853.52,0.7830939655057675,0.8008169885197591,0.017543859649122806,0.5036397363082805,1
MSME_02484,Nyeri,Digital Commerce,105,2,273279.47,292591.28,1972410.45,338521.89,0.0,251564.95,1.0706629712690412,0.17162843482783474,0.009433962264150943,0.9205376073892146,0
MSME_02485,Nakuru,Retail,59,2,11003.74,11896.36,436949.18,363626.33,0.0,9196.07,1.081021450756674,0.832191738655423,0.016666666666666666,0.8356462760592254,1
MSME_02486,Thika,Manufacturing,3,1,150933.53,138812.68,966084.38,811893.22,0.0,103499.46,0.9196880263250563,0.8403948934616938,0.25,0.6857242010824164,1
MSME_02487,Mombasa,Services,28,2,239244.2,212568.29,2011101.14,1371146.86,83291.7,181777.92,0.8884955267650093,0.6817887727969899,0.034482758620689655,0.7597975633366939,1
MSME_02488,Machakos,Construction,74,2,79569.22,83471.81,6701646.32,5496870.52,69674.57,73192.35,1.0490332941143055,0.8202267677673016,0.013333333333333334,0.9198460177689594,1
MSME_02489,Kisumu,Manufacturing,115,3,160600.78,162549.57,716364.37,512909.23,27488.12,122402.23,1.0121280723040555,0.7159883091501198,0.008620689655172414,0.7621474058382167,1
MSME_02490,Nakuru,Services,35,3,79741.13,65401.99,905054.41,473018.34,144231.8,48072.41,0.8201685859156257,0.5226401994547494,0.027777777777777776,0.6028483312397098,0
MSME_02491,Mombasa,Retail,61,1,56297.57,36340.43,765707.55,444569.94,0.0,42661.92,0.6454947257097294,0.5805994199751328,0.016129032258064516,0.7577798157217848,0
MSME_02492,Meru,Retail,93,50,603554.01,617239.63,559324.06,337037.26,31913.19,538461.48,1.022673359964322,0.6025785077464614,0.010638297872340425,0.8921497975801741,1
MSME_02493,Mombasa,Digital Commerce,54,1,165225.86,114466.09,145092.54,29238.27,107212.39,156031.45,0.6927813673878448,0.2015132444904163,0.01818181818181818,0.9443467605690747,0
MSME_02494,Thika,Retail,63,2,44091.41,26851.99,190046.57,48356.08,0.0,33634.58,0.608993475294274,0.2544419799737508,0.015625,0.7628201769873771,0
MSME_02495,Kisumu,Construction,79,2,33637.61,35784.24,717022.66,371916.05,7310.22,19174.79,1.0637847402137008,0.5186942506192892,0.0125,0.5700232560144429,1
MSME_02496,Thika,Digital Commerce,97,10,56331.99,51715.0,1098339.79,211081.85,11334.62,47729.45,0.9180233465328221,0.19218247371109654,0.01020408163265306,0.8472735070515518,0
MSME_02497,Nakuru,Manufacturing,7,1,56637.5,61758.45,3314150.06,2889883.96,61882.73,53726.9,1.090396991445748,0.8719831738750013,0.125,0.9485932713613532,1
MSME_02498,Machakos,Food Services,76,2,154280.9,133688.02,567123.87,286795.57,0.0,110023.29,0.8665178481727279,0.5057009226204452,0.012987012987012988,0.7131315468632419,0
MSME_02499,Kisumu,Agriculture,49,3,216545.66,240271.4,4567176.15,1845453.92,152874.43,145665.88,1.1095594824690438,0.4040688283790349,0.02,0.6726766416069405,0
MSME_02500,Machakos,Transport,94,1,216314.11,171901.46,171886.69,38851.9,0.0,161938.21,0.7946807784255109,0.22603072971659577,0.010526315789473684,0.7486218137974735,0
MSME_02501,Kisumu,Agriculture,85,3,62936.91,62841.69,938637.65,406643.28,237796.73,36134.9,0.9984711916871724,0.43322665223725876,0.011627906976744186,0.5741356838827346,1
MSME_02502,Eldoret,Construction,31,15,334579.81,256135.09,529317.69,180995.39,0.0,313527.22,0.765540289056028,0.3419402968748374,0.03125,0.9370747234427461,0
MSME_02503,Mombasa,Manufacturing,58,50,454905.2,273234.27,150988.35,25719.62,17302.35,399065.86,0.600638703099672,0.17034062336184635,0.01694915254237288,0.8772486723636652,0
MSME_02504,Thika,Digital Commerce,61,1,102748.2,83108.86,95635.19,83547.31,0.0,56598.42,0.8088516504264753,0.8735951317173969,0.016129032258064516,0.5508404931619906,1
MSME_02505,Nyeri,Food Services,24,1,47473.61,47747.58,432954.85,135074.33,26343.02,43926.7,1.0057498102670037,0.3119817644224001,0.04,0.9252672112524989,0
MSME_02506,Machakos,Services,20,2,147308.24,100539.83,473656.35,309002.13,0.0,136152.4,0.6825086464365712,0.6523748232767844,0.047619047619047616,0.9242624563129916,0
MSME_02507,Nakuru,Construction,37,2,1155537.6,1014147.31,251253.7,43481.46,28281.89,742270.71,0.8776403574921685,0.17305730002264633,0.02631578947368421,0.642359078268783,0
MSME_02508,Meru,Digital Commerce,4,1,46244.71,33147.14,1819308.88,1511000.08,5586.53,36006.78,0.7167614033820651,0.8305347520016767,0.2,0.778597193123427,1
MSME_02509,Mombasa,Manufacturing,92,1,78734.5,50472.22,448278.53,256684.81,24657.98,43291.33,0.6410351112268291,0.5725998909653537,0.010752688172043012,0.5498324135872638,0
MSME_02510,Machakos,Retail,108,25,141129.62,132605.19,223237.44,139634.48,0.0,75911.67,0.9395919184653196,0.6254947848587368,0.009174311926605505,0.537882353241274,0
MSME_02511,Thika,Construction,20,15,229042.77,257348.38,549496.41,398619.8,0.0,166240.97,1.123577297038029,0.7254261671588224,0.047619047619047616,0.7258043735483397,1
MSME_02512,Nakuru,Transport,60,1,18295.68,14103.91,341969.06,199960.34,0.0,9556.84,0.7708453118270637,0.5847305462940235,0.01639344262295082,0.5223264548541047,1
MSME_02513,Mombasa,Services,24,2,491829.65,452166.14,5263828.96,824978.68,46183.7,439548.76,0.9193533180577501,0.15672593648902747,0.04,0.893699406492865,0
MSME_02514,Nakuru,Services,50,2,485188.11,545585.22,499668.2,221685.76,301821.05,445229.43,1.1244795251072308,0.44366504879628366,0.0196078431372549,0.9176410204260356,1
MSME_02515,Kisumu,Agriculture,49,1,87134.34,83454.29,242489.65,75080.63,6996.04,46206.28,0.9577547984549093,0.30962278339391647,0.02,0.5302817433202188,0
MSME_02516,Nakuru,Manufacturing,51,3,1995925.27,1936471.28,5252046.39,2570212.94,0.0,1040432.18,0.9702118305201725,0.4893735241029499,0.019230769230769232,0.5212778626336734,1
MSME_02517,Nakuru,Food Services,96,3,454842.0,317666.51,1741129.84,737299.07,0.0,272740.56,0.6984091433747469,0.4234598877129762,0.010309278350515464,0.5996367098097585,0
MSME_02518,Nyeri,Retail,105,10,431252.88,375593.37,828662.8,630800.08,32307.48,396097.69,0.8709333119507238,0.7612255778519587,0.009433962264150943,0.9184791334515066,0
MSME_02519,Nairobi,Food Services,36,5,436940.88,350380.93,280540.22,83499.44,0.0,369676.71,0.8018936751954288,0.29763697470197076,0.02702702702702703,0.846054651479048,0
MSME_02520,Meru,Transport,117,2,424520.71,364674.44,1830034.2,477713.68,0.0,341494.65,0.8590242416577469,0.26104070566511506,0.00847457627118644,0.8044221107090141,0
MSME_02521,Eldoret,Services,98,3,130364.61,135638.46,125982.86,109160.25,0.0,110726.0,1.040446633126635,0.866462180155458,0.010101010101010102,0.8493497633309889,0
MSME_02522,Kisumu,Food Services,100,1,118070.83,100759.81,1676010.55,1440720.94,0.0,69633.99,0.8533772196128407,0.8596127753415541,0.009900990099009901,0.5897595556874151,1
MSME_02523,Nyeri,Food Services,66,3,51866.58,32912.87,984754.52,881130.74,0.0,31922.05,0.6345557282603121,0.8947710595214536,0.014925373134328358,0.6154528512801253,1
MSME_02524,Nyeri,Digital Commerce,79,2,74804.12,82138.51,2393032.43,1327425.77,43408.76,48094.03,1.0980332629638185,0.55470423160783,0.0125,0.6429243078548634,1
MSME_02525,Machakos,Services,34,1,97645.84,87846.96,42935.87,8179.93,0.0,75409.9,0.8996395582284077,0.19051062641501348,0.02857142857142857,0.7722717908741338,0
MSME_02526,Kakamega,Retail,36,1,142266.89,157698.85,241653.57,194321.9,236838.58,110071.75,1.1084641095049628,0.8041308715990763,0.02702702702702703,0.7736935579771372,1
MSME_02527,Nakuru,Food Services,6,1,658879.57,602739.72,219767.69,47490.04,23302.99,391291.1,0.9147935869470244,0.21609101824286253,0.14285714285714285,0.5938725739021261,1
MSME_02528,Meru,Retail,39,15,16276.95,10389.58,190705.33,42808.67,45341.12,11337.34,0.6382609603789174,0.22447430035489646,0.025,0.6964845081843843,0
MSME_02529,Mombasa,Transport,42,1,511413.77,462358.02,1214715.9,309410.07,0.0,414505.44,0.9040763918492225,0.2547178441330651,0.023255813953488372,0.8105073695857473,0
MSME_02530,Thika,Manufacturing,115,1,48442.07,44404.73,511779.85,318703.26,0.0,30970.4,0.9166374055153813,0.6227338518039509,0.008620689655172414,0.6393153860810226,1
MSME_02531,Kisumu,Retail,115,2,120027.98,86166.52,256377.64,47624.52,0.0,64090.7,0.7178809650802666,0.18575853277012466,0.008620689655172414,0.5339602152746779,0
MSME_02532,Machakos,Construction,58,3,64576.26,55475.27,194141.75,140291.74,227924.48,38024.15,0.8590527067887364,0.722621576134056,0.01694915254237288,0.5888164037929141,0
MSME_02533,Machakos,Digital Commerce,118,1,851093.19,725721.06,230174.79,33743.92,16606.73,488639.01,0.852691827211275,0.14660064813940682,0.008403361344537815,0.5741303556542902,1
MSME_02534,Thika,Construction,12,25,80825.05,76184.23,2061495.27,388297.58,56506.87,63397.09,0.9425702480821467,0.18835715865738628,0.07692307692307693,0.7843645705808956,0
MSME_02535,Nakuru,Manufacturing,3,10,224458.91,166725.33,673315.69,301369.18,0.0,119153.35,0.7427844464519298,0.44758905352546663,0.25,0.5308446840239757,1
MSME_02536,Machakos,Digital Commerce,109,3,236396.72,217475.91,1978096.56,797839.93,35890.43,212316.71,0.9199577305567922,0.40333699719037114,0.00909090909090909,0.8981334929964637,0
MSME_02537,Thika,Digital Commerce,18,3,41772.49,30599.34,17851683.79,15919535.62,60868.52,22472.52,0.7325061899305038,0.8917665647400219,0.05263157894736842,0.5379612763980218,1
MSME_02538,Meru,Digital Commerce,40,1,120961.75,102278.59,713950.04,623629.05,0.0,93026.77,0.8455379031974719,0.8734899384697303,0.024390243902439025,0.7690530349219078,0
MSME_02539,Nyeri,Services,21,2,444331.53,296586.02,133195.11,33531.26,0.0,408025.06,0.6674866231378558,0.25174353815588163,0.045454545454545456,0.9182876167090444,0
MSME_02540,Meru,Agriculture,15,5,55645.98,34529.18,618816.9,530531.8,33787.94,29386.1,0.620504113610478,0.8573310500552748,0.0625,0.5280807691630345,1
MSME_02541,Machakos,Food Services,97,1,305274.18,236991.37,6954565.53,4546961.17,0.0,205265.5,0.7763204660136471,0.6538094287236619,0.01020408163265306,0.6723949847478593,0
MSME_02542,Nakuru,Manufacturing,99,1,95694.88,71868.24,2687417.21,1147727.45,10313.18,61969.67,0.7510066264085768,0.42707437410718446,0.01,0.6475688399542383,0
MSME_02543,Thika,Food Services,26,3,426622.16,351457.63,335964.28,232388.09,0.0,279392.27,0.8238128234763439,0.6917026961833674,0.037037037037037035,0.6548924113730723,1
MSME_02544,Nyeri,Retail,8,1,764897.37,863638.31,506437.57,415335.92,0.0,589078.18,1.129088966420467,0.8201111538562317,0.1111111111111111,0.770139149335617,1
MSME_02545,Nakuru,Food Services,100,25,17892.91,15875.06,1848743.78,451302.84,411664.3,11056.86,0.8871766986645176,0.2441131111672429,0.009900990099009901,0.6179119041059221,0
MSME_02546,Nakuru,Digital Commerce,112,1,34956.68,31609.48,1296888.99,333024.76,0.0,17908.14,0.90422133276579,0.2567872082966729,0.008849557522123894,0.5122805632410389,0
MSME_02547,Kakamega,Transport,94,5,85947.37,96078.9,1872547.69,799534.06,120622.3,80190.94,1.1178676221550217,0.42697637944997846,0.010526315789473684,0.9330129239216521,1
MSME_02548,Kisumu,Construction,87,2,576900.12,638415.51,547516.95,128868.75,64084.59,482836.09,1.106629000824266,0.235368995664891,0.011363636363636364,0.8369477424484807,0
MSME_02549,Kakamega,Manufacturing,42,5,226945.7,246522.39,1162773.6,451525.91,125438.4,127272.83,1.0862567730660988,0.3883176584696638,0.023255813953488372,0.5608049378995156,0
MSME_02550,Thika,Food Services,44,2,38378.34,25095.49,505693.89,311787.2,13884.44,27049.84,0.6538801865795505,0.6165520082672775,0.022222222222222223,0.7048021148878538,0
MSME_02551,Mombasa,Services,14,2,262740.03,249304.44,3882996.99,2913235.97,0.0,138785.79,0.948859947759206,0.750254308012145,0.06666666666666667,0.5282227522667472,1
MSME_02552,Nakuru,Manufacturing,78,10,53437.35,55812.88,116826.64,39901.9,31925.83,27388.53,1.0444349423213852,0.341545031638061,0.012658227848101266,0.5125257422805907,1
MSME_02553,Machakos,Manufacturing,2,2,318230.72,337186.48,117259.72,38154.5,91556.85,165919.22,1.0595627613740077,0.3253817646693624,0.3333333333333333,0.5213786356683741,1
MSME_02554,Kisumu,Transport,119,2,228425.41,209660.02,309409.77,223949.05,24690.57,191900.18,0.9178449199459904,0.7237920321907346,0.008333333333333333,0.8400962918429615,1
MSME_02555,Machakos,Retail,37,2,53203.96,32434.33,323177.54,130829.05,0.0,37254.25,0.6096110212280961,0.40481973215176975,0.02631578947368421,0.7002025750982616,0
MSME_02556,Nyeri,Food Services,69,5,124747.32,141655.83,116792.83,88152.93,0.0,109774.97,1.1355329674980792,0.7547738609137143,0.014285714285714285,0.8799715298771157,1
MSME_02557,Nyeri,Services,38,2,453469.71,389851.62,94102.67,84194.06,15168.81,289017.47,0.8597062862119583,0.8946947552629988,0.02564102564102564,0.6373453976773934,1
MSME_02558,Meru,Agriculture,109,25,20089.7,16402.79,2629232.1,2323544.27,110249.54,17054.04,0.8164369583936847,0.8837346030673354,0.00909090909090909,0.8488524541205632,1
MSME_02559,Nakuru,Digital Commerce,41,1,180071.42,147158.29,596955.79,376171.43,0.0,96350.91,0.8172172618105538,0.6301485070636351,0.023809523809523808,0.5350675578192374,1
MSME_02560,Machakos,Manufacturing,62,2,44050.88,36706.85,545139.56,218148.81,144378.68,34615.12,0.8332640967876968,0.4001698387659872,0.015873015873015872,0.7857807657698151,0
MSME_02561,Mombasa,Services,118,5,131112.68,96131.74,780395.43,118925.93,0.0,86832.11,0.7331938208125957,0.15239168892661387,0.008403361344537815,0.662265829164432,0
MSME_02562,Kisumu,Retail,60,3,210609.76,164282.67,4964280.47,3427500.61,65251.26,131531.32,0.7800298047450187,0.6904323678487957,0.01639344262295082,0.6245232674721842,0
MSME_02563,Nakuru,Agriculture,111,10,997661.16,1139275.85,838660.79,740012.3,16796.86,864771.79,1.1419455359517696,0.8823727381212872,0.008928571428571428,0.8667982255636517,1
MSME_02564,Meru,Manufacturing,14,50,129793.79,104158.53,638266.86,98540.47,40660.64,67929.52,0.8024862168966875,0.15438732885594458,0.06666666666666667,0.523360914563674,0
MSME_02565,Nairobi,Agriculture,103,2,576958.52,513319.28,339384.88,35613.07,44467.29,535007.38,0.8896972182727828,0.10493385876866769,0.009615384615384616,0.9272875504333475,0
MSME_02566,Nyeri,Food Services,89,1,57497.79,61324.95,1496673.68,1145585.4,0.0,49074.11,1.066543313346246,0.765420445276725,0.011111111111111112,0.8534807428121531,1
MSME_02567,Mombasa,Food Services,84,1,81225.13,72297.29,675197.97,122755.83,0.0,53610.55,0.8900742901329903,0.18180689760234678,0.011764705882352941,0.6600160564094337,0
MSME_02568,Eldoret,Services,2,5,239679.67,186578.49,5296422.97,875490.16,0.0,226760.9,0.7784461300112353,0.16529835318300626,0.3333333333333333,0.9460959033534077,0
MSME_02569,Nairobi,Construction,103,10,163041.66,144791.27,601446.39,498159.31,14698.23,96377.21,0.8880575795316391,0.8282674732365203,0.009615384615384616,0.5911165212834482,1
MSME_02570,Thika,Manufacturing,70,1,95949.87,63590.53,2444078.69,399970.18,0.0,65350.14,0.6627405254376537,0.16364858381520286,0.014084507042253521,0.6810791814602619,0
MSME_02571,Kisumu,Services,17,1,93384.96,62708.36,310742.66,59418.39,0.0,83877.98,0.6714966575275341,0.19121352306914324,0.05555555555555555,0.8981861941559522,0
MSME_02572,Thika,Services,89,1,505495.57,496274.9,307118.54,170653.16,74104.4,479494.49,0.9817572055929084,0.5556571229560973,0.011111111111111112,0.948561312691004,1
MSME_02573,Machakos,Manufacturing,28,10,99863.33,110309.37,81458.36,57464.91,29668.21,60677.04,1.1045923003739173,0.705442689458891,0.034482758620689655,0.6075947237617275,1
MSME_02574,Machakos,Construction,66,2,48009.33,47967.22,1892411.2,794165.13,632258.06,40059.03,0.999102068242397,0.4196575830572219,0.014925373134328358,0.8343835587049703,1
MSME_02575,Nakuru,Services,35,2,56677.03,36332.09,696708.0,304093.07,3417.64,36136.04,0.6410259848480971,0.43647070728238047,0.027777777777777776,0.6375669725994358,0
MSME_02576,Nyeri,Food Services,101,2,260380.98,213927.08,1571396.88,952424.89,0.0,219999.2,0.8215894202816953,0.606100404055528,0.00980392156862745,0.8449094672373257,1
MSME_02577,Thika,Retail,5,10,1272536.17,765308.95,5583979.58,2816225.58,0.0,708010.88,0.6014040045682909,0.5043401458247908,0.16666666666666666,0.5563773669573833,1
MSME_02578,Mombasa,Agriculture,65,3,78906.38,69529.44,264077.62,30343.21,45375.3,51389.87,0.881152561395398,0.1149021832967773,0.015151515151515152,0.6512682337190767,0
MSME_02579,Thika,Manufacturing,40,3,1142381.33,806821.06,220232.77,42035.07,0.0,609745.82,0.7062618519318309,0.19086568785522767,0.024390243902439025,0.5337493446699232,0
MSME_02580,Mombasa,Manufacturing,76,1,131815.6,142028.76,283634.95,160333.17,0.0,95085.66,1.077472488290549,0.5652780262868653,0.012987012987012988,0.7213481458329224,1
MSME_02581,Nakuru,Transport,56,2,100728.87,66217.58,58443.18,42951.65,29187.81,82162.05,0.6573777966754053,0.7349174887901584,0.017543859649122806,0.815667189881214,0
MSME_02582,Eldoret,Services,36,5,53622.44,32215.74,578473.49,410995.3,36586.19,35947.26,0.6007771974345547,0.710481286737467,0.02702702702702703,0.6703646763430321,1
MSME_02583,Meru,Agriculture,45,50,109314.7,92713.11,2107556.0,1458524.11,0.0,84896.27,0.8481225478133516,0.692044917409114,0.021739130434782608,0.7766155273213272,1
MSME_02584,Kisumu,Construction,23,1,62558.62,42883.2,773626.55,554704.23,0.0,47299.89,0.685477309484936,0.7170171615527393,0.041666666666666664,0.7560770030252741,0
MSME_02585,Eldoret,Digital Commerce,47,1,57735.02,58075.22,110735.94,15010.79,36888.28,36521.35,1.0058750152850855,0.13555359214368756,0.020833333333333332,0.6325574571991627,1
MSME_02586,Mombasa,Food Services,31,1,25538.69,28244.87,475317.57,387897.76,0.0,18363.6,1.105920627854136,0.8160795400861364,0.03125,0.7190220398133258,1
MSME_02587,Kisumu,Construction,11,2,779272.98,485538.43,847634.76,687793.29,0.0,413839.59,0.6230651124781557,0.8114255231515952,0.08333333333333333,0.5310578828770852,1
MSME_02588,Eldoret,Manufacturing,10,10,386306.33,315832.53,2315215.34,1216736.4,54942.02,273103.5,0.8175680487346694,0.5255389653996654,0.09090909090909091,0.706959145714372,0
MSME_02589,Nyeri,Manufacturing,67,1,174835.42,200754.46,1896958.29,566954.29,0.0,123466.2,1.1482416535410642,0.29887530691288583,0.014705882352941176,0.7061812407277613,1
MSME_02590,Thika,Food Services,118,2,115379.74,115722.37,481867.08,276467.76,0.0,59180.93,1.0029608927798521,0.5737415933423106,0.008403361344537815,0.5129186205600692,1
MSME_02591,Mombasa,Digital Commerce,14,2,132510.84,148975.74,480846.12,262690.44,35748.06,96897.62,1.1242447467335748,0.5463076081229311,0.06666666666666667,0.7312374501780369,1
MSME_02592,Meru,Agriculture,80,1,61272.79,42293.29,1488019.75,414213.76,23583.29,50976.64,0.6902346011239063,0.2783655805875019,0.012345679012345678,0.831948537865864,0
MSME_02593,Machakos,Services,74,2,42879.47,30948.37,357909.89,208483.99,6396.2,30166.29,0.7217357925414529,0.5825025050229681,0.013333333333333334,0.7034971864813981,1
MSME_02594,Meru,Retail,93,1,273051.07,187079.9,2035877.01,1502141.91,79881.03,215904.62,0.6851436797384469,0.7378349304927164,0.010638297872340425,0.7907086000117121,1
MSME_02595,Meru,Food Services,10,2,102516.32,78558.56,330778.78,246392.31,343250.21,75819.99,0.7662954903620187,0.744883227142844,0.09090909090909091,0.739582248150849,1
MSME_02596,Eldoret,Retail,76,5,184561.07,184267.85,4691979.55,693278.72,50650.04,157491.58,0.9984058479621517,0.14775822546834727,0.012987012987012988,0.8533258214973423,0
MSME_02597,Nyeri,Manufacturing,94,2,25274.75,17457.79,967361.04,249318.59,51763.97,18488.6,0.6906932534148345,0.2577303839625545,0.010526315789473684,0.7314758216867946,0
MSME_02598,Nyeri,Retail,105,1,97204.39,86349.45,69454.36,44074.26,219580.79,63107.43,0.8883195674643145,0.6345695998120232,0.009433962264150943,0.6492173942206292,1
MSME_02599,Kakamega,Retail,1,25,42051.07,31456.95,1573051.4,1239353.02,0.0,36685.6,0.7480475990837074,0.7878650577692136,0.5,0.8723851168325364,1
MSME_02600,Meru,Food Services,5,3,216220.88,228341.72,990345.46,511982.52,29410.46,114689.96,1.0560527916971214,0.5169731408945513,0.16666666666666666,0.5304271704602698,1
MSME_02601,Meru,Construction,20,5,360511.04,217613.77,1307182.18,870610.17,15265.36,227214.0,0.6036241397097306,0.666020021769252,0.047619047619047616,0.6302535693398756,1
MSME_02602,Thika,Manufacturing,8,1,573606.78,414553.21,10878163.01,1271196.11,61313.8,439479.16,0.7227119722818265,0.11685759736950317,0.1111111111111111,0.7661666653126635,0
MSME_02603,Kisumu,Agriculture,43,1,71041.56,66273.42,533102.08,312790.53,0.0,62886.84,0.9328692547115419,0.5867355521562547,0.022727272727272728,0.885199519837123,1
MSME_02604,Machakos,Transport,76,1,43135.47,28175.69,113214.45,98443.06,115779.48,22968.08,0.6531756075543501,0.8695196636148158,0.012987012987012988,0.5324515427432982,1
MSME_02605,Nairobi,Retail,1,1,87676.26,75092.24,3338543.51,2099315.17,36478.56,47627.83,0.8564619834150841,0.6288114966602617,0.5,0.5432175914256445,1
MSME_02606,Kakamega,Manufacturing,57,2,66216.64,55616.28,86208.65,72227.38,0.0,41522.68,0.8399012710208337,0.8378108483215048,0.017241379310344827,0.6270637250134556,1
MSME_02607,Nakuru,Transport,64,25,205095.99,219224.57,297842.96,164649.84,11471.27,134349.64,1.068882434598382,0.5528057040337497,0.015384615384615385,0.655054177050575,1
MSME_02608,Kakamega,Agriculture,118,2,32768.33,30932.27,767208.92,594359.04,123698.94,28822.77,0.9439396533282798,0.7747019746564278,0.008403361344537815,0.8795654351187527,1
MSME_02609,Mombasa,Transport,84,1,23054.24,21943.86,248078.41,49449.45,16942.24,21475.17,0.9517949064941419,0.19932911804329104,0.011764705882352941,0.9314659053646805,0
MSME_02610,Eldoret,Agriculture,28,3,94235.45,105872.98,675677.15,134331.79,8672.57,47848.32,1.1234822619060882,0.19881032115660394,0.034482758620689655,0.5077474798764172,0
MSME_02611,Nyeri,Services,107,1,275544.95,314203.41,619730.93,121556.17,1505.65,139676.56,1.1402940598473683,0.19614314531123156,0.009259259259259259,0.5069084121904168,1
MSME_02612,Nairobi,Construction,37,3,47693.16,45755.25,4606530.07,2262173.14,32163.3,42407.07,0.9593470143933764,0.49107953590769987,0.02631578947368421,0.8891459667179378,1
MSME_02613,Nakuru,Transport,47,3,311487.13,276320.48,39891.44,14528.9,15483.73,174752.89,0.887097944952188,0.3642018387443836,0.020833333333333332,0.5610258406957594,0
MSME_02614,Kisumu,Agriculture,101,5,192016.72,179411.98,810028.64,547051.78,27434.56,125329.56,0.9343511630072475,0.675347855172312,0.00980392156862745,0.6526978864242321,1
MSME_02615,Nakuru,Construction,76,50,625805.93,507118.1,241617.71,198633.32,0.0,390406.58,0.8103427362173825,0.8220941168008058,0.012987012987012988,0.6238450890916148,1
MSME_02616,Thika,Digital Commerce,37,1,59739.3,68288.06,371379.22,221156.27,0.0,37447.02,1.1430819731404094,0.5954982470525759,0.02631578947368421,0.6268301297449125,1
MSME_02617,Kakamega,Digital Commerce,49,2,26729.63,26402.5,1649711.9,446359.98,0.0,17317.23,0.9877245691553098,0.2705682788805252,0.02,0.6478421945161786,1
MSME_02618,Thika,Retail,113,15,242447.81,184273.36,1358135.15,1147218.79,14801.78,157887.05,0.7600505855235997,0.8447008718529435,0.008771929824561403,0.6512180859951426,1
MSME_02619,Nairobi,Transport,44,5,176288.04,111373.75,1100613.92,574835.1,11626.64,137340.75,0.6317678625965629,0.5222853966035641,0.022222222222222223,0.7790657320500468,0
MSME_02620,Kisumu,Agriculture,56,2,163161.86,101910.42,161240.18,108991.34,28680.31,127748.04,0.6245932438301217,0.6759522598383366,0.017543859649122806,0.78294803118798,0
MSME_02621,Nairobi,Services,28,25,46731.43,33305.59,3028017.94,2459975.95,9189.1,34361.69,0.712686885745081,0.8124044131639415,0.034482758620689655,0.7352857533836782,1
MSME_02622,Nairobi,Manufacturing,111,1,289280.07,210625.45,255020.48,227443.98,164288.31,256401.57,0.7280996644543661,0.8918620502084765,0.008928571428571428,0.8863406444120246,1
MSME_02623,Nairobi,Food Services,79,25,70726.4,58580.91,3850325.11,1943841.1,35923.03,62278.3,0.8282633038963684,0.5048510293586536,0.0125,0.8805399321903535,0
MSME_02624,Kisumu,Construction,6,1,163090.49,117125.93,334605.25,249766.15,0.0,97486.99,0.7181608923923621,0.7464479518837439,0.14285714285714285,0.5977441864072737,1
MSME_02625,Mombasa,Transport,108,2,84156.37,79696.14,2513026.09,1390943.99,47274.88,62666.01,0.9469894318227864,0.5534934324961853,0.009174311926605505,0.7446289017824583,1
MSME_02626,Nakuru,Construction,61,15,189924.44,136022.0,824127.08,403132.6,12360.26,161953.64,0.7161863097434445,0.48916255832467204,0.016129032258064516,0.8527222050926933,0
MSME_02627,Nyeri,Transport,20,1,40330.75,28365.91,97846.77,51875.42,127252.73,35898.14,0.703314634252171,0.530164560725298,0.047619047619047616,0.8900714697477793,0
MSME_02628,Mombasa,Transport,114,2,219625.33,188697.77,476109.34,232065.31,17398.96,135033.03,0.8591764475598167,0.4874191768235909,0.008695652173913044,0.6148307900969797,1
MSME_02629,Mombasa,Transport,78,2,257194.85,280025.45,5625452.1,2457324.02,193306.43,185783.43,1.0887634851028896,0.436822417024506,0.012658227848101266,0.7223422539671616,1
MSME_02630,Nyeri,Food Services,2,25,149638.57,128325.25,1959389.58,1330379.58,0.0,110173.23,0.8575622744705829,0.6789762049381701,0.3333333333333333,0.7362573281920015,1
MSME_02631,Meru,Transport,73,10,689620.5,570741.52,432737.72,129709.09,0.0,561928.47,0.8276156123322721,0.29973996780320467,0.013513513513513514,0.8148360658709161,0
MSME_02632,Kisumu,Construction,37,5,163924.35,150474.72,3486429.13,2067819.15,40821.01,106324.06,0.9179466141142905,0.5931050022218572,0.02631578947368421,0.6486126764408311,1
MSME_02633,Kakamega,Retail,20,3,333952.4,247614.86,1023006.16,685790.74,0.0,211075.72,0.7414653062373372,0.6703674879460276,0.047619047619047616,0.632051417952325,1
MSME_02634,Machakos,Retail,26,10,146154.1,116103.37,5237626.29,4261713.35,0.0,119483.73,0.7943846639631459,0.8136725112412494,0.037037037037037035,0.8175132444916393,1
MSME_02635,Thika,Manufacturing,29,2,305406.47,219162.55,663269.41,242426.11,0.0,207585.07,0.7176070382299424,0.3655011686711608,0.03333333333333333,0.679698731664946,0
MSME_02636,Thika,Food Services,1,2,28758.7,26299.7,513898.35,405198.2,0.0,14431.43,0.9144636418321471,0.7884777437449572,0.5,0.5017934818513405,1
MSME_02637,Kisumu,Construction,119,5,137715.44,135451.83,2387608.2,2044348.78,91771.8,126977.9,0.9835559937506371,0.856232577760213,0.008333333333333333,0.9220242695788534,1
MSME_02638,Kakamega,Services,35,2,43177.06,41904.82,986974.43,610881.41,32515.94,24496.09,0.9705118757072458,0.6189428747988185,0.027777777777777776,0.567327249070477,1
MSME_02639,Meru,Digital Commerce,70,1,153342.18,113496.18,1424060.54,1021259.9,177199.11,86927.44,0.7401449480831166,0.717145903680539,0.014084507042253521,0.5668816832936424,1
MSME_02640,Meru,Manufacturing,101,1,195671.54,201308.15,259079.66,109996.3,120756.68,169894.67,1.0288012308727632,0.4245639176617815,0.00980392156862745,0.868260155461773,1
MSME_02641,Nakuru,Retail,117,1,298790.4,221336.31,2974079.46,2562789.06,0.0,194505.46,0.7407720235589109,0.861708045383547,0.00847457627118644,0.6509740909544249,1
MSME_02642,Kakamega,Transport,59,10,217490.39,148474.46,2370816.53,1509473.19,0.0,140863.93,0.6826682196476834,0.6366888935564772,0.016666666666666666,0.6476758919054221,0
MSME_02643,Thika,Transport,69,2,95144.02,75391.63,3692677.86,1285515.13,23762.67,74219.75,0.7923865064088483,0.34812535255232024,0.014285714285714285,0.7800697293457923,0
MSME_02644,Eldoret,Agriculture,33,5,62718.05,58249.97,142667.93,60406.9,20897.62,33025.28,0.9287444564291072,0.42340613334662286,0.029411764705882353,0.5265589960307115,1
MSME_02645,Nakuru,Food Services,113,2,12803.53,8682.09,180725.39,107387.82,0.0,7767.04,0.6780483157132671,0.594201101455078,0.008771929824561403,0.6065853256620899,0
MSME_02646,Mombasa,Agriculture,51,1,142750.35,136533.27,297674.69,85524.36,92693.28,74797.19,0.9564411825177134,0.2873071697591429,0.019230769230769232,0.5239683547651213,1
MSME_02647,Nakuru,Food Services,78,2,415759.28,446811.26,547319.38,384837.51,0.0,262418.67,1.0746848159713573,0.7031302397327138,0.012658227848101266,0.6311778267996163,1
MSME_02648,Nyeri,Food Services,12,5,148507.9,113048.26,147334.61,41217.33,0.0,132390.13,0.7612221220411706,0.27975131063020003,0.07692307692307693,0.8914625992112258,0
MSME_02649,Kisumu,Transport,106,3,122424.32,103768.52,1567100.92,898624.81,0.0,111308.15,0.8476066878975689,0.5734309929248252,0.009345794392523364,0.9091922324564885,0
MSME_02650,Kisumu,Transport,20,25,153746.02,111553.61,431085.07,283483.79,15406.97,98281.61,0.7255659979621069,0.6576036892122261,0.047619047619047616,0.6392423736082821,1
MSME_02651,Kisumu,Manufacturing,53,3,90426.32,72222.95,3292523.62,2593844.56,82446.15,52846.41,0.7986850655310805,0.7877980757513667,0.018518518518518517,0.5844075662089732,1
MSME_02652,Meru,Retail,114,3,161937.85,99119.54,9053831.31,6221071.58,0.0,90826.76,0.6120800536745814,0.6871202565933099,0.008695652173913044,0.5608707237330633,0
MSME_02653,Nairobi,Retail,88,3,88879.46,99951.46,357588.51,264279.39,52561.0,60214.82,1.12456056145524,0.7390580053648665,0.011235955056179775,0.6774809671327083,1
MSME_02654,Eldoret,Transport,43,25,54237.0,44948.35,290467.36,241188.25,227201.64,47288.31,0.8287243261182197,0.8303425887762784,0.022727272727272728,0.8718667723736125,1
MSME_02655,Meru,Retail,98,5,123587.09,127774.04,1788229.65,1033985.23,3756.54,109213.73,1.0338701730886852,0.5782169263232346,0.010101010101010102,0.8836913815886304,1
MSME_02656,Nyeri,Food Services,89,1,120921.52,82039.68,819434.89,636720.58,0.0,62959.92,0.6784483154998754,0.7770230566786621,0.011111111111111112,0.5206633139964334,1
MSME_02657,Nairobi,Retail,50,2,869062.29,909730.3,1136663.37,324514.87,0.0,516355.95,1.0467940718103512,0.2854975299348918,0.0196078431372549,0.5941522970093467,0
MSME_02658,Nakuru,Construction,29,3,59534.43,63885.27,3595787.23,2703264.43,0.0,35210.25,1.073063048339451,0.7517863280841764,0.03333333333333333,0.5914167412581046,1
MSME_02659,Thika,Services,57,5,113613.58,112876.5,526487.88,146021.09,13821.04,99161.2,0.9935036506758199,0.277348858726133,0.017241379310344827,0.8727858695600511,1
MSME_02660,Eldoret,Manufacturing,39,1,103087.63,113062.86,203029.67,172108.94,93695.85,72710.96,1.0967539291190502,0.8476992170690271,0.025,0.7053247288279998,1
MSME_02661,Mombasa,Retail,95,10,85162.56,58928.95,166613.71,60643.84,0.0,56699.35,0.6919502895369803,0.36397650603599163,0.010416666666666666,0.6657700781883708,0
MSME_02662,Nairobi,Retail,56,25,222594.11,191890.59,589606.14,140014.01,20861.0,207117.73,0.8620611207496877,0.2374700041793931,0.017543859649122806,0.9304684635704712,0
MSME_02663,Nakuru,Digital Commerce,111,1,1249136.43,1175512.63,478190.52,104501.37,5508.55,1144722.09,0.9410594877458759,0.21853455285028892,0.008928571428571428,0.9164100462508759,0
MSME_02664,Kakamega,Manufacturing,43,15,96681.06,89710.95,2059265.13,514441.03,83742.08,67488.02,0.927896550818218,0.24981765227207425,0.022727272727272728,0.6980407740588068,0
MSME_02665,Eldoret,Manufacturing,50,1,223215.84,239638.39,3878572.62,1776511.33,9857.02,124498.48,1.073567702150071,0.45803212831628554,0.0196078431372549,0.5577468079917268,1
MSME_02666,Nakuru,Transport,23,1,19685.31,14146.46,3860302.9,1998554.14,474785.85,11357.47,0.7185937842084168,0.5177193795545475,0.041666666666666664,0.5769222368234574,0
MSME_02667,Kisumu,Manufacturing,44,1,89901.55,62625.79,314488.3,261348.79,4277.16,49485.21,0.6965963701808235,0.8310260158294734,0.022222222222222223,0.5504316618382904,1
MSME_02668,Kakamega,Construction,38,1,631113.59,466619.03,278203.83,112620.2,0.0,508820.66,0.739357063508863,0.4048103693958153,0.02564102564102564,0.8062254748380956,0
MSME_02669,Machakos,Transport,84,10,126123.85,137519.46,82775.06,22679.19,0.0,94543.6,1.090343893372321,0.2739824775424199,0.011764705882352941,0.7496032700930864,1
MSME_02670,Thika,Food Services,23,1,220210.68,246099.73,732070.54,508830.67,10716.73,165265.92,1.1175598406042768,0.6950559367462912,0.041666666666666664,0.7504866226895868,1
MSME_02671,Kisumu,Agriculture,45,1,71485.43,65287.4,2108879.84,438063.96,15499.5,38907.38,0.9132838218386343,0.20772342926687126,0.021739130434782608,0.5442624565249656,0
MSME_02672,Thika,Services,52,1,172397.34,150977.76,312384.41,254226.77,100735.5,147739.99,0.875749499676157,0.8138240835255398,0.018867924528301886,0.8569687503951604,1
MSME_02673,Kakamega,Retail,80,1,681994.07,636274.61,123478.32,52789.42,11604.47,505362.93,0.9329607177365666,0.42751628369835526,0.012345679012345678,0.7410067201805433,1
MSME_02674,Machakos,Manufacturing,50,1,41769.31,39220.1,7011025.34,4144029.09,363945.54,22594.53,0.9389468261068687,0.5910731024296794,0.0196078431372549,0.5409232059805158,1
MSME_02675,Nyeri,Services,106,3,1186528.65,823056.47,312954.08,77909.13,38822.82,992185.76,0.6936670061300196,0.2489466858949853,0.009345794392523364,0.8362081470109071,0
MSME_02676,Nairobi,Retail,119,1,28397.48,27759.27,637410.38,137950.47,21951.58,26738.62,0.9774914009482198,0.21642297945794442,0.008333333333333333,0.9415510971009716,0
MSME_02677,Thika,Food Services,8,10,82001.94,69602.68,416767.82,308021.22,0.0,57280.92,0.8487827387652198,0.7390697317520057,0.1111111111111111,0.6985227602815216,1
MSME_02678,Nairobi,Agriculture,114,10,57761.79,51093.77,147252.99,65345.26,10195.5,31887.08,0.8845447042983899,0.44375884144124045,0.008695652173913044,0.5520349692249976,0
MSME_02679,Nakuru,Manufacturing,85,1,101472.09,62575.21,2152751.18,1914644.52,289442.78,55366.18,0.616668024990665,0.8893938363123617,0.011627906976744186,0.5456242635362736,1
MSME_02680,Kakamega,Digital Commerce,1,15,57016.57,58185.76,89433.15,46455.01,11171.77,29172.29,1.0204882459915428,0.5194325657480952,0.5,0.5116368515880281,0
MSME_02681,Kisumu,Transport,119,1,52853.56,55997.57,2811487.46,2183182.79,164618.47,44750.01,1.0594652571131045,0.7765220526638762,0.008333333333333333,0.846663182892829,1
MSME_02682,Nyeri,Transport,8,1,40670.3,38257.81,1006167.74,889423.05,340200.85,33036.5,0.9406586462689905,0.8839700684797662,0.1111111111111111,0.8122804041178914,1
MSME_02683,Mombasa,Manufacturing,29,1,253737.01,256730.6,528382.54,171682.12,0.0,193577.91,1.0117940154098315,0.32491950827991345,0.03333333333333333,0.762904659022115,0
MSME_02684,Nakuru,Manufacturing,96,2,105034.27,93216.69,539089.24,399306.29,0.0,88704.93,0.8874798912784249,0.7407039867759431,0.010309278350515464,0.8445251771143159,1
MSME_02685,Eldoret,Food Services,102,2,80861.22,76017.18,1258118.87,147960.98,25794.19,76792.6,0.9400827728944369,0.11760483522130526,0.009708737864077669,0.9496721707615745,0
MSME_02686,Mombasa,Agriculture,5,5,176708.53,144373.42,337261.65,217130.16,14210.25,120308.75,0.8170098126569632,0.6438013815048894,0.16666666666666666,0.6808277403035365,1
MSME_02687,Meru,Manufacturing,111,2,29892.55,30954.66,901760.33,627770.26,40205.37,24440.59,1.0354962859881145,0.6961601025850155,0.008928571428571428,0.8175874059788818,1
MSME_02688,Mombasa,Transport,86,5,181021.76,155235.03,251250.27,121075.24,107806.31,121234.39,0.8575442668093227,0.4818890666701904,0.011494252873563218,0.669719045273644,1
MSME_02689,Thika,Services,47,1,121325.29,118185.04,55203.19,12679.3,0.0,79883.73,0.9741090739690466,0.22968002972238155,0.020833333333333332,0.6584206110645928,0
MSME_02690,Machakos,Agriculture,34,5,125111.69,117828.46,1529403.0,907511.71,0.0,110462.87,0.9417786477135134,0.5933760536784264,0.02857142857142857,0.8829070016798455,1
MSME_02691,Nyeri,Manufacturing,65,1,223947.46,220873.33,13586667.44,11114205.47,15060.02,169896.27,0.9862685816191815,0.8180228669803324,0.015151515151515152,0.758640046017731,1
MSME_02692,Thika,Agriculture,55,1,689363.51,711332.65,1438724.09,1215801.5,9964.87,382097.63,1.0318672337802828,0.845054769983889,0.017857142857142856,0.5542751685896914,1
MSME_02693,Machakos,Food Services,119,1,184052.21,162332.65,689066.72,480198.13,302975.0,125446.71,0.881987605649475,0.696880895828352,0.008333333333333333,0.6815784956969781,1
MSME_02694,Eldoret,Construction,90,1,109111.49,114260.05,453193.09,140929.73,7317.5,93666.7,1.0471766339490556,0.3109699201946786,0.01098901098901099,0.8584415954580451,1
MSME_02695,Kakamega,Digital Commerce,43,2,40837.48,35671.19,470563.31,374691.47,30265.32,37692.96,0.873470070384598,0.7962598565964342,0.022727272727272728,0.9229765652394506,1
MSME_02696,Meru,Manufacturing,74,10,12199.89,13738.89,453149.36,367530.62,89569.56,9473.13,1.1260563778544024,0.8110566656065329,0.013333333333333334,0.7764294244108422,1
MSME_02697,Mombasa,Manufacturing,30,1,151430.82,153546.23,926147.78,364711.22,0.0,102578.66,1.013962785364397,0.39379333847419196,0.03225806451612903,0.6773917133136219,0
MSME_02698,Thika,Digital Commerce,114,5,37811.43,26245.97,41620.37,10254.65,0.0,23193.23,0.6941095824838552,0.24637944402118428,0.008695652173913044,0.6133758131915881,0
MSME_02699,Kakamega,Agriculture,82,3,10506.37,11097.58,33783.91,27017.92,0.0,7248.46,1.0561710494633765,0.7997037730750206,0.012048192771084338,0.6898453180957747,1
MSME_02700,Nyeri,Manufacturing,17,10,93819.65,84754.16,1253479.83,1012909.29,0.0,70791.1,0.9033635985254846,0.8080772084883021,0.05555555555555555,0.7545364479994544,1
MSME_02701,Meru,Services,26,1,169309.17,193258.55,574376.38,103804.1,0.0,84991.09,1.1414467896405749,0.18072456126318903,0.037037037037037035,0.5019845529657196,1
MSME_02702,Eldoret,Agriculture,8,2,280492.94,279188.78,223482.54,195231.54,188482.39,174159.47,0.9953469226465286,0.8735835310287281,0.1111111111111111,0.6209027902706205,1
MSME_02703,Thika,Construction,47,15,385097.07,248932.49,216232.06,113838.49,0.0,308918.0,0.6464132370229744,0.5264620035437689,0.020833333333333332,0.8021800784407982,0
MSME_02704,Meru,Agriculture,104,3,319883.51,261417.84,373528.22,334301.84,0.0,256851.53,0.8172256918598527,0.8949817634079605,0.009523809523809525,0.8029508212198209,1
MSME_02705,Kakamega,Manufacturing,113,2,328592.95,290640.95,441522.4,201337.13,31596.44,260854.51,0.8844987864201395,0.45600557071267345,0.008771929824561403,0.7938506171522635,1
MSME_02706,Thika,Transport,76,1,30697.3,32583.88,4024913.94,2119627.03,0.0,28470.95,1.061422945244525,0.5266265403362784,0.012987012987012988,0.9274438649697215,1
MSME_02707,Nairobi,Digital Commerce,91,1,114737.75,114868.56,201982.19,63193.41,0.0,86724.02,1.0011313527470014,0.31286469928512367,0.010869565217391304,0.7558389820352758,0
MSME_02708,Nakuru,Food Services,72,3,237954.69,191112.84,1824360.16,1494439.14,3480.26,147859.72,0.8031446526872292,0.819157507168153,0.0136986301369863,0.6213750131379502,1
MSME_02709,Nakuru,Agriculture,89,5,139577.41,133908.89,1481133.61,673870.9,0.0,120765.96,0.9593811105886649,0.45496938323519426,0.011111111111111112,0.8652194848759203,1
MSME_02710,Kisumu,Transport,46,1,114102.3,104666.15,567322.25,426451.17,0.0,77044.13,0.9172929266725852,0.7516899228085575,0.02127659574468085,0.6752138632274439,1
MSME_02711,Machakos,Agriculture,68,3,137048.48,91730.51,1826627.72,299178.64,0.0,83281.72,0.6693240280809528,0.16378732947985183,0.014492753623188406,0.607676293262842,0
MSME_02712,Thika,Services,33,3,170336.98,124205.0,1239235.96,905382.45,2181.59,127844.22,0.7291679753393812,0.7305967133194607,0.029411764705882353,0.750532676271023,0
MSME_02713,Nyeri,Transport,1,2,123390.12,97184.19,161552.92,79515.46,52769.92,77743.86,0.7876108912861801,0.4921914615256628,0.5,0.6300604127752467,0
MSME_02714,Meru,Manufacturing,19,3,57166.35,40446.1,357897.43,37338.12,0.0,38774.34,0.7075034963138924,0.10432602344749041,0.05,0.6782602307086125,0
MSME_02715,Machakos,Food Services,31,10,24274.36,16569.04,1161621.34,326427.62,34647.03,19708.86,0.682545593556594,0.2810101086726689,0.03125,0.8118874447176067,0
MSME_02716,Kisumu,Digital Commerce,80,2,108659.33,68673.65,355900.99,90749.12,0.0,103028.24,0.6320029582093115,0.25498345766484753,0.012345679012345678,0.9481679284426985,0
MSME_02717,Nakuru,Transport,14,15,141136.5,152456.55,1517987.87,1064734.4,4242.23,111516.07,1.0801987423611725,0.701411203364093,0.06666666666666667,0.7901236028695422,1
MSME_02718,Nairobi,Retail,53,1,139606.02,105949.64,2943267.07,1417953.5,34210.13,87172.23,0.7589134128068918,0.48176158823344967,0.018518518518518517,0.6244115088195422,1
MSME_02719,Nakuru,Agriculture,48,1,345559.83,262513.62,706042.39,160818.61,0.0,186847.48,0.759674121630047,0.22777440066395918,0.02040816326530612,0.5407079268793283,0
MSME_02720,Meru,Transport,69,1,412753.69,294469.0,352551.9,107684.29,40677.29,273608.41,0.7134237529802508,0.3054415096287677,0.014285714285714285,0.6628838305871217,0
MSME_02721,Eldoret,Food Services,105,1,120087.65,103451.73,307568.45,154787.34,246586.93,61087.36,0.8614613454310628,0.5032598003475313,0.009433962264150943,0.5086855418892626,1
MSME_02722,Kisumu,Services,90,1,120950.32,106778.94,471092.97,54510.43,85109.52,85770.67,0.8828257517156489,0.11571031146928075,0.01098901098901099,0.7091338068902431,0
MSME_02723,Mombasa,Food Services,62,1,236364.08,168895.08,433189.14,190300.19,386604.19,188380.45,0.7145517434301208,0.4392994494288351,0.015873015873015872,0.7969893437727773,0
MSME_02724,Thika,Services,92,10,204137.36,190809.98,2057151.65,1321615.27,25122.88,149083.19,0.9347090865234737,0.6424488090370931,0.010752688172043012,0.7303046326031032,0
MSME_02725,Nakuru,Food Services,66,1,85600.11,85398.95,360856.04,185553.5,15275.41,76130.77,0.9976383483812301,0.5142022447448995,0.014925373134328358,0.8893666215309591,1
MSME_02726,Thika,Digital Commerce,114,5,257561.51,207494.66,590715.88,341717.11,62969.21,186042.48,0.8056089374187261,0.5784786613851292,0.008695652173913044,0.722319719589625,0
MSME_02727,Kisumu,Construction,64,1,115107.94,106129.34,1859187.81,671714.32,337746.0,81504.6,0.9219904205529127,0.36129430017384834,0.015384615384615385,0.7080648992163424,0
MSME_02728,Kisumu,Transport,70,25,117581.77,103032.91,490909.75,120989.9,9483.25,75176.46,0.8762585708773488,0.2464600744636372,0.014084507042253521,0.6393492856138702,0
MSME_02729,Nairobi,Transport,63,5,205584.78,145461.84,428030.08,320077.91,194889.9,180282.67,0.7075481582432404,0.7477912818854181,0.015625,0.8769218863289087,0
MSME_02730,Meru,Manufacturing,73,1,98600.67,98749.17,2075270.82,1711077.18,64223.32,89393.28,1.0014959178683283,0.8245074999380081,0.013513513513513514,0.9066102024438328,1
MSME_02731,Nyeri,Digital Commerce,33,5,146484.15,152460.58,2934379.58,1492403.32,21386.31,137704.39,1.040792052982845,0.5085922835544393,0.029411764705882353,0.9400569955384558,1
MSME_02732,Meru,Retail,41,2,179430.69,171685.78,763786.18,262767.63,0.0,168941.9,0.9568308697309823,0.3440325222531229,0.023809523809523808,0.9415388106749705,0
MSME_02733,Nairobi,Construction,89,5,301697.02,234763.37,5351251.7,2723593.74,0.0,283954.41,0.7781402410264409,0.508963768427531,0.011111111111111112,0.9411875159140917,0
MSME_02734,Machakos,Transport,48,2,281571.19,312469.65,889934.49,714785.07,80910.16,230995.8,1.1097319305574886,0.8031875096924159,0.02040816326530612,0.8203786034409151,1
MSME_02735,Mombasa,Construction,13,3,174040.7,148012.41,2087755.82,1363565.68,29066.41,131086.38,0.8504422216055118,0.6531247638314504,0.07142857142857142,0.7531894942418972,1
MSME_02736,Kisumu,Manufacturing,73,5,9810.72,7321.08,7617884.55,5994459.03,138822.68,5666.23,0.7461566371645338,0.7868927658016601,0.013513513513513514,0.5774960965049961,1
MSME_02737,Nairobi,Digital Commerce,117,2,169965.51,140141.5,343038.55,124421.3,54279.65,143651.18,0.8245241959724889,0.36270249305072844,0.00847457627118644,0.8451734403442183,0
MSME_02738,Nyeri,Agriculture,77,1,198369.34,194529.17,390197.85,261269.97,135468.92,164784.63,0.980636369328197,0.6695815992281884,0.01282051282051282,0.8306918766182485,1
MSME_02739,Eldoret,Retail,31,10,243027.25,258887.81,1903681.65,1184926.04,0.0,213640.63,1.0652580924234116,0.6224388502989193,0.03125,0.8790773500611555,1
MSME_02740,Kisumu,Construction,105,2,51224.59,40780.74,601569.69,335250.68,0.0,36272.29,0.7961009331468901,0.5572922444077187,0.009433962264150943,0.708089257732317,0
MSME_02741,Nakuru,Food Services,75,2,15961.33,11618.95,235833.64,123241.92,32956.37,14390.57,0.7278981201365966,0.5225776840925489,0.013157894736842105,0.9015331721622094,0
MSME_02742,Kakamega,Retail,68,1,298393.99,281854.38,479735.24,259432.33,45232.06,245698.64,0.9445680706636529,0.5407811800917938,0.014492753623188406,0.8234006877930491,1
MSME_02743,Thika,Services,98,2,39162.44,43339.83,133556.94,104139.27,55425.9,22596.98,1.1066400193649997,0.7797310290949382,0.010101010101010102,0.576991704508082,1
MSME_02744,Thika,Agriculture,102,50,452331.02,316998.71,751286.11,625667.77,82360.38,268280.51,0.7008097945398604,0.8327944958352873,0.009708737864077669,0.5931052813815834,0
MSME_02745,Mombasa,Digital Commerce,110,1,74708.42,77820.82,887097.68,168804.37,37042.37,64728.83,1.0416466892662266,0.19028815373730462,0.009009009009009009,0.8664078773466586,1
MSME_02746,Nyeri,Digital Commerce,4,2,47706.7,41129.57,2681603.92,1488336.47,82090.69,32992.14,0.8621159687010692,0.5550170567258655,0.2,0.6915474860452296,1
MSME_02747,Mombasa,Transport,102,3,189022.62,196532.84,3007435.48,2510386.81,520528.25,115692.4,1.0397263580075338,0.8347264611221316,0.009708737864077669,0.6120526101447005,1
MSME_02748,Meru,Transport,19,10,246761.14,216668.03,498479.24,103579.99,0.0,170304.53,0.8780440548943205,0.2077915666225807,0.05,0.6901566423439187,0
MSME_02749,Mombasa,Construction,70,2,232484.31,187738.12,9148603.15,3936529.57,0.0,133125.16,0.8075268067474887,0.4302874521027341,0.014084507042253521,0.5726175129086651,0
MSME_02750,Eldoret,Manufacturing,98,2,220050.07,216354.89,201061.11,34434.56,16043.45,198327.06,0.9832030809938802,0.17126329769442886,0.010101010101010102,0.9012774171014029,0
MSME_02751,Machakos,Transport,82,25,65657.67,71917.8,135934.12,25933.66,0.0,34942.54,1.0953283092697432,0.19077968960486444,0.012048192771084338,0.5321847061477182,1
MSME_02752,Machakos,Transport,13,3,28943.19,22463.92,164294.8,135262.04,203347.18,19072.37,0.7761115443202936,0.8232836140668235,0.07142857142857142,0.658936042086512,1
MSME_02753,Nakuru,Retail,105,1,90249.7,77020.13,178878.62,81737.45,0.0,67743.04,0.8534020234746102,0.4569410981530484,0.009433962264150943,0.7506095797594922,0
MSME_02754,Nyeri,Agriculture,23,1,42374.08,30770.8,1811547.62,1179302.51,35230.18,37846.01,0.7261532013626877,0.6509913656085035,0.041666666666666664,0.8931194938157049,0
MSME_02755,Machakos,Food Services,83,2,205365.93,143935.89,5490845.98,1159290.76,13901.4,174909.55,0.700871800537701,0.21113150015336976,0.011904761904761904,0.8516928699279869,0
MSME_02756,Machakos,Food Services,109,1,319415.43,328307.82,5768303.76,678110.17,0.0,162930.81,1.0278363576976928,0.11755796515855381,0.00909090909090909,0.510089008257966,0
MSME_02757,Eldoret,Manufacturing,75,1,158371.16,112501.37,75999.5,61741.02,35102.69,137998.56,0.7103607730045483,0.8123764975230425,0.013157894736842105,0.8713561777524534,1
MSME_02758,Kakamega,Digital Commerce,1,10,133126.51,137962.33,2039440.82,1141345.55,9693.54,104791.07,1.036317211972191,0.5596362390960483,0.5,0.7871481258832228,1
MSME_02759,Mombasa,Digital Commerce,88,1,97691.26,81676.67,4558389.91,528728.58,12814.18,54707.77,0.836060809730474,0.11599017952587132,0.011235955056179775,0.560001068661939,0
MSME_02760,Mombasa,Agriculture,54,5,355169.09,407477.26,2415756.71,2159376.28,0.0,276273.57,1.147273578132663,0.8938712152552748,0.01818181818181818,0.7778627136085698,1
MSME_02761,Eldoret,Retail,71,1,21365.47,15138.24,341108.79,168423.8,28083.61,18546.35,0.708504493255086,0.49375246603153783,0.013888888888888888,0.8680118896570186,0
MSME_02762,Nakuru,Digital Commerce,89,5,39888.72,25973.06,892767.17,429154.26,32924.66,30752.22,0.6511216423680086,0.4807006728297672,0.011111111111111112,0.7709309566474771,0
MSME_02763,Nakuru,Services,85,5,827970.91,531133.56,232857.86,138953.58,215623.08,786254.45,0.6414874147119315,0.5967287652271422,0.011627906976744186,0.9496148848817829,0
MSME_02764,Kisumu,Food Services,15,1,37988.57,40248.13,1788542.47,190164.32,167412.79,27661.44,1.0594521075126673,0.10632356618092151,0.0625,0.7281324847846395,0
MSME_02765,Meru,Services,65,2,226621.57,190538.2,125956.47,69944.98,12657.63,181956.49,0.8407732733769633,0.5553063268101526,0.015151515151515152,0.8029054211149401,1
MSME_02766,Machakos,Services,76,1,278393.29,167514.36,1660215.09,1002084.45,0.0,148012.83,0.6017162205446096,0.6035867596006733,0.012987012987012988,0.531666184676417,0
MSME_02767,Nakuru,Services,71,10,19413.98,20988.92,311112.73,105020.1,0.0,16811.33,1.081068329712418,0.3375617655961375,0.013888888888888888,0.8658947884571605,1
MSME_02768,Nyeri,Digital Commerce,15,10,23522.25,25458.29,1127874.77,768626.27,24525.26,18367.26,1.0822607420318195,0.6814813212983554,0.0625,0.7808130254110295,1
MSME_02769,Machakos,Manufacturing,21,2,471990.6,492535.96,538107.3,216289.78,98594.2,355200.9,1.0435269610730362,0.40194470146622896,0.045454545454545456,0.752557672636547,0
MSME_02770,Thika,Services,19,2,50365.23,37097.78,473351.61,319142.42,0.0,41247.31,0.7365605883148292,0.6742170915673201,0.05,0.8189477354171634,1
MSME_02771,Mombasa,Transport,60,2,51759.76,41667.33,2271901.28,488595.41,25147.97,38935.21,0.8049984196522617,0.2150600465086905,0.01639344262295082,0.7522148051921957,0
MSME_02772,Machakos,Transport,93,5,79151.88,79920.4,4555188.87,3785171.78,36535.01,66875.67,1.009696678124662,0.8309580693724189,0.010638297872340425,0.844892441058367,1
MSME_02773,Kisumu,Digital Commerce,89,2,50489.36,43882.54,258343.01,207595.63,0.0,38502.28,0.869127096736882,0.8035627766248576,0.011111111111111112,0.762566953374862,1
MSME_02774,Nakuru,Construction,33,1,225543.35,154408.02,912522.5,201212.29,0.0,165554.28,0.6846015872266363,0.22050094052372352,0.029411764705882353,0.7340209586274273,0
MSME_02775,Nakuru,Retail,49,2,40862.27,29974.07,198046.57,168490.72,15738.52,22913.88,0.733521081401464,0.850758835364655,0.02,0.5607451386049135,1
MSME_02776,Nyeri,Food Services,96,1,18661.9,21179.84,419742.81,229273.69,0.0,13293.32,1.1348632849128484,0.5462229210717843,0.010309278350515464,0.712285871970594,1
MSME_02777,Machakos,Construction,113,5,423520.21,289288.53,304918.54,201648.65,0.0,314339.07,0.6830555900612393,0.6613175724979777,0.008771929824561403,0.7422038438169366,0
MSME_02778,Meru,Construction,35,1,42919.83,42891.69,160976.27,124311.52,0.0,33522.89,0.999321075570999,0.77223026580088,0.027777777777777776,0.7810401150210748,1
MSME_02779,Nairobi,Construction,44,3,62817.01,54205.43,2600200.17,433858.89,22766.2,44295.51,0.8628963254327859,0.16685589369225615,0.022222222222222223,0.7051402933649124,0
MSME_02780,Nairobi,Transport,102,1,305546.71,309131.05,825828.44,194422.71,135367.61,172936.24,1.0117275956674654,0.23542719668603726,0.009708737864077669,0.5659876815964354,0
MSME_02781,Nyeri,Manufacturing,90,1,142949.1,137747.51,378514.93,125785.33,0.0,81146.94,0.9636055518673999,0.3323118527666722,0.01098901098901099,0.5676592041558558,1
MSME_02782,Nakuru,Digital Commerce,11,3,405283.16,341062.78,680214.99,327702.81,0.0,334133.47,0.8415398716791697,0.48176287358372744,0.08333333333333333,0.8244424603221601,1
MSME_02783,Kakamega,Manufacturing,99,50,310252.61,246542.53,3065091.54,1155060.15,1852.1,247473.39,0.7946483845909158,0.37684348349234503,0.01,0.7976487042326438,0
MSME_02784,Machakos,Food Services,72,5,84674.46,85935.91,2503458.55,1263438.2,0.0,52225.06,1.0148856587256803,0.5046768980149889,0.0136986301369863,0.616767360933144,1
MSME_02785,Eldoret,Services,110,1,370244.87,287949.68,1425410.21,354547.44,16412.13,259406.85,0.7777255692278215,0.2487334444353079,0.009009009009009009,0.7006340138243811,0
MSME_02786,Nairobi,Construction,78,1,157593.33,162837.14,326685.59,210948.5,70781.25,100565.18,1.033267757793063,0.6457213318734631,0.012658227848101266,0.6381268920017618,1
MSME_02787,Mombasa,Retail,74,10,73248.43,71337.65,841720.81,121702.65,128352.74,42591.05,0.973900411238695,0.14458773499049524,0.013333333333333334,0.5814523061817684,1
MSME_02788,Kakamega,Manufacturing,66,2,178153.64,163494.81,196972.34,76653.68,0.0,115225.07,0.9177128925746755,0.38915763930286196,0.014925373134328358,0.6467699634429953,1
MSME_02789,Kisumu,Agriculture,46,1,35973.49,28880.97,656886.86,159772.35,102901.25,22239.17,0.8028180524588396,0.24322621824674917,0.02127659574468085,0.6181927804952898,0
MSME_02790,Mombasa,Manufacturing,9,10,306768.2,218662.76,2358513.58,1613097.39,0.0,164762.88,0.7127924185348464,0.6839463294731889,0.1,0.5370906857663676,0
MSME_02791,Meru,Services,3,10,269444.79,266947.28,2945693.49,2376946.86,26505.76,195891.47,0.9907272256879577,0.8069223974411548,0.25,0.7270162580755113,1
MSME_02792,Nyeri,Services,85,50,150295.47,97728.44,337270.93,54984.93,68484.62,105642.36,0.6502377600751368,0.1630284797196138,0.011627906976744186,0.7028931551086995,0
MSME_02793,Mombasa,Retail,26,15,19569.49,22187.85,1981063.2,1442274.01,0.0,16077.78,1.1337401362970472,0.7280299194745935,0.037037037037037035,0.8215318063063316,1
MSME_02794,Nyeri,Services,72,10,422694.42,481157.86,1548268.26,1264281.54,0.0,329337.1,1.1383086667936928,0.8165773051646068,0.0136986301369863,0.7791357190480086,1
MSME_02795,Kakamega,Construction,48,1,206301.23,138556.54,546491.86,480462.62,22638.78,135028.32,0.671619206442897,0.879174560487396,0.02040816326530612,0.6545170161272614,1
MSME_02796,Nairobi,Manufacturing,66,1,130227.95,85581.18,1785735.0,1006277.75,0.0,94198.68,0.6571594104075936,0.5635086877343571,0.014925373134328358,0.7233313330100565,0
MSME_02797,Eldoret,Construction,70,3,111227.57,91984.56,3177276.28,1149899.21,35403.94,82446.03,0.8269868074362549,0.3619133958620067,0.014084507042253521,0.7412306927977227,0
MSME_02798,Eldoret,Transport,28,2,77907.75,88037.77,2024412.78,723887.25,2094.72,71121.74,1.1300113273541161,0.3575787011289757,0.034482758620689655,0.9128851380621561,0
MSME_02799,Meru,Retail,117,2,94421.99,77442.18,205989.17,83049.9,0.0,88923.09,0.8201623354651234,0.4031740932103701,0.00847457627118644,0.9417525329371585,0
MSME_02800,Nakuru,Transport,93,2,287568.59,230081.09,522416.32,308295.59,32034.62,249320.32,0.8000883890400232,0.5901327888592974,0.010638297872340425,0.8669912559252179,1
MSME_02801,Nakuru,Transport,26,2,79481.05,78445.55,1178251.82,579916.71,56585.23,59845.02,0.9869593197457791,0.49218359604689926,0.037037037037037035,0.7529375500506088,0
MSME_02802,Thika,Food Services,25,3,101285.43,70727.84,278119.25,173242.71,32260.61,92944.38,0.6982953195210849,0.6229057754694237,0.038461538461538464,0.9176390164013087,0
MSME_02803,Mombasa,Digital Commerce,12,1,117290.23,93812.0,4730503.05,621829.82,0.0,68046.01,0.7998210948934545,0.13145107020889243,0.07692307692307693,0.5801457619636182,0
MSME_02804,Kakamega,Construction,5,1,120547.93,91642.84,1062504.82,196250.21,307777.34,98056.49,0.7602128032160883,0.18470506825082614,0.16666666666666666,0.8134165106235286,0
MSME_02805,Thika,Construction,98,2,71839.38,66871.26,423250.17,372981.42,0.0,50805.56,0.9308311008377181,0.8812295072923247,0.010101010101010102,0.707200602223986,1
MSME_02806,Nyeri,Construction,48,5,112397.9,77499.94,392669.11,351952.62,8530.49,63520.21,0.6895079934056295,0.8963061130372261,0.02040816326530612,0.5651319541383413,1
MSME_02807,Nakuru,Construction,37,1,187834.01,169386.02,316727.48,220862.64,0.0,100274.15,0.9017808767385802,0.6973248506102137,0.02631578947368421,0.5338416411296275,1
MSME_02808,Kakamega,Digital Commerce,79,2,53916.69,57779.85,1701483.82,519152.86,53261.08,38622.35,1.0716306651861383,0.3051175384567933,0.0125,0.7163205619528581,0
MSME_02809,Meru,Retail,44,5,112919.38,99684.53,1962573.59,1693122.81,0.0,68602.6,0.8827859948753272,0.8627049481976632,0.022222222222222223,0.6075307220893164,1
MSME_02810,Eldoret,Transport,100,2,918947.44,896822.07,328849.09,89105.68,1360.58,563064.66,0.9759220767598235,0.2709613976386626,0.009900990099009901,0.6127271514819701,1
MSME_02811,Kisumu,Food Services,15,1,125098.37,80236.39,4252938.77,2913879.98,15325.11,80575.56,0.641381247563437,0.6851448968439072,0.0625,0.6440924522641481,0
MSME_02812,Meru,Food Services,43,2,52552.97,44509.9,458472.57,88121.48,87523.64,43264.96,0.8469369678446748,0.19220623775542828,0.022727272727272728,0.8232481770644539,1
MSME_02813,Nairobi,Transport,48,1,46750.87,30490.51,280325.35,173556.04,41546.63,26827.53,0.6521773353664784,0.619121391906255,0.02040816326530612,0.5738279559726701,0
MSME_02814,Machakos,Transport,87,15,37601.71,34958.46,1293274.0,915136.21,11880.49,30942.45,0.9296792704568367,0.7076114592797356,0.011363636363636364,0.8228781914920494,1
MSME_02815,Nairobi,Agriculture,70,1,678145.1,511714.66,172899.66,136195.16,18565.48,577928.46,0.754578784719104,0.7877075772874436,0.014084507042253521,0.8522182166940132,0
MSME_02816,Kakamega,Retail,46,3,365134.99,276770.94,141757.32,97450.35,27780.69,280246.96,0.7579941380196458,0.6874400740640831,0.02127659574468085,0.7675139336442842,1
MSME_02817,Machakos,Food Services,114,1,36694.23,23565.83,232375.01,194913.44,784555.0,22434.88,0.6422041774911889,0.8387846921031133,0.008695652173913044,0.6113840954260268,0
MSME_02818,Eldoret,Services,108,2,165000.91,127154.79,284273.21,146894.94,0.0,86326.77,0.7706261703273616,0.5167367803079991,0.009174311926605505,0.5231864891745799,1
MSME_02819,Nyeri,Retail,43,3,453538.78,398512.03,1792998.87,1151002.87,15248.26,310027.91,0.8786705104456328,0.6419425284174728,0.022727272727272728,0.6835737980910956,1
MSME_02820,Machakos,Construction,109,1,127967.54,117930.16,153971.19,60917.17,316068.36,112784.24,0.9215558761551863,0.3956374849250374,0.00909090909090909,0.8813434927053165,0
MSME_02821,Nairobi,Food Services,21,2,81502.26,51889.72,1135454.48,122982.85,72810.6,44487.33,0.636658214653009,0.10831146809912795,0.045454545454545456,0.5458349764168943,0
MSME_02822,Nairobi,Manufacturing,23,1,1252810.08,1200571.1,2002381.67,1412388.65,13816.14,1046314.21,0.9583017896042235,0.7053540120780211,0.041666666666666664,0.8351731771082356,1
MSME_02823,Nyeri,Manufacturing,107,2,19824.13,17224.82,4129333.04,3286488.75,37167.92,14086.04,0.8688376822749712,0.795888324404,0.009259259259259259,0.7105143825034187,1
MSME_02824,Nairobi,Food Services,119,3,1853489.75,1659428.27,404239.76,96669.73,28856.74,1676434.93,0.8952989217777321,0.23913899726489726,0.008333333333333333,0.9044743978355435,0
MSME_02825,Nakuru,Agriculture,80,2,141492.11,149704.05,444548.35,54640.59,0.0,93425.7,1.05803067018599,0.12291231558431026,0.012345679012345678,0.6602844477727573,0
MSME_02826,Thika,Services,47,15,484285.62,381725.81,8399966.7,1945444.69,0.0,395727.69,0.7882229122910726,0.23160144889604756,0.020833333333333332,0.8171352947971183,0
MSME_02827,Mombasa,Services,117,3,40110.24,27905.82,3699760.37,3019860.71,0.0,33413.98,0.6957107284641413,0.8162312127714334,0.00847457627118644,0.833032835683963,1
MSME_02828,Kakamega,Manufacturing,15,2,64499.69,58275.19,524637.71,176492.49,26672.75,38018.3,0.9034816526768938,0.3364076775806345,0.0625,0.5894247022783787,1
MSME_02829,Eldoret,Digital Commerce,25,1,45253.86,50673.56,2887792.35,828690.4,0.0,25847.47,1.1197374160476907,0.2869631928475769,0.038461538461538464,0.5711534628545973,1
MSME_02830,Kakamega,Construction,36,2,120447.45,106575.31,981627.05,109620.12,123087.82,65249.88,0.8848209337687617,0.11167174776637646,0.02702702702702703,0.541724530286608,0
MSME_02831,Kakamega,Construction,75,5,181266.96,191699.18,743835.22,251151.59,0.0,147861.64,1.0575458564216202,0.33764366838710813,0.013157894736842105,0.8157075304427767,1
MSME_02832,Kakamega,Digital Commerce,51,1,387240.8,393579.01,14359230.62,9656744.3,0.0,289140.2,1.0163649946880735,0.6725112147748753,0.019230769230769232,0.7466657783328143,0
MSME_02833,Thika,Retail,15,10,24065.74,21300.15,2649170.25,2297549.67,30268.09,12972.0,0.8850450871202331,0.8672711022362182,0.0625,0.5390011276973948,1
MSME_02834,Eldoret,Services,68,1,155886.57,149051.74,7019283.31,2458103.78,42524.07,99572.6,0.9561489732632306,0.3501929358379273,0.014492753623188406,0.6387462451303847,0
MSME_02835,Kakamega,Services,21,10,326083.53,268586.56,203895.69,59649.33,0.0,183929.34,0.8236715798814497,0.29254682849437136,0.045454545454545456,0.5640541733151216,1
MSME_02836,Machakos,Transport,13,1,393244.16,350713.14,6306784.12,5111366.09,33273.42,213022.9,0.8918435003751859,0.8104550880909036,0.07142857142857142,0.5417050778196482,1
MSME_02837,Nakuru,Retail,86,10,85774.82,75396.68,604632.17,472824.7,0.0,54419.58,0.8789969014577766,0.7820025818299052,0.011494252873563218,0.6344396357854696,1
MSME_02838,Machakos,Construction,19,2,86848.79,85981.23,595340.91,215827.95,43247.47,47187.83,0.9899992849723643,0.36252772797399735,0.05,0.5433269326270105,1
MSME_02839,Kisumu,Retail,34,1,121537.17,100327.69,1164494.44,180548.02,0.0,74998.61,0.825482973785108,0.15504399055439838,0.02857142857142857,0.6170786510937264,0
MSME_02840,Nyeri,Construction,78,1,160500.56,105107.31,1348958.42,1205417.85,7058.47,120170.56,0.654867840536877,0.8935908909698708,0.012658227848101266,0.7487189532612643,1
MSME_02841,Eldoret,Services,68,2,490214.25,506778.71,2587301.59,1667679.99,0.0,368840.58,1.033788136945964,0.6445631819199006,0.014492753623188406,0.7524053566265023,1
MSME_02842,Eldoret,Retail,112,50,39731.69,38804.72,2105759.94,1771500.87,108800.37,22869.6,0.9766446721830311,0.8412639993217844,0.008849557522123894,0.5755865006874691,1
MSME_02843,Thika,Construction,117,1,60702.87,68143.09,333076.3,124403.86,0.0,35569.22,1.1225493531137305,0.3734984641703292,0.00847457627118644,0.5859464973155748,1
MSME_02844,Eldoret,Food Services,52,1,35192.51,29413.69,220625.82,136379.48,22986.05,31136.12,0.8357702883287287,0.6181455183009935,0.018867924528301886,0.8847119824081201,0
MSME_02845,Nairobi,Food Services,110,3,204383.64,131421.36,579814.61,370848.14,0.0,117545.26,0.6430099639581525,0.6395966814346375,0.009009009009009009,0.5751178757855776,1
MSME_02846,Meru,Retail,27,2,400860.27,267329.88,717763.94,573008.45,13073.93,208681.31,0.6668887717688466,0.7983232644380763,0.03571428571428571,0.520582370055356,1
MSME_02847,Nakuru,Transport,29,2,32177.84,32992.77,811684.68,726008.46,12931.87,19633.93,1.0252939509317303,0.8944453227264031,0.03333333333333333,0.6101503348162954,1
MSME_02848,Eldoret,Agriculture,111,3,145612.36,92793.88,3761343.75,703119.06,30275.81,110576.84,0.6372621303429851,0.18693289414643527,0.008928571428571428,0.7593866386985371,0
MSME_02849,Nairobi,Construction,28,1,372876.76,409905.06,910109.33,550519.2,176026.84,187650.61,1.0993014439906525,0.6048928155776454,0.034482758620689655,0.5032496708840988,1
MSME_02850,Kisumu,Services,35,15,292011.01,220441.32,17270942.42,6375602.22,109349.42,275437.69,0.7549049780521013,0.36915193715572947,0.027777777777777776,0.9432409646438857,0
MSME_02851,Kisumu,Agriculture,8,2,288587.57,315825.47,4134926.16,3098410.75,176184.31,174213.2,1.094379690782625,0.749326561293041,0.1111111111111111,0.6036732501221376,1
MSME_02852,Machakos,Manufacturing,16,1,40543.25,41574.21,508034.27,357309.84,11021.86,24615.95,1.0254033555929631,0.7033169960817878,0.058823529411764705,0.6071378802172934,1
MSME_02853,Machakos,Digital Commerce,106,5,287631.21,310400.26,86629.66,70517.83,16457.34,239417.86,1.0791568162689429,0.8140054571903296,0.009345794392523364,0.832374997223016,1
MSME_02854,Meru,Manufacturing,36,3,110644.15,79411.72,12809453.99,4803062.35,29316.27,67678.88,0.7177153268805727,0.37496227230195367,0.02702702702702703,0.6116750711621793,1
MSME_02855,Kakamega,Services,30,2,388544.05,360425.67,519728.48,128697.39,0.0,263537.04,0.9276290355519907,0.24762380229037614,0.03225806451612903,0.6782663683400418,1
MSME_02856,Nyeri,Transport,18,3,208807.19,136032.46,2223471.84,261127.52,0.0,155511.95,0.6514709025541574,0.11744129062534445,0.05263157894736842,0.7447598200051445,0
MSME_02857,Thika,Digital Commerce,2,1,58953.2,41930.72,327533.26,99702.88,64665.82,30056.85,0.7112422863850244,0.304404430852516,0.3333333333333333,0.509833904963514,0
MSME_02858,Machakos,Digital Commerce,49,2,176100.82,135676.21,4967224.4,1955781.19,5137.01,154401.97,0.7704418387044494,0.3937371535424988,0.02,0.8767766852154054,0
MSME_02859,Kisumu,Retail,77,15,302100.81,304350.53,2017412.07,1728626.77,43457.06,220661.33,1.0074435833403317,0.8568531629469417,0.01282051282051282,0.7304204168786674,1
MSME_02860,Kakamega,Construction,4,1,80308.92,49276.98,197891.47,97579.91,0.0,51463.04,0.61358522085441,0.49309561905008314,0.2,0.6408055194177755,0
MSME_02861,Kakamega,Food Services,90,2,151569.87,166228.88,69851.75,38079.79,39902.8,103052.96,1.0967073026631042,0.5451437488144705,0.01098901098901099,0.6798995083949839,1
MSME_02862,Kakamega,Manufacturing,89,10,35010.05,22369.39,914780.77,735577.97,13377.63,18384.52,0.6389237112283122,0.8041021302818485,0.011111111111111112,0.5251062164659442,1
MSME_02863,Machakos,Digital Commerce,94,25,230736.57,186220.47,1324510.07,1070277.79,0.0,189917.31,0.8070660967782576,0.80805499798503,0.010526315789473684,0.8230879349210447,1
MSME_02864,Kisumu,Digital Commerce,75,2,125962.09,81195.07,1821673.96,951519.81,55992.33,93561.74,0.6445941426174923,0.5223323759140873,0.013157894736842105,0.7427710768289346,0
MSME_02865,Mombasa,Retail,7,2,332397.36,340020.0,286835.04,54774.82,291750.3,302912.43,1.0229292346689076,0.19096212595878817,0.125,0.9112933950696989,0
MSME_02866,Meru,Services,95,3,224328.51,152032.64,336878.42,106592.69,0.0,159022.91,0.6777201982922354,0.31641199690975486,0.010416666666666666,0.7088809225322161,0
MSME_02867,Nairobi,Agriculture,108,25,88683.29,96364.71,75520.44,35155.56,24288.5,77401.06,1.0866040648236572,0.46550436538286344,0.009174311926605505,0.8727708143122079,1
MSME_02868,Kakamega,Services,74,10,57161.23,50966.22,376041.93,263581.17,14536.42,33424.91,0.891606573081561,0.7009337205196225,0.013333333333333334,0.584737684306578,1
MSME_02869,Kakamega,Transport,39,1,45415.1,50940.3,103011.25,68950.11,0.0,23862.42,1.1216352791190791,0.6693389378447709,0.025,0.525417638238422,1
MSME_02870,Mombasa,Services,13,2,80224.0,60946.05,310178.06,190501.0,0.0,74351.45,0.7596889996883764,0.6141646054379042,0.07142857142857142,0.9267865378622624,0
MSME_02871,Nyeri,Food Services,31,2,323546.04,274973.33,1081414.5,869669.7,0.0,199185.02,0.8498712582875122,0.8041957046112248,0.03125,0.6156292451323306,1
MSME_02872,Nairobi,Services,71,5,23011.12,22593.14,1062882.81,788783.54,0.0,20137.32,0.981793072520046,0.7421164313341079,0.013888888888888888,0.8750745259454583,1
MSME_02873,Eldoret,Food Services,63,3,47300.46,50022.71,324868.26,287733.02,77072.79,29127.63,1.0575299367080846,0.8856886613402574,0.015625,0.6157871236955477,1
MSME_02874,Meru,Services,56,3,314581.8,261652.28,1011050.35,820292.26,0.0,179352.13,0.8317437571284889,0.8113260122742529,0.017543859649122806,0.5701269427317704,1
MSME_02875,Meru,Manufacturing,113,50,503305.32,549024.52,4297909.53,1102521.85,79011.93,417561.67,1.090835735978837,0.256525081735473,0.008771929824561403,0.8296372475513519,0
MSME_02876,Nakuru,Retail,42,1,49853.37,33147.15,522393.46,76318.16,0.0,42389.46,0.6648795281135836,0.14609297349746014,0.023255813953488372,0.8502656838307253,0
MSME_02877,Kakamega,Food Services,61,1,46779.06,46300.82,157185.23,67842.52,78169.14,41148.06,0.9897554641870917,0.4316060000930107,0.016129032258064516,0.8796068239331031,1
MSME_02878,Mombasa,Agriculture,42,2,544247.96,430777.4,1872392.32,1112207.71,0.0,483940.34,0.7915079892849038,0.5940032460701152,0.023255813953488372,0.8891892783773074,0
MSME_02879,Meru,Agriculture,56,2,117760.19,77219.42,2704490.94,1661863.16,26741.11,84482.22,0.6557289375217761,0.6144825708003404,0.017543859649122806,0.7174029066791869,0
MSME_02880,Nakuru,Services,36,1,54472.85,44268.21,316240.79,99302.84,0.0,37046.85,0.8126506571501739,0.31400922692728245,0.02702702702702703,0.680085031625266,0
MSME_02881,Kisumu,Transport,84,1,378744.79,410604.27,319064.79,251392.67,0.0,317363.91,1.0841157336692773,0.7879023006509097,0.011764705882352941,0.8379338289146395,1
MSME_02882,Kisumu,Transport,68,3,220462.04,251171.0,67513.39,24534.17,0.0,166718.65,1.139288472117594,0.36339171545503113,0.014492753623188406,0.7562204077381859,1
MSME_02883,Nyeri,Agriculture,118,10,278355.41,227149.13,419571.31,350464.43,0.0,260089.13,0.816037000908296,0.8352897025068218,0.008403361344537815,0.9343744949146313,1
MSME_02884,Mombasa,Agriculture,7,2,57386.27,62409.23,241043.05,115045.3,0.0,38398.66,1.0875100000400786,0.4772791529183152,0.125,0.6691145963207521,1
MSME_02885,Eldoret,Services,54,2,193847.17,170645.59,117302.5,12705.33,28797.86,100663.67,0.8803053957125311,0.10831160195561088,0.01818181818181818,0.5192913092757079,0
MSME_02886,Mombasa,Retail,1,1,463372.32,460758.1,470836.68,108119.66,0.0,354566.5,0.9943561273661591,0.22963255617095046,0.5,0.7651854016972751,0
MSME_02887,Nyeri,Food Services,44,5,252911.36,158058.04,725110.47,131865.26,8688.85,166684.09,0.6249518212553946,0.18185515669749372,0.022222222222222223,0.6590586952729396,0
MSME_02888,Nyeri,Retail,45,5,334325.36,303073.16,582225.15,78728.86,12476.22,218716.7,0.906518887711995,0.13522041220580697,0.021739130434782608,0.6542011823417095,0
MSME_02889,Kisumu,Transport,106,3,542065.73,346157.25,494517.26,331926.83,55759.88,408735.77,0.6385878911992994,0.6712124846512241,0.009345794392523364,0.7540322019025223,1
MSME_02890,Kisumu,Transport,47,1,204366.4,152812.91,4543576.4,1153399.13,15763.14,186954.71,0.7477362338611736,0.25385264263353363,0.020833333333333332,0.9147971251774989,0
MSME_02891,Machakos,Transport,13,1,75726.17,69043.17,1054844.41,813175.16,111593.24,46960.16,0.9117357746235598,0.7708951020605002,0.07142857142857142,0.6201230020876259,1
MSME_02892,Nyeri,Digital Commerce,119,1,320331.33,334406.71,1592592.89,496212.23,30152.72,214883.71,1.0439368077521243,0.31157486733796275,0.008333333333333333,0.6708149314806906,1
MSME_02893,Nakuru,Food Services,22,3,44103.51,40067.66,6406122.6,806285.39,0.0,39740.01,0.9084708117151739,0.12586166617203579,0.043478260869565216,0.9010418662399832,0
MSME_02894,Mombasa,Manufacturing,118,10,106689.76,118948.98,2383977.33,1803574.87,39025.68,96324.7,1.1148948606233566,0.7565399598242154,0.008403361344537815,0.9028401334848491,1
MSME_02895,Kisumu,Services,21,10,239924.42,250884.86,525278.23,248412.84,10432.88,145289.85,1.0456785279358893,0.4729157861429244,0.045454545454545456,0.6055625535635198,1
MSME_02896,Kisumu,Transport,86,2,5338.08,3661.56,78936.12,45751.72,0.0,4365.74,0.685803546678454,0.5795970260886134,0.011494252873563218,0.8176951834398435,0
MSME_02897,Eldoret,Transport,92,5,171521.41,139605.94,467154.2,172371.41,52696.5,117835.62,0.8139224489674556,0.3689810367089995,0.010752688172043012,0.6869983928047653,0
MSME_02898,Nyeri,Retail,9,25,179804.62,173990.99,4183099.46,572383.19,0.0,165636.06,0.9676615780975033,0.1368322839657549,0.1,0.9211951217097664,0
MSME_02899,Nakuru,Retail,26,1,42790.23,47759.17,2363883.14,936432.62,0.0,35494.94,1.1160971535522581,0.3961415046339792,0.037037037037037035,0.8294909961690748,1
MSME_02900,Nairobi,Manufacturing,9,2,184584.12,211024.64,469371.16,241552.06,18803.02,133354.45,1.1432375480753814,0.5146280086147419,0.1,0.7224550386293327,1
MSME_02901,Kisumu,Construction,15,25,161127.06,164309.73,663405.57,72542.92,0.0,139831.72,1.019746219249459,0.10934911301828079,0.0625,0.8678297250025849,0
MSME_02902,Kisumu,Manufacturing,10,2,137856.94,126218.11,850332.09,475703.0,0.0,130832.49,0.9155664882269385,0.5594313635377873,0.09090909090909091,0.9490384812075388,1
MSME_02903,Nairobi,Manufacturing,88,15,437763.38,444826.84,348305.57,283671.8,0.0,306946.32,1.0161330165784617,0.8144313786558778,0.011235955056179775,0.7011678748280068,1
MSME_02904,Machakos,Manufacturing,42,50,320907.87,240770.77,374240.02,102643.72,0.0,214392.32,0.7502777034489573,0.2742716979555047,0.023255813953488372,0.668078510886907,0
MSME_02905,Nakuru,Retail,72,3,252706.21,191041.26,334815.41,281718.82,0.0,195383.91,0.7559786679612347,0.8414128208351557,0.0136986301369863,0.7731631796338537,1
MSME_02906,Eldoret,Transport,24,10,47847.71,45928.64,1316918.56,234525.83,0.0,38631.62,0.9598720634265793,0.17808667827820857,0.04,0.8073701464469993,0
MSME_02907,Kisumu,Retail,80,5,130961.5,141374.19,205448.29,156212.42,0.0,106995.79,1.079501307626229,0.7603453874189587,0.012345679012345678,0.8169956285196144,1
MSME_02908,Nakuru,Digital Commerce,49,3,435580.43,493684.78,4115404.96,3178160.52,0.0,310617.76,1.1333926241988783,0.7722592985699034,0.02,0.7131106576329482,1
MSME_02909,Nairobi,Agriculture,26,2,107509.9,84689.21,723991.28,221691.84,0.0,69831.09,0.7877267328242997,0.30620746398014076,0.037037037037037035,0.649525676001224,0
MSME_02910,Nakuru,Agriculture,91,1,630495.96,654520.69,193502.5,167626.33,72034.14,548447.08,1.0381028482674999,0.8662702741810872,0.010869565217391304,0.8698647492289256,1
MSME_02911,Mombasa,Construction,37,2,260196.76,277979.11,2498515.96,1082554.45,0.0,242299.68,1.0683378288883039,0.43327880792131984,0.02631578947368421,0.9312135508007447,1
MSME_02912,Kakamega,Transport,68,3,736423.44,694259.72,4414256.08,940258.04,81929.68,654527.14,0.9427439969265551,0.2130048211872608,0.014492753623188406,0.8887906273181265,0
MSME_02913,Thika,Manufacturing,50,1,45828.79,36258.62,31620972.48,18130566.34,42865.74,36986.56,0.7911583273674176,0.5733715425133078,0.0196078431372549,0.807041882583359,1
MSME_02914,Mombasa,Transport,24,1,114158.43,107365.86,3778843.12,3390724.81,63669.8,75580.59,0.9404905052521724,0.8972915268068797,0.04,0.662061732438573,1
MSME_02915,Meru,Agriculture,19,1,125475.9,115619.38,255194.66,209114.99,152325.95,97885.93,0.9214395637762808,0.8194300404638543,0.05,0.780111159902739,1
MSME_02916,Mombasa,Services,100,5,244305.14,228080.6,938538.62,303037.47,0.0,133273.84,0.9335852140269582,0.32288191520353715,0.009900990099009901,0.5455198137877336,0
MSME_02917,Nakuru,Construction,60,50,63665.78,59883.59,15164485.78,8516212.64,11599.85,47129.28,0.9405782733161626,0.5615892422572313,0.01639344262295082,0.7402491534831823,1
MSME_02918,Nakuru,Transport,39,50,26699.31,28458.31,286705.13,55131.71,0.0,22735.74,1.0658419321723231,0.19229344695211084,0.025,0.8515159561817822,1
MSME_02919,Nairobi,Manufacturing,74,2,194502.0,134895.86,158898.27,74598.9,0.0,119225.18,0.6935412821396071,0.4694728931102075,0.013333333333333334,0.6129734759875168,0
MSME_02920,Nyeri,Digital Commerce,89,10,92367.16,74079.54,456815.08,236838.54,0.0,67029.96,0.8020029845782355,0.5184549107815994,0.011111111111111112,0.7256825295643001,1
MSME_02921,Nairobi,Digital Commerce,18,5,83224.99,76758.49,215851.58,76027.81,68571.72,44356.71,0.9222899000660731,0.3522209926793555,0.05263157894736842,0.5329670455106632,0
MSME_02922,Machakos,Digital Commerce,19,2,66648.72,50375.12,351836.38,171467.34,514185.68,58472.5,0.7558189291717955,0.4873482743647079,0.05,0.8773105123322349,0
MSME_02923,Kisumu,Services,36,3,150827.0,171638.75,329908.06,275786.9,26524.23,99184.5,1.137976701938632,0.8359482458590256,0.02702702702702703,0.6576000477364945,1
MSME_02924,Machakos,Construction,74,1,45394.33,33806.64,1722445.03,861412.17,6665.51,34590.19,0.744716251649674,0.5001098176643596,0.013333333333333334,0.7619768377055526,0
MSME_02925,Machakos,Construction,97,25,109732.87,94183.27,153903.67,117704.33,334393.43,73558.41,0.8582880563676466,0.764787254343874,0.01020408163265306,0.6703346013404977,1
MSME_02926,Kakamega,Services,55,2,58179.42,62982.18,853448.97,302046.12,0.0,44735.33,1.0825322333527327,0.35391192292150414,0.017857142857142856,0.7689069621704347,1
MSME_02927,Kakamega,Retail,114,2,72462.36,46668.3,291287.46,255495.04,69697.02,60498.03,0.6440261671553734,0.8771203637796018,0.008695652173913044,0.8348775160301702,1
MSME_02928,Eldoret,Manufacturing,69,3,189815.95,199568.39,1411245.0,246644.12,20046.64,122823.56,1.051372862117951,0.17477046524844003,0.014285714285714285,0.6470631837673084,0
MSME_02929,Kisumu,Retail,47,2,255610.44,233641.9,1608216.81,914221.91,101623.06,187533.1,0.9140510299539019,0.5684689625468082,0.020833333333333332,0.733664737384211,0
MSME_02930,Meru,Digital Commerce,49,1,98114.95,60585.11,2128940.41,1558193.28,0.0,84152.56,0.6174848228040395,0.7319098931895922,0.02,0.8576848106755324,1
MSME_02931,Nairobi,Agriculture,99,3,350750.49,384633.72,2128479.0,1598983.22,25052.72,283944.14,1.0965989624163819,0.7512324381718409,0.01,0.8095308162482788,1
MSME_02932,Nairobi,Digital Commerce,108,1,50376.82,31312.13,346166.12,89527.17,0.0,26482.23,0.6215459501820444,0.2586241292933887,0.009174311926605505,0.5256724090085676,0
MSME_02933,Mombasa,Food Services,98,5,29146.83,25747.43,725613.8,305713.22,0.0,22033.3,0.8833395144681438,0.4213161308176183,0.010101010101010102,0.7559156204767216,0
MSME_02934,Kakamega,Services,33,2,35020.01,21956.4,4254891.87,2550198.96,70001.98,23440.65,0.6269493655380013,0.5993567964967352,0.029411764705882353,0.6693310672650503,1
MSME_02935,Thika,Transport,119,3,45460.23,29056.36,1239577.54,437206.64,0.0,37229.7,0.6391459271999459,0.35270588017762877,0.008333333333333333,0.8189329677177674,0
MSME_02936,Mombasa,Services,21,3,35850.28,39003.76,2115666.33,1325754.4,0.0,18194.04,1.087932146355723,0.6266365137849909,0.045454545454545456,0.5074864830488619,1
MSME_02937,Nakuru,Services,81,2,1005659.31,1026983.36,169323.83,68241.66,27914.92,652440.15,1.0212030342531864,0.40302216751081343,0.012195121951219513,0.6487679224409284,0
MSME_02938,Thika,Food Services,22,3,28276.3,20028.6,2290609.05,872018.96,21975.4,15238.72,0.708292517319546,0.38069289008838497,0.043478260869565216,0.5389029362775088,0
MSME_02939,Mombasa,Manufacturing,48,3,340247.61,320260.58,75863.42,14145.08,0.0,311061.63,0.9412546314296479,0.18645209440736515,0.02040816326530612,0.9142186649932237,0
MSME_02940,Nakuru,Retail,37,5,129945.6,134763.17,116447.14,15301.42,0.0,116226.57,1.0370657639368788,0.1314011541961941,0.02631578947368421,0.894417937829847,0
MSME_02941,Nyeri,Services,15,5,166808.29,181700.08,247880.81,190426.76,215531.07,156072.49,1.0892683495025965,0.7682159493671601,0.0625,0.9356342803209581,1
MSME_02942,Nairobi,Manufacturing,35,10,53866.84,46194.52,1215560.9,597613.0,0.0,42531.14,0.8575528552843403,0.4916351853410345,0.027777777777777776,0.789546044541604,0
MSME_02943,Meru,Manufacturing,92,1,184508.85,201783.48,1492690.78,821425.51,19875.77,159262.87,1.0936190127518937,0.5502981399147251,0.010752688172043012,0.863167305160131,1
MSME_02944,Kakamega,Agriculture,71,2,53427.53,46979.76,274613.51,109234.89,29656.46,41424.55,0.879301002666553,0.39777537610813063,0.013888888888888888,0.7753264033279599,1
MSME_02945,Kakamega,Manufacturing,32,25,335295.05,328094.73,72428.54,15166.08,22119.2,241888.46,0.9785225027255764,0.20939080933000542,0.030303030303030304,0.7214175651636815,0
MSME_02946,Nyeri,Transport,11,2,364220.04,414652.19,2290297.14,1052752.48,0.0,318772.37,1.1384630333272345,0.45965739639468944,0.08333333333333333,0.8752167914297319,1
MSME_02947,Meru,Agriculture,10,1,116440.78,84975.39,1476393.01,418063.8,0.0,98890.22,0.729767184939976,0.2831654674621716,0.09090909090909091,0.8492675051858534,0
MSME_02948,Nyeri,Food Services,73,2,124322.7,86116.68,1218778.75,938638.11,9096.97,103184.68,0.6926811219421558,0.7701458036203834,0.013513513513513514,0.8299678983170545,0
MSME_02949,Nairobi,Manufacturing,78,1,205401.91,161879.37,7363089.21,6548958.55,31437.14,185325.91,0.7881065073518189,0.8894307095553023,0.012658227848101266,0.9022555230595322,0
MSME_02950,Nyeri,Food Services,77,1,195166.72,134746.9,873289.55,708479.65,7562.19,179150.34,0.6904159150908766,0.8112759836917965,0.01282051282051282,0.9179301782077487,0
MSME_02951,Meru,Transport,57,50,371070.14,280636.47,221840.75,115938.28,0.0,259889.84,0.7562875140330233,0.5226170457093852,0.017241379310344827,0.7003773993310285,0
MSME_02952,Machakos,Transport,25,2,360715.89,363833.17,3593078.99,2164849.48,0.0,226266.11,1.0086391297064021,0.6025052283904205,0.038461538461538464,0.6272678554087112,1
MSME_02953,Nakuru,Transport,2,1,129464.12,111680.7,447321.63,384024.74,0.0,94548.1,0.8626315721176484,0.8584961149852848,0.3333333333333333,0.7302978593771049,1
MSME_02954,Eldoret,Digital Commerce,64,50,82683.51,66665.46,642925.86,341358.62,34083.78,44804.52,0.8062629868641661,0.5309447174131129,0.015384615384615385,0.5418731997081436,1
MSME_02955,Kisumu,Services,35,25,300024.61,240859.22,383181.31,234074.46,28855.24,276674.36,0.8027955346878555,0.6108696928101927,0.027777777777777776,0.9221691441607268,1
MSME_02956,Kakamega,Food Services,7,2,113972.7,80577.73,268646.67,162097.0,0.0,107445.94,0.7069852957305063,0.6033813730824467,0.125,0.9427257340947957,0
MSME_02957,Kakamega,Food Services,85,1,149304.62,126323.1,439822.76,293140.52,61940.54,118505.64,0.846070630161142,0.6664954162549108,0.011627906976744186,0.7937118509001871,1
MSME_02958,Mombasa,Retail,18,10,226458.33,213674.66,4523316.83,2769301.58,17729.82,189267.7,0.9435454039363271,0.6122279450789776,0.05263157894736842,0.8357690539842189,0
MSME_02959,Kisumu,Agriculture,67,5,353471.09,239135.62,202841.85,129121.88,11274.47,228219.47,0.6765332448171508,0.6365611605240215,0.014705882352941176,0.6456506085105616,1
MSME_02960,Nyeri,Construction,42,3,172965.62,196324.12,2632423.35,1791931.58,81948.97,153908.33,1.1350405066596088,0.680715318561766,0.023255813953488372,0.8898152140569088,1
MSME_02961,Machakos,Manufacturing,118,15,74072.68,62502.87,79310.29,59266.94,48622.66,67045.86,0.8437932339800049,0.7472699031878061,0.008403361344537815,0.9051239252592824,1
MSME_02962,Mombasa,Agriculture,39,3,803723.31,901278.04,4981072.49,2104224.06,108390.5,429675.31,1.1213771050423993,0.42244388970057134,0.025,0.5346053424712262,1
MSME_02963,Meru,Transport,41,1,615593.31,414948.31,5648376.94,3935038.88,31524.96,344208.84,0.6740613148292419,0.6966670647396516,0.023809523809523808,0.5591488329383681,0
MSME_02964,Nakuru,Services,113,3,48146.16,49203.87,213520.58,38468.51,47021.49,29724.66,1.0219475042764723,0.18016216440511543,0.008771929824561403,0.6173709934293112,0
MSME_02965,Mombasa,Services,75,2,53542.36,50313.81,801887.51,642272.21,94749.11,43725.56,0.9396834640186943,0.8009495110486119,0.013157894736842105,0.8166383282632991,1
MSME_02966,Nyeri,Manufacturing,103,5,60717.46,63816.19,1579505.38,524451.77,0.0,35368.78,1.0510179276615383,0.3320352336911739,0.009615384615384616,0.5825045628627603,1
MSME_02967,Mombasa,Retail,24,3,311312.0,289636.24,353299.47,149363.8,24989.99,186487.11,0.9303698849710741,0.42276705717374224,0.04,0.5990341232136146,1
MSME_02968,Nyeri,Agriculture,60,1,834963.42,943141.4,6985099.57,5189148.96,0.0,560960.66,1.1295587900619766,0.742888224442558,0.01639344262295082,0.6718378011843906,1
MSME_02969,Machakos,Transport,46,2,80316.21,75883.76,748580.27,456326.77,72278.49,62264.05,0.9448007469382962,0.6095888159210823,0.02127659574468085,0.7752267540169784,1
MSME_02970,Meru,Manufacturing,19,2,157829.14,162805.85,390761.15,135555.98,0.0,148255.1,1.0315257275955023,0.3469015102921304,0.05,0.9393332604279512,1
MSME_02971,Nairobi,Digital Commerce,68,2,62780.14,67970.17,801777.49,224753.7,0.0,53535.93,1.0826526883710617,0.28031894445060507,0.014492753623188406,0.8527390550729088,1
MSME_02972,Mombasa,Manufacturing,90,3,729556.99,724465.35,301500.22,261150.92,0.0,548069.9,0.9930195542098031,0.8661687007435659,0.01098901098901099,0.751235552913347,0
MSME_02973,Mombasa,Transport,102,2,304013.79,270064.62,747967.68,127319.87,0.0,158763.24,0.8883272422371293,0.1702208573760067,0.009708737864077669,0.5222220932080311,1
MSME_02974,Nyeri,Food Services,42,5,58417.13,43815.73,425181.29,43992.69,0.0,42795.1,0.7500365040784429,0.10346783258540708,0.023255813953488372,0.7325653868071436,0
MSME_02975,Thika,Digital Commerce,32,1,16279.45,17418.54,286405.34,182826.25,0.0,9634.8,1.0699053158850031,0.6383456804762073,0.030303030303030304,0.5918018236596654,1
MSME_02976,Meru,Agriculture,39,3,376091.24,325062.44,1899231.88,1123546.73,0.0,238829.62,0.8643157327574746,0.5915792327689694,0.025,0.6350293747087151,1
MSME_02977,Kisumu,Digital Commerce,109,10,75170.58,70764.8,95710.92,66049.26,0.0,46071.09,0.9413770470169711,0.6900839519257371,0.00909090909090909,0.6128790960626342,1
MSME_02978,Machakos,Services,110,3,309505.82,199190.08,6048664.04,4145192.2,64952.39,203144.66,0.6435725067383006,0.6853069516310991,0.009009009009009009,0.6563495434446324,1
MSME_02979,Eldoret,Manufacturing,36,2,178740.5,156137.55,961708.82,760334.02,0.0,94378.0,0.87353832210203,0.7906064846046805,0.02702702702702703,0.5280139195430272,1
MSME_02980,Eldoret,Food Services,104,25,21283.85,20943.03,6692992.18,5606631.69,20949.24,16166.72,0.9839406902092334,0.8376867477997342,0.009523809523809525,0.7595411760007705,1
MSME_02981,Kakamega,Retail,101,1,59469.76,54785.89,2313817.3,1665993.97,40007.46,30959.3,0.9212239762868341,0.7200193593420884,0.00980392156862745,0.520580197730784,1
MSME_02982,Eldoret,Manufacturing,97,1,93512.96,79177.91,145490.56,41586.18,0.0,74554.39,0.8466961510345621,0.28583225033809523,0.01020408163265306,0.7972541212028663,0
MSME_02983,Machakos,Manufacturing,36,2,67792.71,49006.33,794022.19,373823.22,0.0,56190.74,0.7228742902549513,0.47079635041893425,0.02702702702702703,0.8288488710825826,0
MSME_02984,Nyeri,Digital Commerce,3,1,149667.03,115291.3,84606.67,51895.38,0.0,107570.01,0.7703134730910803,0.6133649585197181,0.25,0.7187240321129369,1
MSME_02985,Nyeri,Services,73,25,199063.96,196146.36,246643.89,131089.31,56595.95,169516.04,0.9853384543417385,0.5314900706031249,0.013513513513513514,0.8515614199505529,1
MSME_02986,Nakuru,Retail,8,1,797597.96,576906.5,618981.66,140581.88,492429.82,746013.96,0.723303977226851,0.22711763848118136,0.1111111111111111,0.9353246398415564,0
MSME_02987,Thika,Retail,97,5,213675.43,201271.49,312976.92,178840.78,0.0,139535.11,0.9419452112710793,0.5714166034460195,0.01020408163265306,0.6530205975455505,1
MSME_02988,Nairobi,Construction,70,5,591904.79,547130.56,411780.33,333222.08,0.0,460802.68,0.9243541273688166,0.8092209522952388,0.014084507042253521,0.7785067958196522,1
MSME_02989,Thika,Construction,41,1,82717.23,93778.97,327583.05,142437.62,22275.11,53408.8,1.1337158689203095,0.43481243973874795,0.023809523809523808,0.645671455977721,1
MSME_02990,Eldoret,Manufacturing,103,3,427287.95,270657.01,10584270.34,6722559.72,0.0,298897.97,0.6334285265275407,0.6351461998705713,0.009615384615384616,0.6995218809192233,0
MSME_02991,Nairobi,Transport,68,1,91017.03,60022.77,841234.73,498639.72,6033.04,46361.48,0.6594602190357229,0.5927467203515,0.014492753623188406,0.5093658915711535,0
MSME_02992,Nairobi,Services,13,2,53262.26,46782.69,1541330.73,619051.61,0.0,28413.15,0.8783294526095474,0.4016342478072517,0.07142857142857142,0.5334474457628016,1
MSME_02993,Kisumu,Retail,49,1,51058.29,45437.3,685464.71,378525.24,0.0,43853.35,0.8898929068539732,0.5522161568081939,0.02,0.8588711280552471,1
MSME_02994,Nakuru,Food Services,60,15,9490.48,5902.7,1093462.89,293233.54,0.0,5342.75,0.6218945833526489,0.2681693860050559,0.01639344262295082,0.5628995688765083,0
MSME_02995,Nairobi,Retail,2,50,313038.86,330011.98,61917.25,33242.49,259911.11,255007.13,1.0542171211040026,0.536877091972076,0.3333333333333333,0.8146155253200025,1
MSME_02996,Kakamega,Manufacturing,60,1,36673.33,31982.73,5415896.61,4002692.44,0.0,30035.1,0.8720740092593374,0.7390635363211749,0.01639344262295082,0.8189679266124288,1
MSME_02997,Nyeri,Manufacturing,5,1,544784.31,430735.93,306765.21,216931.54,0.0,516619.88,0.7906526150640881,0.7071559152489447,0.16666666666666666,0.9482999458997893,0
MSME_02998,Mombasa,Agriculture,44,5,111946.85,86800.18,2884789.59,1114577.81,0.0,91014.83,0.7753626353699512,0.3863635072381459,0.022222222222222223,0.8130109689467016,0
MSME_02999,Nakuru,Food Services,27,1,28145.29,30221.68,3022611.29,573293.16,0.0,15703.26,1.0737358280611762,0.18966810989840846,0.03571428571428571,0.5579158034682369,1
MSME_03000,Meru,Agriculture,32,15,43576.35,30860.91,84289.29,62370.2,46058.57,34074.25,0.7081869365622279,0.7399452534805611,0.030303030303030304,0.7819257022283366,0
MSME_03001,Machakos,Retail,21,3,161237.7,110968.58,780194.77,243445.17,0.0,118649.06,0.6882254694437502,0.3120308765580721,0.045454545454545456,0.7358596912527823,0
MSME_03002,Mombasa,Agriculture,8,2,20333.86,14584.42,1186359.14,168979.08,53519.19,18561.27,0.7172127076360496,0.14243489333685808,0.1111111111111111,0.9127808108833796,0
MSME_03003,Meru,Manufacturing,102,10,240372.48,226854.51,832143.89,379586.07,0.0,194838.13,0.9437584795127981,0.4561538195589953,0.009708737864077669,0.8105641687261007,0
MSME_03004,Nairobi,Digital Commerce,72,2,29250.96,30596.85,728593.89,503878.36,37774.14,21450.18,1.0459760645098652,0.6915754789331559,0.0136986301369863,0.7332903504585676,1
MSME_03005,Thika,Transport,50,15,63641.67,49770.22,432367.49,322889.74,92450.1,49697.54,0.7820259583703827,0.7467929496897426,0.0196078431372549,0.7808839572569787,1
MSME_03006,Kisumu,Retail,67,15,162546.65,113035.61,309709.35,274328.69,55726.19,113710.64,0.6953998412157912,0.8857588711517068,0.014705882352941176,0.6995526542524607,0
MSME_03007,Nairobi,Manufacturing,118,1,212694.19,152088.43,2596430.78,653070.23,46302.39,155007.97,0.71505345278377,0.2515260501086611,0.008403361344537815,0.7287798562816583,0
MSME_03008,Machakos,Retail,44,1,295883.12,278293.19,1175625.58,393876.75,0.0,244119.92,0.94054790774172,0.33503559438065783,0.022222222222222223,0.8250524563467617,0
MSME_03009,Thika,Agriculture,58,50,36078.56,26529.26,911080.0,535343.68,33570.83,19311.26,0.7352988783676963,0.587591750898109,0.01694915254237288,0.5352410062650431,0
MSME_03010,Nakuru,Services,3,15,97884.86,105960.76,106794.23,79996.88,34285.62,76046.85,1.0824930178883854,0.7490679124900991,0.25,0.7768931079524664,1
MSME_03011,Kisumu,Agriculture,86,1,397519.59,261226.12,536046.87,153984.83,0.0,214540.47,0.6571385899784461,0.2872594755390036,0.011494252873563218,0.5396964972304956,0
MSME_03012,Kakamega,Construction,70,10,97908.44,60488.1,682156.28,291916.2,0.0,86627.88,0.6177964045142122,0.42793093111899355,0.014084507042253521,0.8847755640314152,0
MSME_03013,Mombasa,Retail,2,2,178844.94,116000.27,2000557.74,853679.07,0.0,165272.13,0.6486044357506802,0.4267203221436027,0.3333333333333333,0.9241033372074312,0
MSME_03014,Eldoret,Construction,87,1,156754.98,166960.31,90015.41,64662.51,5676.14,133412.78,1.0650969104974495,0.7183413557594666,0.011363636363636364,0.8510857448628115,1
MSME_03015,Machakos,Retail,44,10,489547.68,469072.95,195836.31,57330.25,0.0,402953.68,0.9581742718619934,0.2927442681887328,0.022222222222222223,0.8231125860660068,0
MSME_03016,Machakos,Agriculture,2,1,83624.42,94224.61,6315247.61,5525884.88,15887.76,77326.36,1.126746030094677,0.875006705397145,0.3333333333333333,0.9246752961001571,1
MSME_03017,Kisumu,Retail,102,25,33191.57,26054.16,280166.81,142428.7,0.0,19859.77,0.7849395211036687,0.5083692519850871,0.009708737864077669,0.598319744448833,0
MSME_03018,Meru,Construction,81,1,50621.32,36294.12,79073.45,25750.54,17276.35,30523.38,0.7169588434508731,0.32564930897401123,0.012195121951219513,0.6029628827758191,0
MSME_03019,Kakamega,Agriculture,35,3,160949.19,146316.72,315588.49,103332.27,158228.61,115313.16,0.9090807534927421,0.32742620801472194,0.027777777777777776,0.7164524627153283,0
MSME_03020,Eldoret,Construction,98,1,27735.24,24845.38,281368.78,32256.11,8333.86,13960.76,0.8957731833875103,0.11463956790242363,0.010101010101010102,0.5033400345540707,0
MSME_03021,Nyeri,Retail,87,2,77310.57,71517.16,1593355.09,1041966.14,0.0,72229.83,0.925051192208359,0.6539443044398192,0.011363636363636364,0.9342693467484879,1
MSME_03022,Meru,Services,30,3,143690.42,113679.76,1570037.09,1131617.8,3883.55,73930.68,0.7911381208425665,0.7207581823699577,0.03225806451612903,0.5145100521659539,1
MSME_03023,Nyeri,Digital Commerce,116,1,61908.2,37345.71,227923.61,28705.21,9501.93,47561.0,0.6032336066368165,0.12594168747288853,0.008547008547008548,0.768238000167988,0
MSME_03024,Kakamega,Transport,8,2,184767.44,114420.45,462912.13,263280.18,11026.13,121815.0,0.619264036650415,0.5687464082083824,0.1111111111111111,0.6592846700442998,0
MSME_03025,Kisumu,Retail,22,2,274968.48,265373.33,1389319.35,1007726.31,10863.03,150224.82,0.9651010359404252,0.7253376156190328,0.043478260869565216,0.5463327057242863,1
MSME_03026,Mombasa,Retail,44,1,210009.62,186444.85,1446326.32,579965.34,16898.79,107331.03,0.8877877223542314,0.40099176167121003,0.022222222222222223,0.5110742970998324,1
MSME_03027,Nyeri,Digital Commerce,58,10,28353.2,29814.98,210763.06,94041.06,93341.12,17524.78,1.0515189989490092,0.4461911580181175,0.01694915254237288,0.6180664592899817,1
MSME_03028,Kakamega,Services,36,2,144232.55,110370.41,240650.35,93685.16,85916.94,79040.56,0.7652200892233465,0.3892982939842224,0.02702702702702703,0.5480039838165254,0
MSME_03029,Machakos,Manufacturing,69,3,155973.64,163539.88,9245049.83,3259070.28,10848.2,143986.73,1.0485030130539168,0.3525205366556108,0.014285714285714285,0.9231419287135396,1
MSME_03030,Nakuru,Transport,77,2,91041.42,75930.39,534100.75,263265.41,28697.24,55548.25,0.8340111126220063,0.49291246471295025,0.01282051282051282,0.6101359124680561,0
MSME_03031,Nairobi,Agriculture,93,2,182282.14,119063.8,4378155.79,1019587.23,62646.51,98862.43,0.6531805409979222,0.2328804743422631,0.010638297872340425,0.5423564132151771,0
MSME_03032,Thika,Agriculture,31,1,175856.67,200098.75,959658.9,434293.77,29085.46,148837.51,1.137844883308189,0.4525496688983253,0.03125,0.8463521096350247,1
MSME_03033,Meru,Food Services,47,2,121676.94,107266.1,2714260.03,2316512.64,0.0,83520.69,0.8815574951383957,0.853459786806135,0.020833333333333332,0.6864078238010933,1
MSME_03034,Nakuru,Transport,55,2,48811.85,46186.42,1544704.59,188332.98,57434.53,42937.33,0.9461938813242824,0.12192160190214628,0.017857142857142856,0.8796316953425175,0
MSME_03035,Kisumu,Transport,80,5,129751.85,125721.56,895551.15,207584.04,0.0,113830.51,0.9689310099932293,0.23179447450380194,0.012345679012345678,0.8772871655612958,1
MSME_03036,Thika,Retail,106,10,861931.37,688964.79,882923.89,637614.01,0.0,815879.53,0.7993258102140891,0.7221611002494221,0.009345794392523364,0.9465702396117227,0
MSME_03037,Thika,Manufacturing,62,2,90011.52,91014.3,164580.34,33845.23,0.0,77564.96,1.011129340673942,0.2056443944374253,0.015873015873015872,0.8617130150339086,0
MSME_03038,Nakuru,Services,30,1,379764.07,409631.21,597189.61,189323.87,0.0,226479.26,1.0786437257117933,0.31702419098652607,0.03225806451612903,0.5963667485269248,1
MSME_03039,Nyeri,Digital Commerce,55,1,138532.05,112620.02,389861.85,180845.66,37266.28,105824.88,0.8129469465950545,0.46386994811123966,0.017857142857142856,0.7638962687965075,0
MSME_03040,Mombasa,Agriculture,16,1,59830.51,57518.09,492179.6,420582.14,0.0,44083.87,0.9613344206088063,0.8545280736380102,0.058823529411764705,0.7368002244970919,1
MSME_03041,Nairobi,Digital Commerce,12,1,99052.3,100678.55,468138.89,115537.12,20671.47,72177.96,1.016407832954581,0.24680041685830276,0.07692307692307693,0.7286779945746381,0
MSME_03042,Thika,Digital Commerce,17,2,131023.19,92314.91,886360.51,743184.64,0.0,83011.49,0.7045638671759772,0.8384667335114766,0.05555555555555555,0.6335585054942908,1
MSME_03043,Kisumu,Agriculture,16,1,256584.02,200886.77,1568365.1,1058363.53,54803.82,152555.46,0.7829247786951865,0.6748191828425774,0.058823529411764705,0.5945610542657557,1
MSME_03044,Kisumu,Digital Commerce,12,1,1439844.17,950063.49,618449.08,393900.07,5456.24,1184419.73,0.6598372587519254,0.6369148986123505,0.07692307692307693,0.8226021482573713,0
MSME_03045,Nairobi,Manufacturing,8,1,140739.31,131058.51,2294113.91,1557322.57,0.0,76814.5,0.9312080526183294,0.678833725029057,0.1111111111111111,0.5457889072434188,1
MSME_03046,Mombasa,Services,84,1,38915.22,40491.9,443060.4,55381.35,0.0,20326.48,1.0404890300239849,0.12499700944383779,0.011764705882352941,0.5223138321244971,1
MSME_03047,Kisumu,Construction,3,1,25474.23,23842.89,809389.81,144978.07,13774.99,17107.46,0.9359244254124497,0.17911998531339884,0.25,0.6715330931261464,1
MSME_03048,Nairobi,Manufacturing,16,1,87396.93,61080.06,15067410.75,5542896.95,16866.12,72956.03,0.6988730739961462,0.367873198261805,0.058823529411764705,0.8347569559141733,0
MSME_03049,Machakos,Construction,30,2,43127.33,38836.28,172530.56,27462.38,0.0,38419.54,0.900481887427591,0.1591730811452699,0.03225806451612903,0.8908190973311509,0
MSME_03050,Thika,Construction,109,2,232793.32,246577.89,439912.14,391553.38,55699.14,172978.73,1.0592092195376588,0.8900697533153931,0.00909090909090909,0.743053911280997,1
MSME_03051,Meru,Transport,23,1,234510.52,179751.99,82679.87,46658.71,9426.21,205893.11,0.7664953516995668,0.5643229201627898,0.041666666666666664,0.8779658670925846,0
MSME_03052,Nairobi,Construction,92,2,115153.88,121828.01,959470.38,470020.49,0.0,58887.51,1.0579491724536554,0.48987442439398243,0.010752688172043012,0.5113765912482389,1
MSME_03053,Nakuru,Manufacturing,115,2,257142.69,265253.69,744036.1,541962.91,5428.5,181264.06,1.031538786738263,0.7284084489872885,0.008620689655172414,0.7049135057523674,1
MSME_03054,Nakuru,Manufacturing,104,1,142167.23,87000.29,848192.97,747739.24,0.0,79617.18,0.6119531065414544,0.8815663237973739,0.009523809523809525,0.5600208991840159,0
MSME_03055,Eldoret,Retail,118,1,862485.65,631080.88,244295.41,211096.64,28300.25,657406.3,0.7316993022442724,0.8641004589465724,0.008403361344537815,0.7622220007695192,1
MSME_03056,Mombasa,Services,5,2,249228.38,223961.19,292422.84,214770.51,12375.81,227905.57,0.898614721907987,0.7344493868899334,0.16666666666666666,0.914441026174362,1
MSME_03057,Nairobi,Transport,84,3,326314.55,324581.67,778301.29,312674.29,0.0,164213.13,0.994686492874765,0.4017388796324883,0.011764705882352941,0.5032341547928072,1
MSME_03058,Meru,Construction,104,1,31315.63,33955.28,135487.11,20698.04,0.0,25074.41,1.0842571502744707,0.15276646784725245,0.009523809523809525,0.8006739550200644,0
MSME_03059,Eldoret,Services,108,1,41306.06,39347.05,2100761.18,375409.35,0.0,35381.01,0.9525502420167401,0.17870149871033947,0.009174311926605505,0.8565366307841809,0
MSME_03060,Machakos,Food Services,65,15,215095.72,174053.15,137439.38,13870.64,12068.7,179608.49,0.8091855143118872,0.10092114122501698,0.015151515151515152,0.8350126863859197,0
MSME_03061,Kisumu,Food Services,30,1,28304.51,19856.89,608561.6,61782.56,123774.02,14404.05,0.7015203047039251,0.10152211128321063,0.03225806451612903,0.5088779534444,0
MSME_03062,Nakuru,Agriculture,21,1,71362.24,72648.17,432375.5,367146.22,13152.93,41265.04,1.0180054885400383,0.8491354641151866,0.045454545454545456,0.5782394409222451,1
MSME_03063,Nakuru,Manufacturing,84,10,433398.37,309329.36,400289.09,336888.73,22031.69,235109.82,0.7137282179251898,0.8416114673236101,0.011764705882352941,0.5424784535335158,0
MSME_03064,Thika,Services,70,10,69852.71,68629.36,106205.18,67338.66,145721.05,37612.5,0.982472656069377,0.6340371153543043,0.014084507042253521,0.5384467052644734,0
MSME_03065,Nakuru,Retail,22,2,39746.11,27809.02,691739.78,471310.94,0.0,32932.95,0.6996488549733553,0.6813404003736775,0.043478260869565216,0.8285621269068366,0
MSME_03066,Eldoret,Manufacturing,82,2,259767.77,168869.73,171156.64,87386.89,30737.47,179539.85,0.650077105111596,0.5105637703347627,0.012048192771084338,0.6911525584849942,0
MSME_03067,Eldoret,Services,72,1,1059737.98,782198.03,863052.33,250521.48,56711.33,875523.34,0.7381044245442402,0.2902734643292553,0.0136986301369863,0.8261688552779289,0
MSME_03068,Machakos,Agriculture,103,1,59358.75,44917.44,293202.22,243800.0,0.0,39315.59,0.7566986046942583,0.8315051928829432,0.009615384615384616,0.6623274188317841,1
MSME_03069,Meru,Manufacturing,32,3,453171.44,433216.05,686715.58,221227.6,0.0,250455.25,0.9559629221935915,0.32215269944407054,0.030303030303030304,0.5526709656041748,0
MSME_03070,Machakos,Services,33,1,52408.55,36082.55,82982.33,57401.95,8452.51,43148.14,0.6884728069598003,0.691728688159417,0.029411764705882353,0.8232877404976764,0
MSME_03071,Eldoret,Food Services,117,2,119077.79,132375.06,2179778.53,645974.2,0.0,93086.17,1.111659431541083,0.2963484109789764,0.00847457627118644,0.7817191457857441,0
MSME_03072,Thika,Transport,16,25,124351.44,112525.48,2718550.02,2164288.6,139756.56,68497.66,0.9048916129028107,0.7961184410657116,0.058823529411764705,0.5508348690222725,1
MSME_03073,Nakuru,Manufacturing,76,25,60962.75,53038.35,376058.5,233529.15,0.0,55839.68,0.8699981546410777,0.6209898965456264,0.012987012987012988,0.91594890406184,1
MSME_03074,Mombasa,Construction,38,1,319782.17,268323.46,21034877.55,12918696.6,34142.79,204345.4,0.8390793674351281,0.6141559871283402,0.02564102564102564,0.6390123657852288,1
MSME_03075,Eldoret,Food Services,116,3,28574.76,26049.63,1817293.31,323285.19,0.0,22706.32,0.9115988516140954,0.17789368965778582,0.008547008547008548,0.7946007385280391,0
MSME_03076,Nairobi,Food Services,98,2,161950.76,99169.87,535061.59,233059.52,76454.25,83306.08,0.6123420332079132,0.43557431290421555,0.010101010101010102,0.5143882351139624,0
MSME_03077,Nairobi,Agriculture,14,10,390102.41,446490.74,404682.93,210405.5,20245.66,272825.57,1.1445445708869861,0.5199255132270758,0.06666666666666667,0.6993673036593041,1
MSME_03078,Nairobi,Transport,36,1,294243.66,266772.6,285614.09,95746.13,0.0,274812.95,0.9066353149790382,0.33522784107800463,0.02702702702702703,0.9339607046734512,0
MSME_03079,Nakuru,Services,97,1,217774.43,134880.17,359012.95,288926.33,0.0,195763.72,0.619354396407345,0.8047774466702478,0.01020408163265306,0.8989247317752972,0
MSME_03080,Eldoret,Services,23,1,650371.74,601260.66,639317.65,492361.51,0.0,389966.97,0.9244862569116904,0.7701347520520478,0.041666666666666664,0.5996053432374795,1
MSME_03081,Nakuru,Agriculture,114,2,106978.44,89903.97,692102.29,342519.16,74005.27,95810.82,0.8403854983723975,0.49489601472635675,0.008695652173913044,0.8956003134807959,0
MSME_03082,Thika,Retail,109,2,29006.46,17787.36,135288.15,50330.57,22647.2,18328.65,0.6131995010938566,0.3720222205550113,0.00909090909090909,0.6318598732877682,0
MSME_03083,Mombasa,Construction,66,5,152543.78,169084.99,3706850.23,2747642.75,10664.45,134773.27,1.1084285545529646,0.7412336183775037,0.014925373134328358,0.8834997172633504,1
MSME_03084,Eldoret,Transport,105,3,117505.18,71186.02,1875012.21,482840.32,0.0,97312.16,0.6058066052355715,0.25751302306824814,0.009433962264150943,0.8281450388396594,0
MSME_03085,Thika,Retail,85,1,16061.48,14741.7,6693766.79,1052347.51,17306.73,10575.26,0.9177723489772439,0.15721302904653045,0.011627906976744186,0.6583827653014976,0
MSME_03086,Eldoret,Digital Commerce,2,2,43256.32,48835.73,1134234.58,154900.59,41334.18,39357.02,1.1289587519522708,0.13656826917737847,0.3333333333333333,0.9098349134897862,1
MSME_03087,Thika,Transport,91,1,38077.31,27822.42,2561408.92,335407.81,90783.83,27353.81,0.7306632043281333,0.13094655696500151,0.010869565217391304,0.7183567232894528,0
MSME_03088,Machakos,Food Services,73,15,59010.29,43655.72,162709.9,79908.61,0.0,37941.39,0.7397858952075103,0.49110790979584035,0.013513513513513514,0.6429513742200856,0
MSME_03089,Mombasa,Digital Commerce,65,25,93791.15,56296.52,1502579.17,457161.08,192228.41,58700.0,0.6002263515656694,0.3042507076344552,0.015151515151515152,0.6258519502964801,0
MSME_03090,Nyeri,Retail,75,50,97453.05,62028.2,84966.03,55423.35,10614.28,89908.25,0.6364866313919226,0.6522924244851208,0.013157894736842105,0.9225706884423992,0
MSME_03091,Thika,Transport,67,10,61156.73,38203.91,227308.72,141639.08,48514.57,51454.91,0.6246783521886767,0.6231105295453269,0.014705882352941176,0.8413476105146479,1
MSME_03092,Kakamega,Transport,52,1,38027.37,40022.32,14766325.89,7879547.84,0.0,25001.27,1.0524332228807072,0.5336159695432559,0.018867924528301886,0.6574373290256721,1
MSME_03093,Machakos,Retail,62,1,194356.95,206058.34,479324.3,183233.52,0.0,119408.21,1.0602002130604895,0.3822738336574347,0.015873015873015872,0.6143726562252791,0
MSME_03094,Meru,Digital Commerce,23,3,149727.44,149680.28,712857.07,556288.7,5626.43,89121.92,0.99967835102002,0.7803638948774193,0.041666666666666664,0.5952237263675492,1
MSME_03095,Machakos,Digital Commerce,26,15,154302.69,122517.84,1693535.94,1130879.29,0.0,94127.99,0.7940046022230576,0.6677618086086744,0.037037037037037035,0.6100177513577284,1
MSME_03096,Eldoret,Services,68,1,789386.4,830189.74,696243.53,220863.0,0.0,434115.73,1.0516886132208343,0.3172204455236438,0.014492753623188406,0.5499400294456182,1
MSME_03097,Nakuru,Transport,82,1,156823.16,140650.93,214117.81,107348.16,5709.07,112619.53,0.8968702909041565,0.5013485737194224,0.012048192771084338,0.7181261484199883,1
MSME_03098,Kisumu,Agriculture,55,10,92350.11,70866.76,220556.84,49629.03,17098.61,47881.91,0.7673622980817447,0.22501594139659692,0.017857142857142856,0.5184768217729057,0
MSME_03099,Kakamega,Digital Commerce,6,1,119873.7,100754.11,1908385.0,692783.89,86502.21,60557.99,0.8404952004050896,0.363020840647542,0.14285714285714285,0.5051774060748432,1
MSME_03100,Meru,Agriculture,35,2,147092.84,93576.39,1043326.04,936606.46,0.0,114457.74,0.6361679727716674,0.8977112871530675,0.027777777777777776,0.7781273505403082,1
MSME_03101,Nyeri,Retail,22,3,246666.71,276192.66,1990022.79,555366.36,37161.31,133154.56,1.1196952369647408,0.2790752365829757,0.043478260869565216,0.5398135005185721,1
MSME_03102,Nairobi,Food Services,43,1,127424.53,119844.56,1476017.63,972167.03,0.0,112177.46,0.9405066629897478,0.6586414359824172,0.022727272727272728,0.8803374017749819,1
MSME_03103,Kisumu,Manufacturing,15,1,19093.04,19134.64,784304.97,228024.84,0.0,10463.52,1.0021263179505226,0.29073454585587305,0.0625,0.5479992709767026,0
MSME_03104,Kisumu,Retail,86,5,86098.9,83698.54,741059.83,630277.04,0.0,64074.89,0.9721096075605198,0.8505064827134368,0.011494252873563218,0.7441923858215863,1
MSME_03105,Thika,Construction,60,3,133451.47,129082.6,819224.89,285177.33,9327.52,107291.86,0.9672552332676945,0.3481058563713117,0.01639344262295082,0.8039705821855526,0
MSME_03106,Mombasa,Retail,101,50,491001.06,299261.98,471463.41,177907.31,28402.68,296132.55,0.6094923104803267,0.37735045578519916,0.00980392156862745,0.6031187526993267,0
MSME_03107,Nakuru,Retail,116,2,60724.61,53981.4,478074.39,274934.76,4193.81,54635.08,0.8889396088404876,0.5750866197065697,0.008547008547008548,0.8997040951914687,1
MSME_03108,Mombasa,Digital Commerce,106,1,25971.09,27320.04,1332266.41,760043.89,0.0,18611.51,1.0518999433622784,0.5704889906449037,0.009345794392523364,0.7165965465235951,1
MSME_03109,Eldoret,Construction,12,5,142112.92,88747.44,4109628.65,2314794.0,260351.22,91221.37,0.6244809797660918,0.5632609741366841,0.07692307692307693,0.6418890563288944,0
MSME_03110,Nakuru,Construction,111,2,316866.85,356757.57,97637.78,54540.83,0.0,286925.43,1.1258875584884993,0.5585980283653688,0.008928571428571428,0.9055050236242017,1
MSME_03111,Nakuru,Construction,49,1,89911.13,74921.85,12800510.2,4476972.23,0.0,79684.02,0.8332785576317678,0.34974948734859906,0.02,0.8862432688448155,0
MSME_03112,Nakuru,Retail,42,5,1444176.02,1096768.68,1674714.08,749481.74,45152.29,1183260.1,0.7594419969374668,0.4475279102401108,0.023255813953488372,0.8193317603128736,1
MSME_03113,Nakuru,Agriculture,38,1,1141094.06,1018428.44,1230100.18,706996.09,0.0,719707.54,0.8925009630661269,0.5747462903823896,0.02564102564102564,0.630716550468635,1
MSME_03114,Eldoret,Retail,82,1,123936.83,128977.07,217515.91,138561.14,5757.01,83730.84,1.0406594177096695,0.63701318669891,0.012048192771084338,0.6755874296007925,1
MSME_03115,Mombasa,Food Services,45,1,160606.6,138300.8,310430.86,93906.33,207165.62,130152.38,0.8611099350217548,0.30250223028010076,0.021739130434782608,0.8103749760285317,0
MSME_03116,Thika,Manufacturing,35,2,523729.95,500061.61,1518971.73,1004313.8,0.0,305532.5,0.9548062989212304,0.6611796118288444,0.027777777777777776,0.5833768273576346,1
MSME_03117,Nairobi,Manufacturing,30,2,121803.61,106572.42,985627.83,826568.2,29209.45,88039.72,0.8749457019730206,0.8386201527810423,0.03225806451612903,0.7227946462781664,1
MSME_03118,Kakamega,Food Services,88,2,59629.84,56481.37,154766.08,109317.81,3448.2,49610.54,0.9471838733111928,0.7063376139163445,0.011235955056179775,0.8319611127396496,0
MSME_03119,Mombasa,Retail,106,5,324140.36,219091.98,259233.26,43392.08,0.0,258006.27,0.6759149156405095,0.16738559170381262,0.009345794392523364,0.7959683700963062,0
MSME_03120,Kisumu,Digital Commerce,30,15,212015.11,131717.54,300245.94,142707.19,42542.41,174694.07,0.6212619408968498,0.47529939855506936,0.03225806451612903,0.8239660184313353,0
MSME_03121,Mombasa,Manufacturing,78,1,59435.99,40136.87,270969.69,121451.61,54712.12,53573.44,0.6752843641644707,0.4482093985884599,0.012658227848101266,0.9013484700352424,0
MSME_03122,Kisumu,Agriculture,6,1,176162.86,133392.45,1010295.5,373003.78,250238.95,164840.7,0.7572066711072295,0.36920228863506904,0.14285714285714285,0.9357237063265985,0
MSME_03123,Machakos,Manufacturing,67,1,113543.29,83947.76,213457.6,105246.57,26828.82,80192.51,0.7393393362184923,0.49305378185746557,0.014705882352941176,0.7062663388885517,0
MSME_03124,Kisumu,Services,80,1,90662.97,85073.28,1857548.1,839067.51,31951.54,47778.64,0.9383361438948681,0.4517067731883911,0.012345679012345678,0.5269859680753005,1
MSME_03125,Kakamega,Services,7,3,60728.01,51663.7,122712.63,12877.02,225503.57,53164.8,0.8507252135346846,0.10493553161128066,0.125,0.8754432189821636,0
MSME_03126,Nairobi,Construction,52,5,150452.56,93483.19,2353525.95,680743.78,148481.35,83213.0,0.6213424926601936,0.2892440980971133,0.018867924528301886,0.5530809639864952,0
MSME_03127,Machakos,Food Services,14,5,102144.39,63245.38,28678191.83,7772527.48,6705.02,61158.95,0.6191701847729006,0.27102570674778464,0.06666666666666667,0.5987441038699838,0
MSME_03128,Machakos,Services,73,1,177141.93,115110.97,1857056.64,704581.46,0.0,140637.47,0.6498197246709198,0.3794074264706183,0.013513513513513514,0.7939208750809305,0
MSME_03129,Nyeri,Manufacturing,15,2,302500.32,240244.13,379754.53,90976.04,5293.3,252763.48,0.7941920055092652,0.23956475367192148,0.0625,0.8355781059071081,0
MSME_03130,Nakuru,Food Services,21,2,167974.32,101355.81,400200.37,61727.37,0.0,136494.46,0.6033970347548675,0.15424077633717248,0.045454545454545456,0.8125863966206464,0
MSME_03131,Eldoret,Retail,35,1,170874.49,148950.1,189431.42,48738.86,89575.5,119154.45,0.8716879173250652,0.25728890545768246,0.027777777777777776,0.6973173858930851,0
MSME_03132,Kakamega,Digital Commerce,66,3,77561.23,61922.43,2660605.06,2084183.45,0.0,70823.5,0.7983580410207392,0.7833491328663665,0.014925373134328358,0.9131184082768121,1
MSME_03133,Thika,Manufacturing,91,50,431212.38,390459.67,887022.03,654295.37,0.0,377090.19,0.9054906181250684,0.7376306452832458,0.010869565217391304,0.8744862926099372,1
MSME_03134,Thika,Food Services,2,2,57037.87,56835.61,83174.44,37734.33,0.0,45553.7,0.9964364651684018,0.4536715405412944,0.3333333333333333,0.7986431007486648,0
MSME_03135,Nyeri,Agriculture,35,5,26582.49,19618.81,127502.9,102289.46,0.0,18567.45,0.7380073120572205,0.8022457352284912,0.027777777777777776,0.6984579526615956,1
MSME_03136,Nakuru,Agriculture,82,2,45661.76,31342.05,88560.33,25339.99,0.0,32361.48,0.6863809809131116,0.2861292846437604,0.012048192771084338,0.7087061754480017,0
MSME_03137,Machakos,Transport,78,1,374843.51,282230.72,1821047.71,1033202.95,0.0,217103.73,0.7529274471700278,0.5673670035987121,0.012658227848101266,0.5791834326185009,1
MSME_03138,Mombasa,Manufacturing,20,3,210849.06,126713.91,219214.85,46986.49,221093.38,179404.56,0.6009669145932423,0.2143389266788875,0.047619047619047616,0.8508632153104438,0
MSME_03139,Meru,Retail,82,1,494816.68,329551.43,1984041.31,1521205.25,26200.02,440230.25,0.6660057700444333,0.766720166365807,0.012048192771084338,0.8896817308548878,0
MSME_03140,Thika,Construction,10,1,35487.95,35947.76,373306.9,76328.29,19303.7,30955.31,1.0129282494973788,0.20446470594380667,0.09090909090909091,0.8722520671927461,0
MSME_03141,Nairobi,Transport,25,3,1356228.47,979934.42,1887937.2,236913.7,19628.29,1012009.65,0.7225432286174994,0.12548805887819847,0.038461538461538464,0.7461935257902927,0
MSME_03142,Nairobi,Manufacturing,66,10,100339.61,115075.97,535612.17,170729.26,13264.59,88005.21,1.1468534026253179,0.3187547834195339,0.014925373134328358,0.8770647298237474,0
MSME_03143,Machakos,Agriculture,25,2,22917.51,15865.96,2280278.92,1871534.53,21035.64,19610.15,0.6922771157461807,0.8207477132895158,0.038461538461538464,0.8556468112455828,0
MSME_03144,Kakamega,Digital Commerce,54,2,1197543.78,1238050.03,281931.12,57391.5,0.0,1047325.91,1.0338235786055532,0.20356495740889688,0.01818181818181818,0.8745609579626743,1
MSME_03145,Kakamega,Retail,33,15,35950.48,35510.97,302086.49,110121.47,0.0,33860.68,0.9877470969206275,0.36453502261877846,0.029411764705882353,0.9418438406429999,0
MSME_03146,Nyeri,Agriculture,36,10,89509.88,69564.63,422354.3,149146.82,0.0,77381.29,0.7771639604034728,0.35313116705295283,0.02702702702702703,0.8644903278796945,0
MSME_03147,Kisumu,Manufacturing,95,5,108472.04,84815.0,1983771.06,1470603.25,6343.37,67449.05,0.7818993548996138,0.7413166460263585,0.010416666666666666,0.6218047359970736,1
MSME_03148,Machakos,Construction,14,1,207748.43,189041.38,199053.54,87030.25,0.0,180614.06,0.9099489707384517,0.43721811117696685,0.06666666666666667,0.8693841422332663,0
MSME_03149,Machakos,Retail,65,15,60397.11,64552.78,365159.69,215171.68,138254.01,40407.83,1.0687880796269948,0.5892520358639918,0.015151515151515152,0.6690247426616496,1
MSME_03150,Nyeri,Retail,110,1,376741.0,306065.45,540403.42,228864.31,0.0,275882.35,0.8124006614606283,0.42350562195623787,0.009009009009009009,0.7322845607869576,0
MSME_03151,Eldoret,Transport,80,3,283122.85,179400.49,1177469.53,637206.02,0.0,243026.93,0.6336466885428409,0.5411651534072789,0.012345679012345678,0.8583767492565533,0
MSME_03152,Machakos,Retail,54,1,135817.43,109459.42,453405.35,67989.3,179707.09,87265.89,0.8059246451310033,0.14995224482409655,0.01818181818181818,0.6425187656785607,0
MSME_03153,Eldoret,Services,110,3,500984.0,357713.58,1458846.88,582406.03,0.0,256372.26,0.714020539537112,0.3992232761101864,0.009009009009009009,0.511736399293392,0
MSME_03154,Nairobi,Manufacturing,52,1,124510.24,139023.63,297335.91,233136.53,37263.77,102492.48,1.1165548588223841,0.7840820367710152,0.018867924528301886,0.8231584554133425,1
MSME_03155,Machakos,Construction,3,2,101149.42,99480.54,2390018.51,1560333.27,23809.14,91639.19,0.9834911214407216,0.6528537794237504,0.25,0.9059694462959225,1
MSME_03156,Nyeri,Construction,99,2,982742.85,617121.2,1808151.31,1601051.51,0.0,901715.51,0.6279573258077371,0.88546274622186,0.01,0.9175488709494342,1
MSME_03157,Nyeri,Food Services,41,1,179106.53,136325.81,366798.1,267885.72,14245.06,153943.78,0.7611394674472927,0.7303336349516669,0.023809523809523808,0.8595047902229459,1
MSME_03158,Mombasa,Food Services,6,3,49729.25,31211.01,1731870.63,798752.19,0.0,45791.4,0.6276061350988583,0.461207503006444,0.14285714285714285,0.9207956927624534,0
MSME_03159,Kisumu,Retail,25,15,56938.71,60156.27,196829.18,126172.3,167154.12,49496.55,1.056490628420833,0.6410211076370504,0.038461538461538464,0.8692799805267712,1
MSME_03160,Kisumu,Food Services,13,25,135802.67,149174.21,885685.27,638340.78,82206.26,69740.72,1.0984549239354133,0.7207301294170452,0.07142857142857142,0.5135407607172914,1
MSME_03161,Kakamega,Construction,117,1,12112.6,8015.56,282768.0,89283.13,0.0,7962.16,0.6616992471271959,0.3157458207936514,0.00847457627118644,0.6572909787346454,0
MSME_03162,Thika,Manufacturing,98,5,70757.27,59588.91,1062332.12,157240.36,315362.65,46080.52,0.8421476387141743,0.1480141746875029,0.010101010101010102,0.6512386467334489,0
MSME_03163,Thika,Transport,8,3,120524.22,134087.51,594941.86,252658.61,0.0,72148.69,1.1125265732765308,0.4246771026044417,0.1111111111111111,0.5986190276192817,1
MSME_03164,Kisumu,Agriculture,21,2,112735.82,76645.3,293338.22,63284.36,0.0,96848.15,0.6798604040809382,0.21573780689810249,0.045454545454545456,0.8590640573328215,0
MSME_03165,Eldoret,Agriculture,98,1,37894.33,28820.42,110658.85,35609.23,3479.58,27815.97,0.760526956751663,0.3217899717015702,0.010101010101010102,0.7340210521982524,0
MSME_03166,Meru,Manufacturing,68,3,85091.65,65295.17,562760.36,482553.73,102080.7,74568.38,0.7673420677344048,0.8574748806492329,0.014492753623188406,0.8763198701650496,0
MSME_03167,Nyeri,Transport,25,25,433567.99,267308.57,3053037.2,2374243.45,161104.56,334110.61,0.6165306471756663,0.7776658182658834,0.038461538461538464,0.7706054116093496,0
MSME_03168,Meru,Manufacturing,79,3,352620.9,218607.43,1025895.85,588834.54,60742.15,270027.99,0.6199485341097646,0.5739705117527167,0.0125,0.7657720351458601,0
MSME_03169,Mombasa,Retail,68,2,146622.48,164808.95,111681.17,47018.37,3669.26,98657.4,1.1240283616239364,0.4210015797508233,0.014492753623188406,0.6728622182477185,1
MSME_03170,Kakamega,Transport,45,2,124379.17,113695.12,551119.17,171653.94,46068.76,106384.16,0.9140936211937963,0.3114637230569877,0.021739130434782608,0.8553144765761295,0
MSME_03171,Kakamega,Construction,60,1,113365.6,87139.21,3036236.88,1691689.85,494486.67,91530.39,0.7686497610407298,0.5571664398047759,0.01639344262295082,0.8073840972561583,0
MSME_03172,Nairobi,Food Services,12,5,168773.03,136414.36,502921.64,264802.43,30202.36,110113.99,0.8082662954721173,0.5265271613145115,0.07692307692307693,0.6524344414836809,1
MSME_03173,Mombasa,Retail,32,5,147645.42,146636.06,226953.74,164456.27,0.0,139836.16,0.9931568946947714,0.7246214377368809,0.030303030303030304,0.947101595826028,1
MSME_03174,Thika,Food Services,96,1,184266.98,147705.55,5937289.73,5001668.76,84336.62,130508.04,0.8015801226018757,0.8424160088249543,0.010309278350515464,0.7082513196269911,1
MSME_03175,Kakamega,Retail,92,10,220090.52,159624.66,199419.47,72419.15,38435.81,141400.59,0.7252649261543562,0.363148025877183,0.010752688172043012,0.6424626900663869,0
MSME_03176,Nyeri,Retail,13,1,39691.51,26038.05,555982.58,147356.34,195531.63,32130.55,0.6559940401854153,0.26503721566741234,0.07142857142857142,0.8094864749042073,0
MSME_03177,Machakos,Retail,31,50,97707.28,97796.5,348687.39,147229.66,0.0,58650.1,1.0009028917508322,0.42223849208171227,0.03125,0.6002572146393325,1
MSME_03178,Thika,Digital Commerce,78,2,162415.38,113578.82,1596659.2,718549.4,8236.62,141916.91,0.6993064369492782,0.4500327621368655,0.012658227848101266,0.8737844668130148,0
MSME_03179,Thika,Retail,20,1,50724.53,32377.8,1299804.41,171439.3,8444.29,40892.27,0.6382939714971928,0.13189612743649068,0.047619047619047616,0.806147712995803,0
MSME_03180,Kisumu,Digital Commerce,18,2,67926.3,56706.57,249097.51,196626.92,46589.68,60558.29,0.8348126600056236,0.7893540591631801,0.05263157894736842,0.8915162239629721,1
MSME_03181,Meru,Transport,93,2,107162.68,66629.9,315022.48,282409.42,62009.75,69449.25,0.6217582300271883,0.8964710186047085,0.010638297872340425,0.6480670503289921,0
MSME_03182,Mombasa,Services,60,1,112551.41,127267.39,861709.09,722600.77,16015.56,99550.77,1.1307389153195386,0.8385659845296695,0.01639344262295082,0.88448368186874,1
MSME_03183,Eldoret,Services,63,3,165479.53,156380.0,947791.82,747364.16,156918.03,120042.0,0.9450054335697378,0.7885311475560661,0.015625,0.7254146454570819,1
MSME_03184,Kisumu,Transport,6,3,57066.31,39032.4,554287.14,495577.18,40377.28,30052.28,0.6839712613052903,0.8940786284909505,0.14285714285714285,0.5266111193956751,1
MSME_03185,Nairobi,Retail,32,5,350817.16,243765.22,504421.66,416776.75,0.0,206061.64,0.6948477809700616,0.8262450977123035,0.030303030303030304,0.5873744962347446,1
MSME_03186,Mombasa,Manufacturing,93,1,111627.66,101961.34,166984.2,108655.63,16028.01,66746.88,0.9133975092059691,0.6506901809262138,0.010638297872340425,0.5979367664182299,0
MSME_03187,Thika,Retail,43,2,154075.45,122661.19,6718062.43,1568031.5,0.0,130285.57,0.7961060239900387,0.23340528358184914,0.022727272727272728,0.8455904195611983,0
MSME_03188,Kakamega,Retail,2,1,92057.4,94436.78,1569197.63,353195.16,0.0,54443.34,1.025835556559749,0.2250799568949407,0.3333333333333333,0.5914000243323804,1
MSME_03189,Nairobi,Manufacturing,60,5,168661.79,151828.26,734600.52,102126.95,25917.6,126979.18,0.9001882395043981,0.1390236028915377,0.01639344262295082,0.75285829198011,0
MSME_03190,Mombasa,Services,23,1,708723.79,594146.99,2353564.31,1010772.78,0.0,562474.32,0.838332450597643,0.4294645131390044,0.041666666666666664,0.7936427904546699,0
MSME_03191,Kakamega,Manufacturing,83,15,91206.47,103030.4,571026.11,426590.34,18534.19,77364.59,1.1296267728948077,0.7470579461630115,0.011904761904761904,0.8482264665383219,1
MSME_03192,Eldoret,Retail,31,5,77304.21,62995.28,274494.92,135116.49,33766.86,65920.86,0.8148904840954444,0.4922349665525083,0.03125,0.8527350226459509,1
MSME_03193,Nairobi,Agriculture,115,2,58095.56,47657.88,1104810.63,434253.95,48380.39,47808.1,0.8203218916920382,0.39305700465879423,0.008620689655172414,0.8229075869552346,0
MSME_03194,Kakamega,Agriculture,5,2,125539.8,121293.4,861825.03,161496.26,0.0,74813.27,0.9661671743369485,0.18738846864488418,0.16666666666666666,0.5959279373717549,0
MSME_03195,Nakuru,Manufacturing,83,1,124094.21,129704.91,5488598.17,776102.31,0.0,92395.73,1.0452048068575732,0.14140262131767223,0.011904761904761904,0.7445551685677472,0
MSME_03196,Eldoret,Retail,34,1,140286.64,132489.26,301196.38,126304.69,0.0,88461.43,0.944411496265815,0.4193419278746714,0.02857142857142857,0.6305718023341186,0
MSME_03197,Eldoret,Construction,10,10,212831.46,209476.3,229725.07,41336.8,0.0,180650.05,0.9842309767974302,0.1799395253660153,0.09090909090909091,0.8487899355201739,0
MSME_03198,Eldoret,Services,89,15,187618.91,151054.3,9079133.66,1660015.53,158796.02,156969.82,0.8051080506327926,0.18283851844532506,0.011111111111111112,0.8366373270299512,0
MSME_03199,Kakamega,Food Services,2,1,130284.85,112530.06,3022005.52,1257996.65,6528.35,78606.24,0.8637166660846132,0.4162786022050012,0.3333333333333333,0.6033367399452819,1
MSME_03200,Meru,Food Services,11,3,940156.44,665977.96,1566004.09,786564.34,101179.6,741411.34,0.7083685472935256,0.5022744466303107,0.08333333333333333,0.7886033854074483,0
MSME_03201,Meru,Retail,50,5,265848.08,258972.07,321168.5,80082.18,7063.49,139913.87,0.9741319022055671,0.24934553249919433,0.0196078431372549,0.5262905931440499,0
MSME_03202,Eldoret,Retail,31,3,44834.81,32361.7,1204128.82,779924.53,222737.02,37923.38,0.7217824323905379,0.6477080104203382,0.03125,0.8458279219222313,0
MSME_03203,Thika,Retail,56,1,28418.57,17070.79,155022.36,67427.53,72426.71,24186.79,0.6006702423717178,0.43495077129021076,0.017543859649122806,0.8510610822049736,0
MSME_03204,Machakos,Food Services,79,1,66459.69,74007.46,393924.69,68360.91,0.0,43607.88,1.1135523871329052,0.17353757760759397,0.0125,0.6561454598199326,0
MSME_03205,Nyeri,Food Services,73,1,155229.26,119263.94,180564.64,110077.13,112724.92,133934.2,0.7683034222837738,0.609623901867487,0.013513513513513514,0.862809867096789,1
MSME_03206,Thika,Manufacturing,87,10,61114.25,43277.91,295478.38,113923.42,0.0,54161.52,0.7081360216967124,0.38555455206383604,0.011363636363636364,0.8862193969590241,0
MSME_03207,Nakuru,Services,83,2,71137.7,53174.06,174617.5,24770.75,72740.41,41652.97,0.7474702236616637,0.14185638978687826,0.011904761904761904,0.585517728043948,0
MSME_03208,Kisumu,Transport,9,2,136771.51,106920.61,1681310.09,1443211.81,0.0,89982.36,0.781740497414283,0.8583847561488457,0.1,0.6578979942680001,1
MSME_03209,Nakuru,Manufacturing,99,25,94658.16,81500.73,6230114.46,3469909.38,47501.1,58450.12,0.8609914772115027,0.5569574757126572,0.01,0.6174798086101757,1
MSME_03210,Kisumu,Manufacturing,21,3,17193.72,10972.06,2353842.47,1134967.04,0.0,11493.34,0.6381063489257166,0.48217608964456754,0.045454545454545456,0.6684226320637963,0
MSME_03211,Machakos,Digital Commerce,73,15,391279.15,246102.94,1792240.4,1411048.64,0.0,274328.5,0.6289686302767978,0.7873094773951768,0.013513513513513514,0.7011050777812265,1
MSME_03212,Thika,Services,28,2,310195.15,236089.81,487270.7,413884.0,41943.38,226283.0,0.7610984533495982,0.8493905966630116,0.034482758620689655,0.7294835864339386,1
MSME_03213,Thika,Agriculture,62,1,36859.89,28111.98,918612.25,253773.52,0.0,19012.21,0.7626506033902057,0.2762571952886593,0.015873015873015872,0.5157827171291849,0
MSME_03214,Nairobi,Construction,110,15,141053.02,93758.71,201453.65,150710.62,0.0,74028.13,0.6647007295502816,0.7481118951585382,0.009009009009009009,0.5248211288129186,1
MSME_03215,Eldoret,Manufacturing,115,2,43627.74,35889.72,153427.88,117351.45,0.0,34677.75,0.8226164679520885,0.764858936596552,0.008620689655172414,0.7948373022003387,0
MSME_03216,Machakos,Services,7,1,72489.97,54818.06,127584.53,18311.22,0.0,50687.42,0.7562053590950707,0.14352113441077527,0.125,0.6992239171306439,0
MSME_03217,Mombasa,Manufacturing,80,2,216674.81,133109.96,168692.86,112949.2,1104778.54,117087.15,0.6143277369079639,0.6695513399242865,0.012345679012345678,0.5403794267574216,0
MSME_03218,Kisumu,Manufacturing,16,1,299553.14,325658.13,1663794.99,250192.02,31320.98,201839.94,1.0871428116466693,0.15037421745438873,0.058823529411764705,0.6738012033484164,1
MSME_03219,Meru,Digital Commerce,97,2,292623.75,318172.86,1897636.17,1092542.39,74469.48,208925.37,1.087306729864784,0.5757382956405728,0.01020408163265306,0.7139702639643434,1
MSME_03220,Nakuru,Digital Commerce,4,10,170218.67,121714.9,247252.71,157101.76,0.0,133794.52,0.7150460343390396,0.6353868663891838,0.2,0.7860109234144326,1
MSME_03221,Kakamega,Services,4,25,476968.5,328907.81,1037482.99,408402.02,0.0,263882.12,0.6895782854039934,0.3936465756931825,0.2,0.5532473669700054,0
MSME_03222,Eldoret,Manufacturing,103,25,72362.12,65199.07,2871507.73,2310501.26,33353.92,68574.83,0.9009986026030941,0.8046297181203415,0.009615384615384616,0.9476488852332515,1
MSME_03223,Nyeri,Transport,40,1,90343.18,85547.26,607864.87,450068.84,0.0,64470.47,0.9469039400213716,0.740408143000363,0.024390243902439025,0.7136095540410019,1
MSME_03224,Eldoret,Agriculture,17,2,9950.44,11210.65,298930.98,251331.53,0.0,8023.59,1.1265354561751866,0.8407649459251567,0.05555555555555555,0.8062742678446536,1
MSME_03225,Mombasa,Food Services,101,1,121411.82,98045.1,442459.59,155706.67,101926.17,110326.7,0.8075349868325272,0.35191082215932495,0.00980392156862745,0.9086906967484981,0
MSME_03226,Nyeri,Services,103,10,237920.88,223648.05,4061464.35,476093.95,3619.41,122367.59,0.9400062322977608,0.11722221143656932,0.009615384615384616,0.5143183552517322,1
MSME_03227,Thika,Construction,52,2,177239.93,191950.77,671018.33,502706.14,0.0,136583.14,1.082993471090453,0.7491678965492694,0.018867924528301886,0.7706072180957301,1
MSME_03228,Meru,Retail,93,3,71394.75,60505.24,9462690.5,2634241.62,0.0,53057.73,0.8474627691424209,0.2783818557331178,0.010638297872340425,0.743149697285903,1
MSME_03229,Mombasa,Food Services,52,5,310061.4,206900.92,327393.8,155094.57,230716.59,163040.53,0.6672880039630732,0.47372337618068466,0.018867924528301886,0.5258313487865668,0
MSME_03230,Mombasa,Agriculture,36,2,123768.63,99955.05,397374.36,299563.42,0.0,100483.11,0.8075894708580772,0.7538550452650109,0.02702702702702703,0.8118559455982861,1
MSME_03231,Machakos,Manufacturing,38,2,286767.4,193600.06,135076.45,36863.46,73913.26,171874.64,0.6751094611540183,0.2729060994266622,0.02564102564102564,0.5993499981169473,0
MSME_03232,Kakamega,Food Services,103,25,216674.11,131987.4,2641523.92,923283.96,67767.94,176772.86,0.6091488773214423,0.3495268785879938,0.009615384615384616,0.8158429456895164,1
MSME_03233,Nairobi,Manufacturing,50,25,553772.35,561167.53,816744.91,368567.57,77401.95,367252.48,1.013352357963777,0.4512634412824914,0.0196078431372549,0.663181931741569,1
MSME_03234,Machakos,Services,63,1,187093.42,136790.18,247640.99,78616.08,0.0,158385.21,0.731129127207535,0.3174586022346211,0.015625,0.8465522916183176,0
MSME_03235,Eldoret,Construction,101,2,245227.76,147407.36,474324.99,222485.52,0.0,226539.6,0.6011014368787738,0.4690561442774831,0.00980392156862745,0.9237888737030681,0
MSME_03236,Nairobi,Transport,116,50,123411.91,133264.84,1306091.66,140636.44,16631.03,109494.83,1.0798290065439669,0.10767723018977843,0.008547008547008548,0.88722346794999,0
MSME_03237,Kakamega,Services,63,1,80588.39,68023.36,270443.35,72952.2,0.0,57794.62,0.8440733947731829,0.2697493957629361,0.015625,0.7171492425988086,0
MSME_03238,Nairobi,Transport,62,2,217669.3,159197.43,1099889.7,842562.46,0.0,130900.4,0.7313695529431439,0.7660419894449512,0.015873015873015872,0.6013700537004819,1
MSME_03239,Thika,Construction,99,1,598828.6,445848.54,2146535.09,924696.34,0.0,566845.51,0.7445332361660145,0.43078536825346364,0.01,0.9465889962687216,0
MSME_03240,Kakamega,Construction,7,2,71978.26,52709.38,433541.49,264080.79,0.0,57350.44,0.7322856611751775,0.6091232026646338,0.125,0.7967634010130141,1
MSME_03241,Mombasa,Agriculture,27,1,103970.62,73507.84,78131.5,22332.35,59055.52,70510.66,0.7069990830190007,0.2858266406424983,0.03571428571428571,0.6781721781386113,0
MSME_03242,Mombasa,Construction,92,2,136851.33,145428.41,527274.43,326858.96,8951.35,98079.39,1.062666671440669,0.6199017466070816,0.010752688172043012,0.7166804540339211,1
MSME_03243,Nairobi,Food Services,86,1,264314.86,183350.57,398468.13,358612.99,18328.61,147388.54,0.6936797890221192,0.8999768438774667,0.011494252873563218,0.5576227624025286,1
MSME_03244,Nairobi,Transport,14,2,188237.17,171111.37,163659.51,94305.54,61464.14,136920.22,0.9090152650761532,0.5762266046952926,0.06666666666666667,0.7273775557847805,0
MSME_03245,Nakuru,Construction,71,50,332057.41,213355.56,1474931.77,888921.98,0.0,191903.96,0.6425241872356132,0.602686439735148,0.013888888888888888,0.5779222998748925,0
MSME_03246,Eldoret,Agriculture,101,10,959252.37,1076508.27,1545402.39,292414.64,23909.96,637505.19,1.1222355882888375,0.18921573609334455,0.00980392156862745,0.6645847801399957,0
MSME_03247,Nakuru,Services,86,10,70340.2,65544.59,947751.07,400619.28,0.0,50736.04,0.9318093805621741,0.42270472698624656,0.011494252873563218,0.72128482311931,1
MSME_03248,Thika,Digital Commerce,5,3,245175.36,268892.12,433573.96,341907.72,0.0,227157.28,1.0967293910391687,0.7885781042336946,0.16666666666666666,0.926505638634981,1
MSME_03249,Machakos,Agriculture,55,1,183622.96,150356.5,857816.75,658303.65,0.0,143430.08,0.8188283271965162,0.7674166802913556,0.017857142857142856,0.7811076506573542,1
MSME_03250,Mombasa,Digital Commerce,2,1,135813.81,142043.54,334332.46,173157.23,5945.48,90635.43,1.0458619350864609,0.5179177399713448,0.3333333333333333,0.6673457040509794,1
MSME_03251,Nairobi,Digital Commerce,62,15,244283.62,261263.77,1658962.91,1364933.83,0.0,134573.45,1.0695056037502484,0.8227628230923963,0.015873015873015872,0.5508879355564833,1
MSME_03252,Mombasa,Agriculture,91,2,102047.84,100682.66,431445.54,92480.19,25183.67,85335.96,0.9866124886867896,0.2143491288631032,0.010869565217391304,0.8362266538257564,0
MSME_03253,Kakamega,Food Services,21,1,184065.28,119848.79,539006.52,337715.36,22660.96,130701.77,0.6511175756906696,0.6265503679800237,0.045454545454545456,0.7100799233841202,1
MSME_03254,Thika,Construction,118,5,36123.81,21993.77,595666.28,178167.87,0.0,19169.82,0.6088272851815691,0.2991063568238967,0.008403361344537815,0.5306552477369432,0
MSME_03255,Nakuru,Food Services,102,1,77744.63,53854.31,36787335.93,22677521.01,35126.31,61853.13,0.6926988693769668,0.6164491072879626,0.009708737864077669,0.7955833659075113,0
MSME_03256,Nyeri,Agriculture,79,1,379845.86,252579.73,214572.58,36460.12,13531.4,249766.67,0.6649514754446042,0.16991896206420196,0.0125,0.6575457014439978,0
MSME_03257,Mombasa,Retail,21,50,365522.45,365093.22,414768.16,354580.02,17451.68,249195.32,0.9988229756531352,0.8548852089195832,0.045454545454545456,0.6817492010430521,1
MSME_03258,Nairobi,Services,10,10,172721.08,156546.4,106660.79,77762.72,86003.24,151560.02,0.9063485108562843,0.72905883165846,0.09090909090909091,0.8774791271619703,1
MSME_03259,Eldoret,Digital Commerce,87,2,84706.72,75327.4,989570.51,258049.56,0.0,47587.28,0.8892625134993598,0.2607689867708499,0.011363636363636364,0.5617820902274314,0
MSME_03260,Meru,Digital Commerce,58,50,304146.82,224787.92,5823317.63,3551182.86,0.0,198659.18,0.7390745723576122,0.6098211493538007,0.01694915254237288,0.6531665425055487,1
MSME_03261,Thika,Construction,39,3,458854.01,314330.66,554108.19,391929.87,0.0,304518.77,0.685032642446249,0.7073152314979653,0.025,0.6636492211341444,1
MSME_03262,Thika,Construction,5,5,88223.9,62956.7,337499.67,90300.28,25412.64,44244.13,0.7135933279607004,0.26755585403726756,0.16666666666666666,0.5014925491556239,0
MSME_03263,Nairobi,Food Services,65,1,31100.54,25507.18,678098.77,118439.61,0.0,27380.85,0.8201259487472324,0.17466398786715412,0.015151515151515152,0.8803695894158295,0
MSME_03264,Nairobi,Food Services,13,1,208800.58,210278.63,2524768.9,963006.98,10810.34,182886.48,1.007073940724012,0.3814236616176389,0.07142857142857142,0.8758864755716887,1
MSME_03265,Nakuru,Retail,85,3,332291.63,245890.54,3827596.6,798449.94,0.0,265111.01,0.7399819249677612,0.20860341745433217,0.011627906976744186,0.7978239240515205,0
MSME_03266,Mombasa,Food Services,90,15,239781.54,236001.9,207624.87,114727.14,161988.56,216888.02,0.9842330471601476,0.5525666912316851,0.01098901098901099,0.9045196535160566,0
MSME_03267,Kisumu,Food Services,114,3,637353.16,554708.53,1606883.02,705890.74,0.0,396942.89,0.8703301316806342,0.4392916546646596,0.008695652173913044,0.6227979903669256,1
MSME_03268,Thika,Construction,109,1,640049.42,695728.9,645674.6,303427.98,0.0,383571.14,1.0869907717582623,0.46993874323266976,0.00909090909090909,0.5992826940102625,1
MSME_03269,Kakamega,Transport,85,1,98184.41,71488.36,4118564.74,2200511.18,34046.62,52119.66,0.7280955490230168,0.5342906533282628,0.011627906976744186,0.5308289693957585,1
MSME_03270,Nairobi,Retail,53,10,162591.21,137872.66,11458626.84,10148237.95,0.0,124610.84,0.8479659634369937,0.8856416397934083,0.018518518518518517,0.766401047135038,1
MSME_03271,Kakamega,Digital Commerce,82,1,81102.18,52973.16,6483043.85,4759257.81,121143.24,58666.07,0.6531576197135551,0.7341084197497106,0.012048192771084338,0.7233510449282013,0
MSME_03272,Mombasa,Transport,101,2,47951.07,37609.67,223351.92,134810.13,243342.81,41462.25,0.7843179658354686,0.6035745133755135,0.00980392156862745,0.8646602743114113,0
MSME_03273,Nakuru,Construction,45,1,50846.2,44682.84,265721.32,103887.6,8131.93,36435.33,0.8787669724193269,0.39096301733328237,0.021739130434782608,0.7165651205966111,1
MSME_03274,Thika,Services,32,1,272943.84,273764.61,5572292.53,677899.94,61681.64,161434.35,1.0030034273591688,0.12165546131953317,0.030303030303030304,0.5914541194477243,0
MSME_03275,Kisumu,Retail,36,3,180392.0,127887.54,643867.07,124409.34,16196.91,155916.16,0.7089384843092581,0.1932217884325278,0.02702702702702703,0.8643138037506999,0
MSME_03276,Meru,Retail,81,3,324474.05,233605.31,289724.22,198372.38,10659.73,228739.46,0.7199484521228983,0.6846914466058565,0.012195121951219513,0.7049523838581734,1
MSME_03277,Kakamega,Retail,99,2,1675498.7,1587313.54,142170.44,56208.95,12602.24,1558420.88,0.9473672481111158,0.3953603480417726,0.01,0.9301230432926965,0
MSME_03278,Nakuru,Food Services,113,1,219666.9,178007.46,862539.99,317026.53,0.0,162666.01,0.8103480754356918,0.3675495236464067,0.008771929824561403,0.7405087862177405,0
MSME_03279,Nyeri,Agriculture,60,10,60601.77,52429.75,444896.62,360892.44,171471.11,33484.45,0.8651378476594387,0.8111808734782623,0.01639344262295082,0.5525234242593201,1
MSME_03280,Eldoret,Manufacturing,11,1,375167.11,397629.93,1165192.47,568156.14,33755.35,331257.93,1.059871346741065,0.48760669762421516,0.08333333333333333,0.882958655521121,1
MSME_03281,Thika,Agriculture,63,2,59485.49,52019.81,916410.89,751146.86,0.0,53256.45,0.8744810796535483,0.8196607532012706,0.015625,0.8952696654315963,1
MSME_03282,Meru,Food Services,21,25,765540.11,734057.01,169612.41,137269.16,18681.7,536218.13,0.9588734039377715,0.8093060566378566,0.045454545454545456,0.700443285142453,1
MSME_03283,Meru,Food Services,52,1,18556.04,17836.55,273483.36,44890.94,31206.32,9495.07,0.9611743036604975,0.16414445052726234,0.018867924528301886,0.511669425727379,0
MSME_03284,Thika,Digital Commerce,55,25,77145.69,80384.77,2266071.16,1940414.94,12813.23,39604.71,1.0419730256735578,0.8562900044630528,0.017857142857142856,0.5133688820609154,1
MSME_03285,Mombasa,Digital Commerce,117,1,248236.77,236067.39,2518742.35,406937.85,0.0,163344.06,0.9509728918367258,0.16156384095267187,0.00847457627118644,0.6580145317934495,0
MSME_03286,Meru,Manufacturing,26,3,432579.32,274967.06,467090.94,406745.08,0.0,355711.92,0.635643942378146,0.8708030371922068,0.037037037037037035,0.8223025957352844,0
MSME_03287,Mombasa,Food Services,68,2,67711.88,53370.17,900999.18,416344.45,0.0,43943.2,0.7881834297994709,0.46209141711825186,0.014492753623188406,0.6489636831279366,1
MSME_03288,Mombasa,Retail,34,25,56485.66,64626.59,209213.3,148267.07,1819.55,28439.31,1.1441035812703388,0.7086851615783434,0.02857142857142857,0.5034694917348627,1
MSME_03289,Mombasa,Services,52,1,154564.57,109444.18,683910.27,454742.53,0.0,136303.84,0.7080760611823188,0.6649145144223169,0.018867924528301886,0.8818512428091198,1
MSME_03290,Nyeri,Transport,112,2,898960.03,829471.31,2748048.63,1414684.39,0.0,841363.3,0.9226999639795287,0.5147957935534082,0.008849557522123894,0.9359285574370226,1
MSME_03291,Nakuru,Transport,82,50,28613.17,30433.46,5400309.35,3216229.06,0.0,18766.41,1.0635800374429871,0.5955637457021337,0.012048192771084338,0.6558432413031725,1
MSME_03292,Machakos,Retail,104,2,97331.69,89798.92,627347.6,539477.87,0.0,51866.46,0.9225977418275402,0.8599331695328563,0.009523809523809525,0.5328781111464196,1
MSME_03293,Machakos,Digital Commerce,99,2,172850.96,139101.58,500300.03,421193.19,64518.06,109092.34,0.8047440133163661,0.8418795180173824,0.01,0.6311316342609017,1
MSME_03294,Nairobi,Services,105,1,60117.16,38723.01,130126.55,81128.81,194514.59,51673.86,0.6441150228150695,0.6234560629167305,0.009433962264150943,0.8595382826087824,0
MSME_03295,Nairobi,Agriculture,93,5,59910.9,47863.76,355696.96,222728.52,49493.1,44574.69,0.7989023883402129,0.6261731723173222,0.010638297872340425,0.7440039457937405,1
MSME_03296,Nakuru,Transport,52,1,105515.0,73874.97,671868.33,199915.06,0.0,70989.81,0.7001305015353122,0.2975505073285605,0.018867924528301886,0.6727871602411009,0
MSME_03297,Mombasa,Services,29,1,178565.33,201506.43,591691.62,451400.82,926125.58,116139.27,1.1284682280248466,0.7628974990426617,0.03333333333333333,0.6503984821774632,1
MSME_03298,Kisumu,Retail,38,3,109637.9,108899.76,369168.78,223746.8,40270.89,60512.2,0.9932584146685164,0.6060810286259075,0.02564102564102564,0.5519227208591111,1
MSME_03299,Kakamega,Agriculture,42,2,576981.6,583998.12,3031299.17,2306815.74,0.0,376642.74,1.012158980184151,0.7609987829083915,0.023255813953488372,0.6527800665046052,1
MSME_03300,Mombasa,Services,21,25,241012.43,202398.16,1198779.91,750774.19,53819.45,171492.1,0.8397795923654545,0.6262814028294795,0.045454545454545456,0.7115458254753688,1
MSME_03301,Kakamega,Construction,42,15,195470.36,129104.39,598004.72,202996.3,0.0,156945.79,0.6604772688950443,0.33945544868701255,0.023255813953488372,0.8029093878509875,1
MSME_03302,Meru,Transport,13,5,372373.86,278049.35,1656804.56,416827.38,23773.95,230102.94,0.7466920564938245,0.25158497174526623,0.07142857142857142,0.6179336059367703,0
MSME_03303,Thika,Retail,113,10,198948.82,147787.36,707005.48,114232.77,168407.86,179814.02,0.7428373647183998,0.16157245121713737,0.008771929824561403,0.9038159471569263,0
MSME_03304,Nyeri,Transport,105,3,85546.33,74231.0,4698971.81,2672756.11,104126.1,61435.94,0.8677184898698767,0.5687958236983287,0.009433962264150943,0.7181514607177103,0
MSME_03305,Thika,Transport,64,1,102421.05,87420.35,281001.4,91955.2,0.0,69884.19,0.8535305629988855,0.32723990969472144,0.015384615384615385,0.6823158685068303,1
MSME_03306,Nairobi,Services,17,5,43069.22,36108.14,1081500.35,653667.04,4558.79,33046.12,0.8383551326183148,0.6044070495150098,0.05555555555555555,0.767261462792621,1
MSME_03307,Eldoret,Services,9,1,989423.95,863556.96,56914.36,8362.15,43014.43,569344.9,0.8727867232375736,0.1469225530682754,0.1,0.5754301021012256,0
MSME_03308,Kisumu,Transport,41,2,337973.91,386257.77,455861.68,182586.48,116668.01,185197.34,1.1428593027807894,0.400529562981554,0.023809523809523808,0.5479617998862697,1
MSME_03309,Kakamega,Services,1,10,10305.35,7874.26,875261.7,269967.97,2452.29,6759.72,0.7640202399491576,0.308442219690157,0.5,0.6558791424704187,0
MSME_03310,Machakos,Manufacturing,2,2,505411.6,474277.25,496185.94,196622.24,117659.41,261788.06,0.9383961737400295,0.39626645554193746,0.3333333333333333,0.5179690019599829,1
MSME_03311,Nyeri,Agriculture,60,10,30762.98,22510.17,193635.75,27772.55,0.0,20608.5,0.731705390524893,0.1434260283752955,0.01639344262295082,0.6698905668252287,0
MSME_03312,Meru,Transport,48,1,224284.13,192129.29,317071.62,215401.06,0.0,179913.63,0.856629639245366,0.6793429845818917,0.02040816326530612,0.8021647712445314,0
MSME_03313,Nairobi,Digital Commerce,29,3,14705.46,10441.27,218000.57,42152.13,14020.83,12726.91,0.7099784720456181,0.19335700197021516,0.03333333333333333,0.8653958872495489,0
MSME_03314,Mombasa,Services,97,1,86844.17,78768.16,632062.25,70488.91,78470.86,66079.16,0.9069952882814324,0.11152192442765815,0.01020408163265306,0.7608846870816189,1
MSME_03315,Mombasa,Digital Commerce,10,3,509371.81,379867.33,1871253.04,1603722.39,0.0,413150.52,0.7457550197859992,0.8570308230303139,0.09090909090909091,0.811096532616258,1
MSME_03316,Nairobi,Digital Commerce,114,5,538549.07,334026.39,481128.28,122351.45,0.0,471181.11,0.6202327482753833,0.2543005696930355,0.008695652173913044,0.8749067844332469,0
MSME_03317,Machakos,Services,58,3,181094.7,189859.52,6392979.58,4874321.14,0.0,153551.74,1.0483933080686068,0.7624489201873971,0.01694915254237288,0.8479038431061586,1
MSME_03318,Nakuru,Retail,60,1,292864.34,196377.35,959710.85,836461.4,12347.74,188602.25,0.6705380363548653,0.8715755671871719,0.01639344262295082,0.6439896574992452,0
MSME_03319,Nyeri,Manufacturing,104,1,32416.73,26011.88,62424.79,32916.4,73464.82,24573.18,0.8023967131566585,0.5272884812510983,0.009523809523809525,0.7580166779105137,0
MSME_03320,Kakamega,Food Services,21,1,228281.15,196880.55,1087941.45,566702.75,13569.61,141348.02,0.8624439098720597,0.5208940509674937,0.045454545454545456,0.6191812193813664,1
MSME_03321,Nairobi,Food Services,28,3,312066.24,261469.07,686611.97,270479.66,0.0,236967.56,0.8378613211691173,0.3939332226712816,0.034482758620689655,0.7593477610786701,1
MSME_03322,Machakos,Agriculture,75,25,1740609.4,1739071.0,3808983.03,1677765.2,26781.48,1203980.6,0.9991155976087469,0.44047577694884693,0.013157894736842105,0.6917002219451293,1
MSME_03323,Machakos,Retail,119,1,71451.97,66323.66,714710.6,347106.58,34637.45,47712.74,0.9282141806001907,0.4856596422948781,0.008333333333333333,0.6677502698628203,0
MSME_03324,Kakamega,Digital Commerce,34,5,135442.55,103268.73,538321.58,119332.72,0.0,78909.34,0.7624484886877227,0.22167511531840262,0.02857142857142857,0.5825994667151001,0
MSME_03325,Kisumu,Manufacturing,8,10,144078.72,90544.35,8775986.98,3438338.49,0.0,108460.86,0.628432301228792,0.3917893344698952,0.1111111111111111,0.7527836672642062,0
MSME_03326,Meru,Digital Commerce,59,2,267957.52,273900.1,58288.17,43884.39,41264.34,221920.33,1.022173506556164,0.7528738185841384,0.016666666666666666,0.8281891167334405,1
MSME_03327,Eldoret,Retail,86,3,321422.16,255173.81,482568.1,118672.42,62985.67,243340.96,0.793887441091675,0.2459179835592457,0.011494252873563218,0.7570735101975851,0
MSME_03328,Eldoret,Services,72,10,384967.85,419364.19,1003341.36,686167.7,0.0,204476.44,1.089345774339924,0.6838819204244501,0.0136986301369863,0.5311506112767306,1
MSME_03329,Eldoret,Services,49,1,357883.27,292491.28,451683.78,280617.26,47250.81,327802.16,0.8172789488624354,0.6212679116617567,0.02,0.9159445873382476,1
MSME_03330,Nairobi,Services,79,1,30299.36,30139.14,58631.89,8550.77,0.0,15224.55,0.9946792711373725,0.145835724624865,0.0125,0.5024544262840441,1
MSME_03331,Kakamega,Manufacturing,17,1,9767.38,10907.83,1184586.65,139713.82,0.0,8773.8,1.1166467725457037,0.11794299898365479,0.05555555555555555,0.8981837315911134,0
MSME_03332,Mombasa,Construction,60,25,79668.03,76332.64,421009.65,160835.27,34859.71,67298.21,0.9581218699411804,0.38202185621670137,0.01639344262295082,0.8447223469395825,0
MSME_03333,Nairobi,Construction,87,15,128615.57,106418.95,619403.08,404926.23,123120.68,69896.23,0.8274124399367826,0.6537351675177858,0.011363636363636364,0.5434465403641225,1
MSME_03334,Mombasa,Construction,88,5,72166.57,65820.93,3303947.53,1203741.55,0.0,43765.7,0.9120568975787876,0.3643342319258224,0.011235955056179775,0.6064455267095732,0
MSME_03335,Meru,Manufacturing,45,1,84145.43,75637.89,1051107.61,666598.4,109806.0,55286.51,0.8988841237827916,0.63418603335387,0.021739130434782608,0.6570273985479836,0
MSME_03336,Meru,Digital Commerce,83,2,95201.46,87742.52,346611.17,219185.3,0.0,86598.62,0.9216413105291607,0.632364697408057,0.011904761904761904,0.9096258647097983,0
MSME_03337,Eldoret,Food Services,69,1,237385.58,161600.47,1169758.49,871755.14,45296.37,223371.95,0.6807481282219071,0.7452430584683695,0.014285714285714285,0.9409628379161115,0
MSME_03338,Nakuru,Construction,32,1,47396.7,46646.9,438294.02,78712.56,0.0,25557.52,0.9841595689242306,0.17958807745522637,0.030303030303030304,0.5392143500633998,0
MSME_03339,Mombasa,Digital Commerce,44,3,123274.92,83799.06,506725.29,284629.17,26552.9,83656.76,0.6797682791578437,0.5617019989233241,0.022222222222222223,0.6786139580219721,1
MSME_03340,Thika,Agriculture,65,25,124222.1,75531.92,1809917.86,271483.51,31404.36,70455.9,0.6080344154992107,0.14999761370518014,0.015151515151515152,0.5671722892119098,0
MSME_03341,Meru,Agriculture,87,15,232047.96,218967.2,337704.85,81305.05,16488.51,145098.77,0.9436250005171324,0.24075700791087867,0.011363636363636364,0.625293774210408,0
MSME_03342,Machakos,Retail,101,3,425876.57,282910.86,1430994.31,515731.38,73978.05,400954.97,0.6643009163408159,0.36040046839846035,0.00980392156862745,0.94147942564808,0
MSME_03343,Kakamega,Manufacturing,8,1,717915.68,734949.23,553422.16,368530.12,17423.15,676988.56,1.0237249676383058,0.665910187061922,0.1111111111111111,0.9429904317030215,1
MSME_03344,Nakuru,Digital Commerce,77,1,63196.82,68017.55,396513.98,348576.38,3945.48,45025.34,1.0762641812644804,0.8791001540471435,0.01282051282051282,0.7124508408676121,1
MSME_03345,Thika,Construction,72,2,18034.2,20191.18,398171.18,148922.65,129359.01,10503.34,1.1195428938963803,0.37401570848068794,0.0136986301369863,0.5823800124201561,1
MSME_03346,Meru,Manufacturing,87,5,104618.09,101004.82,349135.92,180473.8,66995.45,78061.66,0.9654530545046799,0.5169141092268328,0.011363636363636364,0.7461512043356524,1
MSME_03347,Kakamega,Transport,43,10,27211.18,23540.61,811887.23,249447.87,4581.04,17532.39,0.8650762268954564,0.30724410181435935,0.022727272727272728,0.6442846548861576,1
MSME_03348,Kakamega,Agriculture,1,2,2052515.99,1629194.0,524558.4,335922.84,16688.44,1884156.06,0.7937542090699089,0.6403904686485459,0.5,0.9179734292966804,1
MSME_03349,Nakuru,Manufacturing,109,2,55665.7,48429.65,3773117.61,1483849.04,32354.03,48328.76,0.8699931916208434,0.3932685911509154,0.00909090909090909,0.8681807974965285,0
MSME_03350,Meru,Retail,51,1,234177.29,165023.27,251562.35,122077.41,0.0,149634.21,0.7046907294437925,0.4852750211825371,0.019230769230769232,0.6389755856531363,0
MSME_03351,Machakos,Construction,24,1,339105.35,268446.8,1399660.85,775762.45,453936.72,172346.6,0.7916301183979598,0.5542499068614322,0.04,0.508237607464443,1
MSME_03352,Kisumu,Services,99,2,187329.12,186366.58,2876066.39,1866549.44,0.0,177798.17,0.9948564598154317,0.6489936384974623,0.01,0.9491168318260834,1
MSME_03353,Meru,Food Services,24,1,1063121.93,765004.08,5816162.25,861032.39,0.0,858476.05,0.7195819584100214,0.14804130368933507,0.04,0.8075040296609914,0
MSME_03354,Eldoret,Services,17,2,108827.45,81102.23,275370.02,149779.5,167003.43,75262.6,0.7452300386525765,0.5439188916829374,0.05555555555555555,0.6915710000464034,1
MSME_03355,Nairobi,Construction,5,10,57821.63,58523.04,2493661.65,1109508.07,0.0,36416.36,1.012113077526913,0.4449311016468086,0.16666666666666666,0.6297942518353109,1
MSME_03356,Machakos,Food Services,20,3,54905.86,38313.85,933859.1,193320.1,148452.03,27562.25,0.697797142287867,0.20701184256614028,0.047619047619047616,0.5019819017150133,0
MSME_03357,Eldoret,Agriculture,21,1,282096.84,207408.37,2578426.0,686968.32,26395.31,160592.58,0.7352355835124437,0.26642922991420737,0.045454545454545456,0.5692797222410493,0
MSME_03358,Eldoret,Services,104,1,110216.48,67193.6,336514.74,271605.11,156733.9,55399.44,0.6096455843483267,0.8071096763557033,0.009523809523809525,0.502637512670404,0
MSME_03359,Mombasa,Services,58,2,54913.31,54695.22,634433.87,505910.77,0.0,42223.56,0.9960103295479813,0.7974195523017201,0.01694915254237288,0.7688990356065659,1
MSME_03360,Meru,Construction,31,2,207172.12,194710.09,471456.67,59716.68,31259.14,165427.86,0.9398424370883636,0.12666392721959535,0.03125,0.7985005969886441,1
MSME_03361,Thika,Agriculture,110,2,270830.71,265931.92,424653.0,276670.43,10460.97,228867.73,0.9819083592537963,0.651519660712015,0.009009009009009009,0.8450551451305314,0
MSME_03362,Kakamega,Transport,100,2,174783.82,125473.86,766328.53,416384.49,0.0,102099.92,0.7178761862729269,0.5433491385879388,0.009900990099009901,0.5841463806753927,0
MSME_03363,Kisumu,Digital Commerce,11,3,327615.65,320426.78,14561297.28,12404080.03,14698.07,177956.53,0.9780540152644868,0.8518526158506795,0.08333333333333333,0.5431852440955,1
MSME_03364,Nyeri,Agriculture,52,5,145524.34,135047.63,1627664.42,1345109.31,0.0,115358.1,0.9280007866671194,0.8264040591339712,0.018867924528301886,0.7927011199561534,1
MSME_03365,Mombasa,Manufacturing,15,2,73598.11,58979.14,478615.44,269771.37,253761.52,53355.12,0.8013567011883703,0.5636483569181201,0.0625,0.7249424619400968,1
MSME_03366,Nyeri,Manufacturing,83,10,299958.7,252206.53,513831.46,108502.67,80068.69,268180.67,0.8408013809855124,0.2111635181630993,0.011904761904761904,0.894055668144754,0
MSME_03367,Mombasa,Manufacturing,7,2,54716.02,49920.5,1432687.01,670285.51,243124.2,40488.2,0.912339524338131,0.4678516922885395,0.125,0.7399562329966068,1
MSME_03368,Eldoret,Digital Commerce,115,1,43092.95,37547.35,583389.04,396781.26,15431.07,30172.37,0.8712905175784537,0.6801303292733623,0.008620689655172414,0.7001532697745275,1
MSME_03369,Kakamega,Manufacturing,28,3,423347.93,403452.88,585868.02,504660.45,75071.77,304646.47,0.9530031881738783,0.861387840579111,0.034482758620689655,0.7196108184329176,1
MSME_03370,Kakamega,Transport,51,3,94103.64,65829.14,192717.67,75364.85,194877.28,80180.51,0.6995312877239634,0.3910614887493775,0.019230769230769232,0.8520356700796049,0
MSME_03371,Meru,Services,107,25,704810.26,632490.01,689365.28,501676.75,9217.92,358210.89,0.8973891960806643,0.7277361317991938,0.009259259259259259,0.5082366164240907,1
MSME_03372,Meru,Agriculture,58,5,313826.26,266016.0,35241.93,22789.99,53739.79,286584.62,0.8476510294230016,0.6466542367504632,0.01694915254237288,0.9131922446762591,0
MSME_03373,Thika,Services,5,15,87217.59,74445.56,87370.19,14209.38,21082.48,71639.23,0.8535515192346036,0.16263232765857943,0.16666666666666666,0.8213756952502901,0
MSME_03374,Kisumu,Agriculture,5,15,216689.65,185954.42,479083.37,261762.28,22654.96,194669.73,0.8581561779430724,0.5463803379767952,0.16666666666666666,0.8983762335846056,1
MSME_03375,Nakuru,Agriculture,94,3,1670076.97,1811715.5,1610941.46,397591.74,0.0,1556210.37,1.0848089326033084,0.2468069157479405,0.010526315789473684,0.931818991660611,1
MSME_03376,Nakuru,Services,118,2,283303.25,297537.85,5043605.45,3262402.89,0.0,170464.04,1.0502413924252811,0.6468393048390998,0.008403361344537815,0.601699550924492,0
MSME_03377,Meru,Digital Commerce,96,3,238398.5,225587.79,1180727.12,694347.69,27308.1,181243.26,0.9462594929939031,0.5880673782885766,0.010309278350515464,0.7602501683099168,1
MSME_03378,Nakuru,Transport,8,50,73517.51,73081.39,1384818.19,1216477.58,0.0,52838.48,0.9940542864647285,0.8784378414051297,0.1111111111111111,0.718709886802657,1
MSME_03379,Nakuru,Transport,64,5,842858.77,525557.38,835192.98,708499.33,199573.3,625341.03,0.6235407106925983,0.8483051206858555,0.015384615384615385,0.7419277230422328,1
MSME_03380,Eldoret,Manufacturing,10,1,497792.06,502369.48,1994882.53,214446.41,38628.21,259489.11,1.0091934186466962,0.10749821068501177,0.09090909090909091,0.5212790833202857,0
MSME_03381,Thika,Construction,38,5,74193.96,64355.14,942282.37,154556.49,5537.85,67612.48,0.8673788623917311,0.1640233659222915,0.02564102564102564,0.9112813053609031,0
MSME_03382,Machakos,Transport,111,1,873630.55,676855.02,1140680.1,815936.97,0.0,812133.85,0.7747602750839299,0.7153068197588265,0.008928571428571428,0.9296068233799477,0
MSME_03383,Nairobi,Transport,96,2,157117.81,106349.48,111707.24,72443.76,6146.62,126999.26,0.6768729982107171,0.648508650749488,0.010309278350515464,0.8083008011580536,0
MSME_03384,Eldoret,Retail,112,1,57504.49,36881.36,1000043.12,740788.42,17127.37,35435.7,0.6413537211838383,0.7407557378568458,0.008849557522123894,0.616214208417318,0
MSME_03385,Meru,Manufacturing,92,3,73238.85,45751.37,750068.4,235110.39,55406.68,62563.77,0.6246786414772831,0.31345151528645215,0.010752688172043012,0.8542312689062033,0
MSME_03386,Kakamega,Services,81,10,320520.45,220834.71,442692.68,345060.45,0.0,265673.28,0.688985744947803,0.7794564629881322,0.012195121951219513,0.8288783168801964,0
MSME_03387,Nakuru,Manufacturing,95,1,57901.57,35700.9,483581.87,219515.02,100123.25,43922.14,0.6165684873745674,0.4539346482641124,0.010416666666666666,0.758552513299496,0
MSME_03388,Machakos,Retail,8,1,44217.84,44348.43,147175.19,45554.66,17180.28,25496.35,1.0029306512789573,0.3095246588459723,0.1111111111111111,0.5765947274962437,1
MSME_03389,Meru,Agriculture,104,1,85916.01,63297.57,1392907.85,151111.28,23686.72,50736.02,0.7367291994914628,0.10848612240492261,0.009523809523809525,0.5905235761812475,0
MSME_03390,Nairobi,Construction,25,3,99756.43,80085.18,967033.33,770813.78,61556.47,76336.83,0.8027991498979073,0.7970903990554297,0.038461538461538464,0.7652245050819774,1
MSME_03391,Machakos,Digital Commerce,73,2,67960.67,71528.19,792580.93,418700.75,0.0,37920.09,1.05247840437117,0.5282744081738022,0.013513513513513514,0.5579628929071342,1
MSME_03392,Machakos,Retail,66,1,84630.93,56115.52,961261.02,846203.52,0.0,69885.54,0.6630537670593121,0.8803047477107231,0.014925373134328358,0.8257585523572486,0
MSME_03393,Eldoret,Retail,79,1,333344.32,353203.88,163495.78,109827.49,0.0,198563.22,1.059573537735583,0.6717409969786561,0.0125,0.5956682397700979,1
MSME_03394,Kakamega,Construction,50,2,172215.6,163905.71,6052533.14,994635.25,0.0,156667.27,0.9517416439530219,0.16433368684806793,0.0196078431372549,0.90971062023057,0
MSME_03395,Mombasa,Digital Commerce,67,1,79567.36,62708.33,2261881.81,1290523.34,2754.71,71998.62,0.7881063528266763,0.5705526980860693,0.014705882352941176,0.9048649488314199,0
MSME_03396,Nyeri,Services,49,5,86868.6,57749.72,1536070.39,174650.64,107732.04,54911.53,0.6647863003858657,0.1136995592372826,0.02,0.6321144566108281,0
MSME_03397,Eldoret,Services,36,1,116814.66,75967.02,4331485.03,2365967.5,71407.67,62790.69,0.650315377236237,0.5462253562895596,0.02702702702702703,0.5375194558674753,0
MSME_03398,Eldoret,Services,68,3,123696.44,97043.93,939723.24,357246.44,0.0,95881.7,0.784526583573597,0.38016092891250736,0.014492753623188406,0.7751308353673285,0
MSME_03399,Thika,Construction,78,1,124220.53,84120.66,519704.94,319429.71,44796.27,87176.29,0.6771826107760869,0.6146354802102127,0.012658227848101266,0.7017808426606885,0
MSME_03400,Kakamega,Services,105,2,321337.63,240116.54,1013162.84,540278.57,145482.67,181449.4,0.7472383261234418,0.5332588360042537,0.009433962264150943,0.5646672483790698,0
MSME_03401,Machakos,Digital Commerce,41,1,162273.49,102090.42,4557664.37,1408684.08,35949.51,119947.15,0.6291218046656625,0.30908019032560086,0.023809523809523808,0.7391620827155273,0
MSME_03402,Nairobi,Retail,89,5,167118.38,154961.29,249351.52,57321.05,0.0,158215.3,0.9272490718910039,0.22987956969514486,0.011111111111111112,0.9467202427390526,0
MSME_03403,Kisumu,Transport,119,25,555034.39,377368.92,4492818.04,1903917.86,0.0,294746.75,0.6799006456146877,0.4237690953161559,0.008333333333333333,0.5310413629660624,0
MSME_03404,Nyeri,Retail,62,15,870350.63,884452.72,143966.86,128054.07,181041.77,538532.0,1.016201601185029,0.8894628981774128,0.015873015873015872,0.6187522162737835,1
MSME_03405,Meru,Services,114,3,38910.86,28015.67,1382904.96,620314.34,74010.17,28886.51,0.7199776623373952,0.4485585845620334,0.008695652173913044,0.7423574714752776,0
MSME_03406,Kakamega,Food Services,10,2,27476.65,28545.14,2451606.92,1713746.07,141934.73,23547.83,1.038849392142341,0.6990294231061221,0.09090909090909091,0.8569812192818527,1
MSME_03407,Mombasa,Services,21,10,93957.13,66186.7,1580609.99,230103.34,216143.76,47771.8,0.7044275998255818,0.14557872965314508,0.045454545454545456,0.5084371091676686,0
MSME_03408,Nakuru,Retail,36,3,291597.17,290649.95,2563962.66,1033514.4,201620.28,241950.42,0.996748196327844,0.40309245256619586,0.02702702702702703,0.8297391578280482,0
MSME_03409,Nakuru,Agriculture,12,1,194072.37,151995.75,625927.24,353184.72,6693.25,109252.57,0.7831870493102686,0.5642575257508752,0.07692307692307693,0.5629446739653153,1
MSME_03410,Nyeri,Agriculture,91,10,382353.06,352038.58,158299.26,110961.01,0.0,334102.31,0.9207135920042278,0.700952796918969,0.010869565217391304,0.8738034846550341,0
MSME_03411,Eldoret,Construction,104,2,90006.41,55917.74,2572286.18,1344551.8,12555.14,73038.33,0.6212570720566228,0.522706722038711,0.009523809523809525,0.8114701889544428,0
MSME_03412,Eldoret,Digital Commerce,2,1,18831.63,16428.42,6704826.76,3434456.57,0.0,13284.4,0.8723380643064722,0.5122363605653607,0.3333333333333333,0.7053927146659813,0
MSME_03413,Nyeri,Agriculture,118,1,33969.5,23159.67,598647.4,425713.45,0.0,29543.7,0.6817582902812734,0.7111243427694787,0.008403361344537815,0.8696869342517773,0
MSME_03414,Mombasa,Retail,13,1,234388.22,203326.18,1653371.44,579721.92,38236.78,194512.2,0.8674724033810087,0.3506299645347905,0.07142857142857142,0.8298683702262417,0
MSME_03415,Machakos,Manufacturing,53,2,385290.78,261129.87,270582.27,46672.31,0.0,324273.36,0.6777457593307596,0.17248778906397277,0.018518518518518517,0.8416306208245604,0
MSME_03416,Thika,Agriculture,32,1,19795.37,16636.01,247165.82,93359.57,0.0,12481.64,0.8403565906274736,0.37771886210293115,0.030303030303030304,0.6305014505184536,0
MSME_03417,Eldoret,Services,95,1,546154.69,360921.66,829699.95,188505.33,0.0,425311.68,0.6608402450224404,0.22719671467171396,0.010416666666666666,0.7787370667144382,0
MSME_03418,Nairobi,Retail,16,1,212061.69,152890.82,304616.76,265855.91,16016.92,119496.28,0.7209699169618192,0.8727524947987273,0.058823529411764705,0.5634950683686979,1
MSME_03419,Mombasa,Agriculture,32,3,124191.24,115161.72,818692.83,460112.93,0.0,107970.29,0.9272859560307471,0.5620085472001175,0.030303030303030304,0.8693803252119455,0
MSME_03420,Thika,Transport,32,5,71194.93,80960.27,27684459.25,12659559.08,0.0,52473.08,1.13714744649027,0.4572803285915607,0.030303030303030304,0.737023591095727,1
MSME_03421,Thika,Transport,98,2,654195.21,554137.11,312681.87,259413.86,45182.9,569933.32,0.8470503214929967,0.829638860612991,0.010101010101010102,0.8711963036288455,1
MSME_03422,Meru,Retail,11,1,326768.23,319561.53,1098950.7,901457.29,52924.39,194433.83,0.9779425376128592,0.8202883620817912,0.08333333333333333,0.5950187843573889,1
MSME_03423,Thika,Agriculture,10,1,217689.16,195198.29,88423.13,38248.12,0.0,121612.85,0.8966794364981863,0.4325529694213559,0.09090909090909091,0.5586511122046123,1
MSME_03424,Nairobi,Agriculture,15,15,64125.51,56051.91,1366768.13,1093116.4,17647.4,51943.97,0.8740832769473966,0.7997813061522687,0.0625,0.8100233429201121,1
MSME_03425,Nyeri,Food Services,17,2,669429.56,425480.93,312859.23,47310.81,39418.41,352306.64,0.6355863556632371,0.15122027494514084,0.05555555555555555,0.526278095221706,0
MSME_03426,Kisumu,Digital Commerce,40,2,137358.72,93316.51,1036299.41,837926.12,0.0,83760.48,0.6793586212901424,0.8085745329387644,0.024390243902439025,0.6097892453479083,0
MSME_03427,Machakos,Construction,18,1,179695.22,195091.82,1003566.24,349709.54,0.0,163328.78,1.0856757031394428,0.34846647644656076,0.05263157894736842,0.9089160584457481,0
MSME_03428,Thika,Construction,55,5,143352.14,118350.15,861933.66,475871.7,28666.32,80240.08,0.8255846366532326,0.5520971856497799,0.017857142857142856,0.559737163762161,1
MSME_03429,Kisumu,Agriculture,73,2,61972.72,58123.15,233997.85,73885.02,3560.1,41459.76,0.9378676961783156,0.31574950047831435,0.013513513513513514,0.6689893716239722,0
MSME_03430,Kisumu,Services,25,1,183454.32,163371.26,518861.12,460665.47,0.0,169789.23,0.8905234255403441,0.8878379288894707,0.038461538461538464,0.9255072570258525,0
MSME_03431,Machakos,Manufacturing,104,1,267517.04,216256.84,967878.05,152367.22,0.0,136166.56,0.8083822683509494,0.15742382273900854,0.009523809523809525,0.5089995426102853,0
MSME_03432,Thika,Transport,59,2,85681.53,69684.71,545160.17,249445.79,0.0,60010.64,0.8132895935729256,0.4575633844207943,0.016666666666666666,0.700383613789182,1
MSME_03433,Mombasa,Agriculture,78,10,168396.51,152484.01,3929289.2,2344962.56,14137.37,143794.9,0.9055003841802649,0.5967903719608187,0.012658227848101266,0.8539015808487904,1
MSME_03434,Kisumu,Digital Commerce,89,10,141280.06,95735.32,766216.13,453975.24,44624.26,128429.39,0.6776231718533257,0.5924890246189093,0.011111111111111112,0.909034728363448,0
MSME_03435,Thika,Manufacturing,114,3,332744.87,270519.07,221583.67,153115.8,50309.7,276514.19,0.8129900154733701,0.6910035789028184,0.008695652173913044,0.8310071286534676,0
MSME_03436,Nyeri,Services,22,5,98820.34,83585.86,1224103.02,831817.49,4228.32,88916.2,0.8458280367378139,0.6795317035230388,0.043478260869565216,0.8997671960327597,0
MSME_03437,Nakuru,Construction,116,1,167137.31,190840.63,38700.83,28426.31,8034.75,86153.55,1.141812610166993,0.7344952422146447,0.008547008547008548,0.5154626129700606,1
MSME_03438,Machakos,Digital Commerce,30,3,206317.06,163671.35,7677914.11,2206862.3,66364.41,112431.3,0.7932962824485651,0.28742989058653445,0.03225806451612903,0.5449416304127714,0
MSME_03439,Kisumu,Retail,84,3,96609.55,92215.59,92508.84,36670.98,39050.74,80376.92,0.9545084879446395,0.3964008585465071,0.011764705882352941,0.8319683512825462,1
MSME_03440,Thika,Transport,85,1,58375.14,39436.99,2138794.91,867551.88,40698.77,48976.61,0.6755669353951803,0.40562630400766003,0.011627906976744186,0.8389833586119261,0
MSME_03441,Nyeri,Retail,44,15,68692.4,43689.38,1774351.55,1534231.62,0.0,53056.1,0.6360054968890753,0.8646712402222434,0.022222222222222223,0.7723609546186389,1
MSME_03442,Machakos,Construction,32,1,200624.45,216543.62,187841.24,80292.64,0.0,166242.32,1.0793427254617995,0.4274472025035477,0.030303030303030304,0.8286202971756574,1
MSME_03443,Nakuru,Services,51,2,105312.13,105512.66,1427378.93,396091.04,64506.49,93319.6,1.001894635550192,0.27749517257118783,0.019230769230769232,0.8861155299438921,0
MSME_03444,Eldoret,Construction,46,3,103923.52,80501.72,318896.52,193211.6,44387.3,77471.57,0.7746171933245397,0.6058736361449283,0.02127659574468085,0.7454599742197511,0
MSME_03445,Thika,Services,113,3,243810.74,213948.29,598083.54,264241.4,0.0,225840.9,0.8775143067351885,0.4418127912151015,0.008771929824561403,0.926292146555371,1
MSME_03446,Nairobi,Agriculture,21,3,369346.88,249183.31,1282700.18,384892.21,32253.95,300059.97,0.6746574800970835,0.3000638153307071,0.045454545454545456,0.8124047442752345,0
MSME_03447,Meru,Retail,99,1,438763.52,433909.99,688314.56,462621.98,307794.91,312571.59,0.9889359103147173,0.6721073979498589,0.01,0.7123903044849661,1
MSME_03448,Kisumu,Construction,32,10,72221.92,46126.83,219682.13,55698.26,74584.82,49810.24,0.638673014051495,0.25353908604634323,0.030303030303030304,0.6896735828459996,0
MSME_03449,Mombasa,Digital Commerce,94,2,335288.16,340776.22,1193557.86,724111.54,12400.84,280829.0,1.0163651577641222,0.6066827236320796,0.010526315789473684,0.8375725597570766,0
MSME_03450,Nyeri,Transport,119,2,1071942.62,965563.12,568220.75,252531.26,0.0,840093.38,0.9007592395577669,0.44442378349649586,0.008333333333333333,0.7837104156653313,0
MSME_03451,Nakuru,Retail,39,50,151156.38,113876.35,638750.93,226969.75,0.0,131180.99,0.7533628195990166,0.35533317292677297,0.025,0.8678437665431882,1
MSME_03452,Nakuru,Digital Commerce,113,5,123833.08,133048.23,685700.36,587498.34,0.0,105436.91,1.0744072229551025,0.8567845628890104,0.008771929824561403,0.8514369388459139,1
MSME_03453,Kakamega,Retail,12,1,100532.78,114842.57,145165.52,52190.78,9408.5,73981.19,1.1423281806373937,0.3595235320099979,0.07692307692307693,0.7358838989243218,1
MSME_03454,Meru,Retail,105,5,45992.92,34029.79,189258.5,71540.83,0.0,42569.47,0.7398758357626399,0.37800390469170636,0.009433962264150943,0.9255455938524049,0
MSME_03455,Nyeri,Manufacturing,47,1,309357.7,322794.77,359678.14,286487.48,0.0,252719.18,1.043432009508703,0.7965084658509803,0.020833333333333332,0.8169131173618197,1
MSME_03456,Meru,Manufacturing,18,1,124385.23,125951.42,1193494.48,242559.48,54209.57,73434.28,1.012583306046015,0.20323451916215052,0.05263157894736842,0.5903730662148053,0
MSME_03457,Nairobi,Agriculture,21,2,114724.65,115981.41,239195.56,44599.21,78757.65,89292.4,1.0109457649618896,0.18645422827151026,0.045454545454545456,0.7783124349262784,1
MSME_03458,Kisumu,Services,13,50,264962.46,298474.8,3039222.57,991291.76,145018.34,156544.03,1.1264753260694889,0.32616612011863283,0.07142857142857142,0.5908136540789435,0
MSME_03459,Kakamega,Retail,21,1,290536.08,252080.55,929125.42,532675.72,91309.56,218332.69,0.8676364132247766,0.5733081188241316,0.045454545454545456,0.7514796045998672,1
MSME_03460,Kakamega,Manufacturing,8,3,73068.8,70934.64,1129464.3,460189.08,0.0,62508.2,0.9707791727909478,0.4074397681805718,0.1111111111111111,0.855458753137411,1
MSME_03461,Thika,Transport,46,1,74834.6,78810.75,489920.25,287506.56,36365.89,64778.88,1.053118435610859,0.586842395589087,0.02127659574468085,0.8656158298991388,0
MSME_03462,Nairobi,Transport,104,5,71585.25,61831.4,107445.4,24476.12,67067.55,56757.89,0.8637329096020535,0.22779841856032404,0.009523809523809525,0.7928602210620056,0
MSME_03463,Eldoret,Construction,110,2,1102966.92,953831.63,1380977.87,426944.06,0.0,940265.82,0.8647863756545159,0.30916045804524145,0.009009009009009009,0.8524870061497346,0
MSME_03464,Nakuru,Retail,7,3,583702.08,452520.94,306617.42,169292.64,9352.07,415891.26,0.7752587839694114,0.5521280815418722,0.125,0.7125048235140373,0
MSME_03465,Nakuru,Agriculture,23,1,270233.16,278192.65,121750.49,33325.47,11767.15,202079.04,1.0294503478020693,0.27371714300991307,0.041666666666666664,0.7477923590415069,1
MSME_03466,Nyeri,Construction,108,5,91545.26,89477.04,267877.68,117395.71,6271.47,82008.36,0.9773970012537924,0.4382420803327835,0.009174311926605505,0.8958133297854004,0
MSME_03467,Eldoret,Manufacturing,96,50,103060.45,87408.34,662868.19,369958.87,0.0,74397.93,0.8481186709482547,0.5581174620591433,0.010309278350515464,0.7218793253927632,0
MSME_03468,Nyeri,Construction,75,3,191652.16,159193.02,42027.88,36939.17,50240.72,126091.42,0.8306308124530792,0.8788996994447628,0.013157894736842105,0.6579146412195864,1
MSME_03469,Nairobi,Manufacturing,86,2,1213634.62,776634.29,487309.77,79874.62,55572.02,1042083.31,0.6399237771218349,0.16390899794806504,0.011494252873563218,0.8586459500916758,0
MSME_03470,Meru,Manufacturing,22,15,177882.26,107365.4,2446058.92,1145565.67,0.0,92981.4,0.6035722529483661,0.4683309924803477,0.043478260869565216,0.5227102314180659,0
MSME_03471,Machakos,Construction,107,1,221643.51,197460.36,757947.03,316076.62,31706.61,206407.88,0.890887665117444,0.417016216797872,0.009259259259259259,0.9312564520546888,0
MSME_03472,Nyeri,Agriculture,89,5,10415.17,8640.64,3076334.97,2336147.24,32004.67,6801.41,0.8295409925145231,0.7593927525412643,0.011111111111111112,0.6529664934424073,1
MSME_03473,Kakamega,Food Services,22,15,172401.08,178921.33,449645.77,368816.41,0.0,135046.47,1.0378142189467783,0.8202358709259714,0.043478260869565216,0.7833227418137879,1
MSME_03474,Mombasa,Manufacturing,92,1,33061.96,29704.84,2910341.69,2402808.76,4015.05,26729.1,0.8984325662312147,0.8256102514168184,0.010752688172043012,0.8084303401752293,1
MSME_03475,Thika,Digital Commerce,29,2,81879.59,91311.16,145805.79,58338.57,0.0,45990.55,1.1151746708224746,0.4001087329334937,0.03333333333333333,0.5616782927431275,1
MSME_03476,Nakuru,Retail,13,1,139648.79,98854.23,1498313.21,515006.39,69230.91,121534.54,0.7078723856297957,0.34372389086532124,0.07142857142857142,0.8702808647259691,0
MSME_03477,Kisumu,Manufacturing,82,3,98508.52,112751.15,640544.54,294208.38,21301.95,74615.36,1.1445711033816832,0.45930907582308667,0.012048192771084338,0.7574431384905743,1
MSME_03478,Machakos,Manufacturing,2,3,70547.4,53888.02,3707402.49,1390976.8,19910.43,45684.23,0.7638446796809,0.3751889438934525,0.3333333333333333,0.647558697291505,0
MSME_03479,Nakuru,Services,29,2,71179.0,67857.3,444687.67,300200.1,0.0,62837.44,0.9533197527395336,0.6750792638814027,0.03333333333333333,0.8827962910930037,1
MSME_03480,Kisumu,Services,85,2,107899.09,94521.71,206260.66,55867.11,0.0,84300.07,0.8760114101851074,0.270855523998013,0.011627906976744186,0.7812789590814986,0
MSME_03481,Eldoret,Services,79,1,103289.56,82401.0,1339784.61,839974.3,15115.84,88167.99,0.7977592531205175,0.6269467993465014,0.0125,0.8535919448979655,0
MSME_03482,Meru,Food Services,52,2,135981.29,92007.67,5265167.03,4431112.06,217366.4,128711.65,0.6766150945097336,0.8415898666010854,0.018867924528301886,0.9465324491887877,0
MSME_03483,Kakamega,Services,27,1,126187.19,85070.2,968414.97,313699.49,28717.11,70491.24,0.6741534211719813,0.3239305213027414,0.03571428571428571,0.5586199469221328,0
MSME_03484,Kisumu,Construction,50,15,478722.3,474570.92,693481.04,444876.75,94836.8,400843.0,0.9913261376665811,0.6415115667595371,0.0196078431372549,0.8373166712378529,1
MSME_03485,Meru,Digital Commerce,95,1,17161.08,13861.05,169744.48,36469.41,34839.84,14431.64,0.8076555988551503,0.21484760595687144,0.010416666666666666,0.8409027344004921,0
MSME_03486,Nakuru,Retail,79,15,170241.48,192153.92,2272260.33,447878.77,0.0,152129.55,1.128707241576838,0.1971070686662612,0.0125,0.8936051096060159,0
MSME_03487,Kakamega,Retail,115,3,143058.6,111457.91,685615.23,131991.62,95057.24,97799.07,0.7791012277400468,0.19251530845470213,0.008620689655172414,0.683624657135907,0
MSME_03488,Nakuru,Digital Commerce,23,2,116519.0,132940.96,1691239.12,356551.32,12300.74,103858.41,1.1409282526604874,0.2108224111901981,0.041666666666666664,0.8913354788877447,1
MSME_03489,Mombasa,Retail,88,5,65787.79,46905.56,924189.19,252240.71,0.0,51837.32,0.7129719212042052,0.27293160296367136,0.011235955056179775,0.7879354522252195,0
MSME_03490,Machakos,Manufacturing,44,2,114724.8,75322.33,8435929.22,4641991.5,0.0,60912.84,0.656542207594107,0.5502643311338343,0.022222222222222223,0.530942821928459,0
MSME_03491,Nakuru,Manufacturing,77,2,26016.66,20082.61,373659.87,266639.39,22868.22,13377.31,0.7718837897028403,0.7135866005985588,0.01282051282051282,0.514162687958871,1
MSME_03492,Kisumu,Transport,22,1,163851.84,178118.69,390429.65,78665.96,7103.58,117427.44,1.087065015168489,0.2014851036925508,0.043478260869565216,0.7166640504979956,1
MSME_03493,Kisumu,Food Services,43,2,196429.56,174236.67,2461065.31,1959037.4,66698.92,167677.07,0.8870140674648589,0.7960116279841317,0.022727272727272728,0.853620078260735,1
MSME_03494,Nairobi,Construction,37,1,65902.49,44458.32,2534590.59,1962211.67,0.0,44346.06,0.6745973544041446,0.7741727218466783,0.02631578947368421,0.6728939544779797,0
MSME_03495,Machakos,Digital Commerce,61,1,927910.94,660092.16,2632725.53,1795282.98,44224.81,819646.44,0.7113737107424225,0.6819101640609821,0.016129032258064516,0.8833235188244264,0
MSME_03496,Eldoret,Retail,97,2,118131.73,91102.41,718408.53,316654.82,14576.11,85226.72,0.7711868675175797,0.440772020382302,0.01020408163265306,0.7214488313272707,0
MSME_03497,Eldoret,Retail,56,1,139256.5,128755.4,935829.58,94748.8,489514.32,71275.63,0.9245850313268584,0.10124567632743953,0.017543859649122806,0.5118261493994938,0
MSME_03498,Nakuru,Transport,3,1,506754.36,396691.58,144809.56,99601.75,27520.82,475411.24,0.7828068754911641,0.6878072289755665,0.25,0.9381474327178305,1
MSME_03499,Eldoret,Manufacturing,63,1,1134977.6,1147325.87,601365.08,483009.77,26961.51,817553.07,1.0108788570991558,0.8031875858378977,0.015625,0.720324656341538,1
MSME_03500,Eldoret,Digital Commerce,118,1,43332.6,40687.64,1016784.47,374409.63,1085.44,34343.74,0.9389397603707055,0.3682287375723416,0.008403361344537815,0.7925429689663448,0
MSME_03501,Meru,Digital Commerce,19,1,74819.78,80850.48,1017443.66,686153.88,8191.22,44119.74,1.0805885744575237,0.6743893864458437,0.05,0.5896722808823965,1
MSME_03502,Thika,Transport,23,50,120249.36,105281.8,293816.91,43966.2,146184.17,76213.9,0.875521703219849,0.1496375765520897,0.041666666666666664,0.633793528767814,0
MSME_03503,Meru,Digital Commerce,29,1,63394.18,49583.57,195006.21,130185.35,0.0,45512.46,0.7821346985685662,0.6675924956825956,0.03333333333333333,0.7179167248992746,1
MSME_03504,Machakos,Transport,30,3,310553.83,356500.07,2553639.37,394912.2,0.0,274928.69,1.147945662284499,0.15464675630891597,0.03225806451612903,0.8852822865450201,0
MSME_03505,Kisumu,Manufacturing,39,1,56784.41,45177.58,2115542.5,1205328.37,0.0,30997.44,0.795584288288136,0.5697487997765114,0.025,0.5458697929626641,1
MSME_03506,Mombasa,Agriculture,108,15,472882.95,395203.15,551984.87,319070.79,0.0,402495.68,0.835729675325204,0.5780415900863549,0.009174311926605505,0.8511510699400984,0
MSME_03507,Thika,Services,111,1,248611.63,259804.12,2517965.87,860452.5,22773.31,189120.82,1.0450157741382649,0.3417251077652185,0.008928571428571428,0.7607047960515924,0
MSME_03508,Mombasa,Construction,25,25,426788.22,276878.83,2252100.7,367763.95,23624.05,309357.17,0.6487484149669948,0.1632981094947888,0.038461538461538464,0.7248476660211802,0
MSME_03509,Kisumu,Services,101,3,57039.32,46348.42,97336.8,83657.85,7614.18,51019.65,0.8125553994086989,0.8594590179765723,0.00980392156862745,0.8944488740596126,0
MSME_03510,Kisumu,Digital Commerce,111,1,90808.26,58765.71,643903.71,340278.59,67736.63,50230.96,0.6471334531302204,0.5284610979161809,0.008928571428571428,0.5531479939380631,0
MSME_03511,Nairobi,Food Services,8,15,327088.33,221313.93,3635957.88,2049976.69,7924.6,309373.02,0.6766161708790683,0.5638063459067502,0.1111111111111111,0.9458364783712144,0
MSME_03512,Eldoret,Agriculture,106,2,272827.0,164392.58,108195.79,64053.72,0.0,241338.69,0.6025502514404679,0.5920112787079913,0.009345794392523364,0.8845818244461712,0
MSME_03513,Machakos,Agriculture,58,1,100021.58,60538.0,127918.5,103977.06,0.0,64672.12,0.6052433360547188,0.8128319763601327,0.01694915254237288,0.6465752033190906,0
MSME_03514,Meru,Food Services,16,5,115320.16,93312.27,1547171.46,229297.8,1683.91,81094.22,0.8091513300768046,0.1482044218910153,0.058823529411764705,0.703203297642861,0
MSME_03515,Nyeri,Agriculture,72,15,86305.8,90193.02,3439420.01,2801855.46,0.0,44123.97,1.0450279699861424,0.8146299775031031,0.0136986301369863,0.5112455797225711,1
MSME_03516,Eldoret,Manufacturing,1,2,112258.1,103597.66,521313.77,152088.71,0.0,82781.62,0.9228442059485601,0.29174065027929286,0.5,0.7374156749875955,1
MSME_03517,Machakos,Agriculture,108,2,50749.62,48171.68,415285.79,67425.88,0.0,37883.26,0.9491840690813235,0.16235979959776714,0.009174311926605505,0.7464590580371235,0
MSME_03518,Meru,Services,5,5,42906.67,37997.59,94946.27,59418.58,0.0,39343.66,0.8855663800900864,0.625806092160417,0.16666666666666666,0.9169376943562773,1
MSME_03519,Meru,Digital Commerce,3,3,364189.83,382722.08,509940.15,449553.3,0.0,245670.28,1.0508833514561582,0.881578786101102,0.25,0.6745647055418721,1
MSME_03520,Meru,Agriculture,65,15,108509.78,117647.2,124697.38,18180.09,18902.7,82117.82,1.0841982704391213,0.14579251149854552,0.015151515151515152,0.7567710784126702,1
MSME_03521,Mombasa,Construction,4,3,421395.77,449779.89,476596.5,210130.18,0.0,351139.74,1.0673548589373383,0.4408965216980785,0.2,0.8332758222138247,1
MSME_03522,Kisumu,Agriculture,104,1,241828.68,253115.47,3516342.89,1841957.53,0.0,187134.87,1.046668341123389,0.5238274718346732,0.009523809523809525,0.7738292090532477,1
MSME_03523,Mombasa,Manufacturing,99,25,182045.24,127521.27,154301.58,46552.04,8018.61,103816.44,0.7004883484547663,0.3016932056482789,0.01,0.5702751125208628,0
MSME_03524,Eldoret,Transport,96,1,65498.22,60692.74,538883.77,477611.46,0.0,37813.23,0.9266177520892614,0.8862960814424204,0.010309278350515464,0.5773080961880157,1
MSME_03525,Kisumu,Retail,64,1,39704.52,36535.69,2049673.66,1255979.7,74029.42,22323.98,0.9201665158899822,0.6127702725270556,0.015384615384615385,0.5622387013191114,0
MSME_03526,Meru,Food Services,106,2,84380.47,75129.77,287368.15,222848.41,0.0,50457.67,0.8903586296849296,0.7754778479179132,0.009345794392523364,0.5979709763292818,0
MSME_03527,Mombasa,Food Services,98,3,616564.0,532986.92,1190010.42,514824.86,2001.35,399378.34,0.8644456302255238,0.432621781058202,0.010101010101010102,0.6477473421293781,1
MSME_03528,Eldoret,Manufacturing,107,1,324148.45,210386.53,1928462.34,738918.71,73830.16,269967.14,0.6490417614467647,0.38316450962453863,0.009259259259259259,0.8328477497031076,0
MSME_03529,Eldoret,Retail,89,5,76848.1,50426.94,801391.85,434776.17,0.0,40530.96,0.656181269526904,0.5425256414503823,0.011111111111111112,0.5274096898987756,0
MSME_03530,Eldoret,Agriculture,10,2,85343.52,93558.25,821381.8,368162.01,0.0,74180.61,1.0962420317086556,0.4482222052860128,0.09090909090909091,0.8691900780507055,0
MSME_03531,Nairobi,Digital Commerce,21,2,52623.1,49813.16,195332.42,131255.27,0.0,32526.76,0.9465845496645074,0.6719550090302007,0.045454545454545456,0.6180962714801773,1
MSME_03532,Kakamega,Digital Commerce,46,10,28365.09,21111.41,451750.4,141241.78,50067.82,22012.46,0.7442481498155016,0.3126537737348462,0.02127659574468085,0.7760131903974076,0
MSME_03533,Nyeri,Services,103,2,147502.44,111160.08,886139.69,407334.33,58913.0,110441.83,0.7536100852969938,0.4596723010202816,0.009615384615384616,0.7487407073353679,0
MSME_03534,Mombasa,Construction,91,1,747939.53,699777.58,74467.51,60773.4,0.0,425809.46,0.9356059097372353,0.8160952864506086,0.010869565217391304,0.5693092470867971,1
MSME_03535,Mombasa,Food Services,27,1,757389.33,623948.11,49232.83,34703.55,61800.04,476612.78,0.8238131453302289,0.704872036158877,0.03571428571428571,0.6292828956503842,1
MSME_03536,Meru,Digital Commerce,66,25,244728.32,206239.48,606928.71,142298.16,0.0,154953.26,0.8427248520937336,0.23445574941454095,0.014925373134328358,0.6331618132228701,1
MSME_03537,Nairobi,Agriculture,41,1,72935.27,46194.1,1149201.35,930269.14,292847.39,56942.29,0.6333488126003701,0.8094911570621135,0.023809523809523808,0.7807129429569128,0
MSME_03538,Meru,Construction,112,2,31273.29,21150.33,810763.92,463119.11,11242.62,26733.2,0.676284897275046,0.5712125655362592,0.008849557522123894,0.8547979826240659,0
MSME_03539,Thika,Services,13,2,379671.69,309942.23,104255.05,67080.8,38671.07,360054.01,0.8163405958959018,0.6434235711021087,0.07142857142857142,0.9483273869395241,1
MSME_03540,Eldoret,Manufacturing,9,2,208400.46,205238.51,2742153.4,919732.65,108285.03,113193.49,0.9848228030648155,0.3354051289015673,0.1,0.5431511372329157,1
MSME_03541,Eldoret,Construction,116,1,97126.72,60841.53,825917.11,374334.88,1492.54,89589.69,0.6264074766709236,0.45323486126245616,0.008547008547008548,0.9223905389728082,0
MSME_03542,Eldoret,Manufacturing,36,2,82183.34,64432.3,2338061.72,1742908.07,226365.49,61858.31,0.7839972919415062,0.7454496644127664,0.02702702702702703,0.7526775782344909,1
MSME_03543,Thika,Construction,86,2,242907.64,238605.64,338953.57,123562.46,29749.19,160451.55,0.982285521009051,0.3645398850943358,0.011494252873563218,0.6605427867860113,0
MSME_03544,Nyeri,Manufacturing,106,50,58301.23,60378.38,1002501.29,232629.71,0.0,36616.59,1.0356101301785539,0.23204905596774247,0.009345794392523364,0.6280478465403466,1
MSME_03545,Meru,Transport,90,1,169266.92,119269.09,1362001.14,548401.49,0.0,100556.1,0.7046172127595116,0.40264363314436497,0.01098901098901099,0.5940647229551825,1
MSME_03546,Mombasa,Manufacturing,58,2,39347.13,39438.33,2434925.24,378326.35,0.0,29537.24,1.002292357984992,0.15537487082154897,0.01694915254237288,0.7506643898960383,0
MSME_03547,Nakuru,Agriculture,54,2,1237385.92,1392648.69,2200008.92,1483433.38,49935.99,1145457.58,1.1254755222400443,0.6742848595882694,0.01818181818181818,0.9257068759058809,1
MSME_03548,Eldoret,Transport,12,2,67033.82,73653.19,279274.71,60936.83,0.0,39011.68,1.0987303314904104,0.21819595409855014,0.07692307692307693,0.5819614343709731,0
MSME_03549,Thika,Agriculture,81,3,254841.98,263546.58,634799.49,208278.17,0.0,177440.14,1.0341527947915223,0.3281002035773476,0.012195121951219513,0.69627242626028,0
MSME_03550,Nyeri,Construction,78,1,40214.32,39883.75,389316.28,313346.97,0.0,23796.09,0.9917551321237777,0.8048627330387184,0.012658227848101266,0.5917170371888126,1
MSME_03551,Kisumu,Manufacturing,14,1,113181.37,82546.12,865925.35,461017.03,212097.6,65535.82,0.7293195927952383,0.5323975070166187,0.06666666666666667,0.5790285183107582,0
MSME_03552,Kisumu,Transport,34,5,322745.24,306171.23,129952.25,46402.15,23128.84,287254.18,0.9486438323805104,0.35706802253887454,0.02857142857142857,0.8900310658925105,0
MSME_03553,Meru,Construction,53,2,400694.82,382183.0,108241.1,58248.16,0.0,247582.58,0.953798320132214,0.5381285100714047,0.018518518518518517,0.6178816140382997,1
MSME_03554,Meru,Retail,20,2,285868.81,235484.93,12772102.15,3507501.87,55481.93,174833.74,0.8237488596644745,0.27462210638347373,0.047619047619047616,0.6115851827795317,0
MSME_03555,Mombasa,Manufacturing,75,1,116047.59,101095.84,7440245.75,893859.99,0.0,105534.44,0.8711509549577465,0.12013848734250648,0.013157894736842105,0.9093987268608779,0
MSME_03556,Nakuru,Digital Commerce,16,1,68463.02,67211.22,2955253.96,1722871.64,0.0,46124.78,0.9817013374324207,0.582985787459773,0.058823529411764705,0.673708321538817,1
MSME_03557,Nakuru,Transport,115,1,45357.14,50965.82,1304154.36,875479.8,14839.89,22856.48,1.123631171824947,0.6713002352725829,0.008620689655172414,0.5039113155874557,1
MSME_03558,Eldoret,Construction,95,1,599468.43,457045.77,1849745.73,1486872.62,7093.94,494281.83,0.7624171427724012,0.8038249755413813,0.010416666666666666,0.8245321700557774,1
MSME_03559,Mombasa,Transport,119,3,147763.93,108680.33,1855791.51,1331542.82,0.0,108260.04,0.735494748314096,0.7175063013914201,0.008333333333333333,0.7326504333606086,1
MSME_03560,Nakuru,Transport,70,15,177768.82,165501.67,5312778.53,4469864.57,20577.35,150811.8,0.930988567125736,0.8413420027614058,0.014084507042253521,0.8483543494615676,1
MSME_03561,Kisumu,Food Services,56,1,427354.8,287156.58,403925.5,358993.95,0.0,323350.55,0.6719379495960978,0.888760578966718,0.017543859649122806,0.7566307746379013,1
MSME_03562,Thika,Transport,83,2,239601.23,220527.31,293857.46,204509.62,15982.63,157674.44,0.9203892217530696,0.6959460006698462,0.011904761904761904,0.6580674979527528,1
MSME_03563,Nakuru,Retail,101,1,117310.88,76119.31,716238.2,568935.68,197284.6,62169.36,0.6488627579747251,0.7943375341645641,0.00980392156862745,0.5299493964294153,1
MSME_03564,Nairobi,Manufacturing,58,2,280520.88,244002.99,1490509.14,952413.28,569165.62,249571.43,0.8698180334453768,0.6389847706772395,0.01694915254237288,0.8896683210593056,0
MSME_03565,Kisumu,Manufacturing,4,1,71500.07,67297.86,537234.14,127190.31,14078.33,42412.99,0.9412147258775287,0.2367497963740793,0.2,0.593179794372308,0
MSME_03566,Machakos,Manufacturing,111,15,28250.28,18039.51,375807.84,92208.94,0.0,26473.52,0.6385377936858082,0.2453612852747157,0.008928571428571428,0.9370732936702337,0
MSME_03567,Kisumu,Transport,4,3,546802.11,390320.6,4092567.66,770252.19,53432.67,333891.51,0.7138229334503968,0.1882075180627513,0.2,0.6106247457151442,0
MSME_03568,Nyeri,Manufacturing,20,50,77714.45,60963.56,267132.41,228232.53,0.0,67779.9,0.7844458212620528,0.8543765828467507,0.047619047619047616,0.8721547645931407,1
MSME_03569,Mombasa,Retail,10,15,98293.19,78902.82,4249822.17,2712242.28,19673.61,84034.45,0.8027210967403059,0.638201207792841,0.09090909090909091,0.8549279464025289,1
MSME_03570,Eldoret,Digital Commerce,24,2,107357.17,104335.88,2317047.4,1695911.41,350839.09,76034.24,0.9718485328131059,0.7319274858479434,0.04,0.7082296577894351,1
MSME_03571,Nyeri,Digital Commerce,118,2,72969.34,65012.89,7234286.41,2639978.26,24578.79,49675.1,0.8909495282603864,0.36492581927982864,0.008403361344537815,0.6807574145878997,0
MSME_03572,Nairobi,Food Services,99,1,400846.51,324749.67,10016314.93,4691014.57,165466.81,327277.89,0.8101576332605882,0.46833732110524595,0.01,0.816464819751531,1
MSME_03573,Nairobi,Retail,26,2,193775.62,164296.91,1137427.63,149939.83,0.0,142977.08,0.8478675600802615,0.1318235061482495,0.037037037037037035,0.7378448442335303,0
MSME_03574,Machakos,Food Services,37,15,98342.65,59707.48,8834480.62,7166582.98,0.0,77138.12,0.607131014559659,0.8112058282826561,0.02631578947368421,0.7843731649171044,1
MSME_03575,Mombasa,Manufacturing,102,1,37209.94,38095.12,1337458.4,1046431.12,0.0,26478.48,1.0237612917061487,0.7824021574038061,0.009708737864077669,0.7115778316806831,1
MSME_03576,Nakuru,Digital Commerce,85,10,180556.28,112405.78,1173379.06,854042.86,23910.11,135547.14,0.6225491434075657,0.727848451762509,0.011627906976744186,0.7507154516284251,1
MSME_03577,Kisumu,Construction,54,2,11491.82,12136.79,920397.95,134968.68,202425.43,6724.07,1.056032374995867,0.14664149714642766,0.01818181818181818,0.5850670244552686,1
MSME_03578,Eldoret,Agriculture,104,15,168172.59,150942.99,433082.42,103679.84,46283.25,88278.56,0.8975427711330893,0.23939923629493828,0.009523809523809525,0.5249252275580251,0
MSME_03579,Mombasa,Digital Commerce,103,25,510517.63,454514.13,1815019.02,666722.78,0.0,337026.21,0.8902988124057295,0.3673363228246926,0.009615384615384616,0.6601643704951571,1
MSME_03580,Thika,Digital Commerce,21,3,142138.67,140364.53,2901490.26,900768.06,63911.71,100866.98,0.9875112978663872,0.31045003389050363,0.045454545454545456,0.7096328561899714,0
MSME_03581,Machakos,Food Services,74,3,445221.55,477614.87,136211.23,104987.24,57290.82,404133.53,1.072755344490076,0.7707622142299557,0.013333333333333334,0.9077112783258621,0
MSME_03582,Eldoret,Services,38,2,38980.72,43598.2,15741504.5,4027756.82,4532.24,26751.41,1.1184267908137455,0.25586859020568264,0.02564102564102564,0.6862552498966182,0
MSME_03583,Nyeri,Retail,46,10,1023298.09,919795.01,5123819.5,2693589.72,129707.07,711461.75,0.898852563232515,0.5256994697608943,0.02127659574468085,0.6952627603724343,1
MSME_03584,Eldoret,Retail,4,25,399226.99,272616.95,362714.38,202069.95,0.0,320848.41,0.6828603124745838,0.5571033409170574,0.2,0.8036721323071561,1
MSME_03585,Thika,Construction,60,5,214478.73,232333.44,1432328.16,630237.97,37517.34,127197.42,1.0832419455209124,0.4400091735896796,0.01639344262295082,0.5930510076639876,1
MSME_03586,Meru,Services,57,3,73247.95,45587.3,692582.71,202615.31,59981.18,65354.59,0.6223611396477357,0.2925499215105709,0.017241379310344827,0.8922256223468049,0
MSME_03587,Kakamega,Digital Commerce,45,3,62036.48,64768.28,1087518.17,944221.81,0.0,42956.44,1.0440185513660452,0.8682346353490027,0.021739130434782608,0.692427223027112,1
MSME_03588,Nairobi,Digital Commerce,20,10,124130.98,120932.36,619631.14,266887.15,128812.65,114058.27,0.9742240476628182,0.43071870029207976,0.047619047619047616,0.9188467790492024,1
MSME_03589,Kakamega,Agriculture,17,2,443644.23,486943.99,1366535.34,931769.38,80742.29,275978.11,1.0975977133801258,0.6818474948130541,0.05555555555555555,0.6220693728635378,1
MSME_03590,Meru,Food Services,119,10,35756.21,39103.16,202210.18,49993.88,4468.27,25369.62,1.093574135118484,0.24723598368794444,0.008333333333333333,0.7094966301901071,0
MSME_03591,Kisumu,Services,71,2,134646.82,84724.46,10100437.56,7658646.02,33351.23,114473.03,0.629230090765673,0.7582488596415955,0.013888888888888888,0.8501662336605227,1
MSME_03592,Kakamega,Food Services,4,1,277678.78,259683.95,221463.4,60396.05,11810.83,208305.47,0.9351921483083859,0.2727122282407466,0.2,0.750164343979241,0
MSME_03593,Kisumu,Services,93,2,337509.46,225648.46,1415311.12,906146.29,0.0,269184.2,0.6685673089954012,0.6402448457800248,0.010638297872340425,0.7975580964216635,1
MSME_03594,Nakuru,Retail,14,2,276851.49,178059.18,323072.74,163215.31,28611.67,173395.78,0.6431554218638236,0.5051952226138837,0.06666666666666667,0.6263110727304638,0
MSME_03595,Machakos,Services,3,1,32286.56,27332.27,604712.56,131371.21,0.0,20915.45,0.846526340175597,0.21724535166699416,0.25,0.6477866398080251,0
MSME_03596,Nairobi,Food Services,88,1,413237.55,270124.56,1268711.32,152193.79,7073.64,301013.0,0.6536770589287955,0.11995925916444163,0.011235955056179775,0.7284242963295656,0
MSME_03597,Nakuru,Agriculture,101,2,142513.73,142563.08,820246.37,692778.95,0.0,84242.14,1.000339263176515,0.8445975876765078,0.00980392156862745,0.5911118099862379,1
MSME_03598,Nyeri,Services,80,1,44999.42,50980.63,851922.75,170855.16,0.0,25057.38,1.13289231522728,0.20055217383011098,0.012345679012345678,0.5568254696289502,0
MSME_03599,Kisumu,Food Services,58,2,130070.49,118789.56,469002.31,311399.31,20749.8,114424.45,0.9132636214131167,0.6639597277042671,0.01694915254237288,0.879704307223666,1
MSME_03600,Nyeri,Services,55,5,18794.79,13707.85,318114.42,197914.24,0.0,15950.85,0.7293042750530837,0.622146012286987,0.017857142857142856,0.8486395091666804,0
MSME_03601,Eldoret,Food Services,116,25,237589.11,252738.63,1616413.85,603530.19,0.0,218445.52,1.063759051250071,0.3733758013915796,0.008547008547008548,0.9194217722278086,1
MSME_03602,Kakamega,Agriculture,4,5,117276.6,125392.94,261675.18,64975.6,56104.47,89593.26,1.0691976984522193,0.24830536734371467,0.2,0.7639417928061283,1
MSME_03603,Meru,Manufacturing,24,50,37417.15,37530.61,334521.22,81175.79,0.0,25784.88,1.0030054933234271,0.24266187758768312,0.04,0.6891008775153235,0
MSME_03604,Machakos,Food Services,34,3,99700.24,93551.0,339264.68,192791.32,0.0,54472.17,0.9383133048295086,0.5682606033124247,0.02857142857142857,0.5463539871720753,1
MSME_03605,Kisumu,Construction,30,1,65679.02,70755.08,490064.26,263427.69,0.0,57975.55,1.0772694648996757,0.537535939601187,0.03225806451612903,0.8826968993005788,1
MSME_03606,Nakuru,Retail,82,3,70011.6,48294.73,132679.37,106242.74,13725.92,49380.35,0.6898005501866806,0.8007419635625075,0.012048192771084338,0.7053066162376486,0
MSME_03607,Nyeri,Transport,19,5,13890.59,15451.62,135149.62,82711.9,0.0,10452.81,1.1123003198337988,0.6119979323809243,0.05,0.7524559823605504,1
MSME_03608,Mombasa,Retail,31,2,25030.16,28057.85,1399568.11,1057261.71,4282.19,16046.47,1.1209168891893144,0.7554194376296287,0.03125,0.6410597830863611,1
MSME_03609,Kakamega,Digital Commerce,60,1,105905.35,114334.97,1418819.34,178672.56,0.0,77919.1,1.079585596142252,0.12593036268425642,0.01639344262295082,0.735735864752208,0
MSME_03610,Thika,Construction,60,5,89165.49,65792.02,1058983.83,674355.1,0.0,75950.14,0.7378558918266268,0.6367939189459398,0.01639344262295082,0.8517789586648526,0
MSME_03611,Meru,Retail,19,1,352913.46,378322.56,3798920.66,1090164.53,0.0,289571.45,1.0719950664532136,0.28696683626795294,0.05,0.8205145518831957,1
MSME_03612,Meru,Services,49,3,70842.69,61895.33,253048.92,76489.39,31579.55,66947.42,0.8736886799657104,0.3022699631756453,0.02,0.9450018766667857,0
MSME_03613,Thika,Services,63,1,78670.12,72943.85,92010.93,62241.83,47982.57,56881.8,0.927199841568291,0.6764539120090189,0.015625,0.7230327978043277,1
MSME_03614,Thika,Manufacturing,110,3,82434.56,87572.73,1871720.4,1375239.76,0.0,60866.78,1.0623174028295557,0.7347459723439611,0.009009009009009009,0.738355874576457,1
MSME_03615,Thika,Manufacturing,83,2,109422.33,67433.76,89644.81,35623.81,0.0,57307.4,0.6162649226632017,0.3973839937415926,0.011904761904761904,0.5237219521650456,0
MSME_03616,Kakamega,Retail,22,1,146014.92,116756.22,618922.58,453089.36,11256.04,98592.52,0.799612946314347,0.7320602650168863,0.043478260869565216,0.675217606408945,1
MSME_03617,Thika,Food Services,24,2,88758.31,93074.75,1018502.45,463414.28,12905.95,81209.14,1.048619575794359,0.4549952972667889,0.04,0.9149365852438466,1
MSME_03618,Kisumu,Digital Commerce,109,3,235913.73,247160.95,8648956.88,6799085.8,0.0,155163.83,1.0476706986460744,0.7861161881389576,0.00909090909090909,0.657711496013835,1
MSME_03619,Nakuru,Retail,76,10,1329377.01,1418150.63,378509.23,45391.97,0.0,1122991.66,1.0667775601312977,0.11992270327805936,0.012987012987012988,0.8447496886156556,0
MSME_03620,Thika,Construction,30,15,58369.93,40454.37,413462.12,68963.85,43197.4,54863.05,0.6930568007054196,0.16679565035933558,0.03225806451612903,0.9399036472435852,0
MSME_03621,Kakamega,Services,58,2,197171.66,194852.46,1612478.46,1162728.3,12461.22,109840.76,0.9882326484817925,0.721080999072075,0.01694915254237288,0.5570790595410134,1
MSME_03622,Nairobi,Food Services,102,5,137245.46,93406.08,1502136.13,900187.68,0.0,89250.29,0.6805718704875886,0.5992713062089079,0.009708737864077669,0.6502921095378343,0
MSME_03623,Nairobi,Agriculture,117,2,379661.19,391735.9,483072.46,264345.08,0.0,270876.26,1.0318011914749794,0.5472150757361003,0.00847457627118644,0.7134665161152867,1
MSME_03624,Nyeri,Digital Commerce,31,2,163243.77,119954.67,910895.59,538506.03,44705.31,99059.38,0.7348147815087737,0.5911823975540408,0.03125,0.606815029970026,0
MSME_03625,Nairobi,Agriculture,100,1,64443.8,64817.56,301215.78,254272.05,0.0,32582.55,1.005784174983862,0.8441496851536623,0.009900990099009901,0.505588503649635,1
MSME_03626,Eldoret,Digital Commerce,64,3,41562.19,35338.29,1246686.64,778468.07,0.0,29545.39,0.8502304563244544,0.6244291232405256,0.015384615384615385,0.710854725058399,1
MSME_03627,Kakamega,Manufacturing,19,2,245361.92,280312.48,107752.5,66588.99,167592.38,181930.29,1.142440267665546,0.6179751933811896,0.05,0.7414742618811351,1
MSME_03628,Machakos,Transport,48,1,45080.18,41426.05,23899760.63,16910913.85,72452.76,35227.7,0.9189211551250434,0.7075766742699517,0.02040816326530612,0.7814280815187179,1
MSME_03629,Thika,Transport,45,3,435278.13,412608.26,1732851.02,1374664.76,8296.26,379669.95,0.947916478329664,0.7932961061499065,0.021739130434782608,0.872244782330823,0
MSME_03630,Kisumu,Construction,100,5,231698.6,185935.79,194478.04,60196.78,62474.58,142232.62,0.802486452285632,0.3095283687126386,0.009900990099009901,0.6138664891954928,0
MSME_03631,Mombasa,Manufacturing,94,2,145322.28,145901.55,528872.01,313832.17,62097.5,76652.6,1.0039791972765821,0.5933979690133931,0.010526315789473684,0.5274626336537409,1
MSME_03632,Mombasa,Agriculture,55,1,35873.17,31288.12,206118.28,116906.16,0.0,19386.78,0.8721628960335528,0.567177218938471,0.017857142857142856,0.5404105516587562,1
MSME_03633,Nakuru,Manufacturing,113,2,261796.6,159679.34,273106.97,56773.36,0.0,189497.35,0.6099343156698152,0.20787881071357972,0.008771929824561403,0.7238315018930654,0
MSME_03634,Meru,Agriculture,55,2,671162.17,627348.62,940341.44,485454.63,0.0,614117.69,0.9347184828392773,0.5162530258657687,0.017857142857142856,0.9150050501132234,1
MSME_03635,Meru,Food Services,97,3,87108.1,92051.73,3874433.16,603018.37,29143.27,82055.38,1.05674068495714,0.15564037098000394,0.01020408163265306,0.9419840177432668,0
MSME_03636,Nairobi,Construction,18,2,63455.41,46337.74,646025.81,160193.51,49005.54,37582.93,0.7302294598764726,0.24796727863352916,0.05263157894736842,0.5922637287549043,1
MSME_03637,Eldoret,Digital Commerce,63,3,121537.02,87699.3,75467.84,62666.27,0.0,69079.86,0.7215791404204215,0.8303595232151442,0.015625,0.5683806598132831,1
MSME_03638,Meru,Agriculture,116,10,212552.07,198712.25,349171.84,68226.27,0.0,140085.06,0.9348829918099983,0.19539397737808015,0.008547008547008548,0.6590592175403536,0
MSME_03639,Nakuru,Digital Commerce,113,1,78337.43,82245.57,377850.04,212779.84,137648.33,55521.68,1.0498751379112399,0.5631315451718751,0.008771929824561403,0.7087412908326093,0
MSME_03640,Nyeri,Agriculture,92,50,327485.2,241451.95,811557.4,291174.26,0.0,282825.84,0.7372889300373573,0.3587841121476902,0.010752688172043012,0.8636267421344778,0
MSME_03641,Thika,Agriculture,47,2,900511.28,1002038.94,615878.56,335192.3,29941.7,764149.62,1.1127432265554444,0.544249755585329,0.020833333333333332,0.848572126079169,1
MSME_03642,Nakuru,Transport,75,1,185395.36,205800.54,52078.67,14997.55,20421.3,169673.79,1.1100570690816154,0.2879732148840421,0.013157894736842105,0.9151948290678416,1
MSME_03643,Kakamega,Services,57,2,96279.81,68387.08,240402.55,109504.22,0.0,85317.9,0.7102877510066649,0.45550167624396565,0.017241379310344827,0.8861360846465666,0
MSME_03644,Nyeri,Agriculture,118,1,206902.67,154159.34,193109.56,153303.26,0.0,144305.64,0.7450778422635035,0.7938626453157197,0.008403361344537815,0.697453264120448,1
MSME_03645,Nyeri,Retail,45,1,432483.55,426138.73,2141283.83,858598.25,0.0,219943.95,0.9853270596602814,0.40097339595872444,0.021739130434782608,0.5085590918796984,1
MSME_03646,Mombasa,Food Services,33,2,156316.27,175614.02,518131.14,198146.17,0.0,94800.39,1.1234460530176864,0.3824240086708383,0.029411764705882353,0.6064613973875056,1
MSME_03647,Nyeri,Digital Commerce,17,5,216445.71,214375.51,66281.54,30283.67,31040.44,167642.5,0.9904309009825099,0.4568875906083261,0.05555555555555555,0.7745208970836286,1
MSME_03648,Meru,Transport,70,15,269619.29,227746.07,257279.75,46411.79,0.0,195655.3,0.8446918813120482,0.18039355839875312,0.014084507042253521,0.7256697928779766,0
MSME_03649,Thika,Digital Commerce,4,3,55523.08,38474.76,2986543.22,1224117.23,29598.98,33762.04,0.6929382711068783,0.4098774837494286,0.2,0.6080612231665973,0
MSME_03650,Thika,Retail,20,1,210896.2,180011.59,355417.46,37503.72,65575.8,117937.3,0.8535513510847939,0.10551989899455419,0.047619047619047616,0.5592170024068598,0
MSME_03651,Thika,Transport,112,3,34823.62,32515.59,322789.39,162271.94,51005.2,20796.86,0.9336954717668132,0.5027161434390905,0.008849557522123894,0.5971884258894999,1
MSME_03652,Mombasa,Transport,47,3,68979.79,53943.82,594599.45,462808.18,73596.47,42552.61,0.7820122094861484,0.7783515468244264,0.020833333333333332,0.6168762346734504,1
MSME_03653,Thika,Services,91,10,419015.17,369002.27,956202.85,517935.39,0.0,373041.16,0.8806396898716344,0.541657921582307,0.010869565217391304,0.8902786734936744,1
MSME_03654,Thika,Retail,15,10,318390.93,213837.01,614604.69,360269.06,0.0,260958.9,0.6716156719173128,0.5861791809965183,0.0625,0.8196153087171525,1
MSME_03655,Meru,Services,70,10,101703.8,86316.37,2489968.24,309878.28,40035.21,76130.34,0.8486951451652232,0.12445064582404239,0.014084507042253521,0.7485422516931354,0
MSME_03656,Mombasa,Services,47,2,733654.46,476821.62,614652.08,484107.34,0.0,373740.79,0.6499258112247949,0.787610695776551,0.020833333333333332,0.509422760923772,1
MSME_03657,Meru,Digital Commerce,78,3,35947.32,22538.93,1638215.04,668396.39,0.0,31257.57,0.6269814556007068,0.40800259164841285,0.012658227848101266,0.8695140690858433,0
MSME_03658,Eldoret,Manufacturing,75,1,108544.15,116303.1,923591.39,812651.57,11584.94,81257.09,1.071472101701458,0.8798811887135622,0.013157894736842105,0.7486017569647285,1
MSME_03659,Meru,Construction,103,50,175449.11,125059.23,154569.45,30353.16,0.0,137254.4,0.712790832676024,0.19637103987211008,0.009615384615384616,0.7822987400805848,0
MSME_03660,Kakamega,Construction,9,1,8036.53,7364.16,6214283.06,5317795.1,0.0,4255.67,0.9162217745999082,0.8557373703319252,0.1,0.5294748511047549,1
MSME_03661,Kakamega,Construction,90,1,113815.89,77615.67,2919197.86,1773216.31,23075.0,98642.24,0.6819345529472822,0.6074325166049154,0.01098901098901099,0.8666748845448159,0
MSME_03662,Mombasa,Manufacturing,16,1,43282.42,32219.01,369484.97,52419.66,0.0,37846.7,0.7443730185830971,0.14187185510724537,0.058823529411764705,0.8743925503114125,0
MSME_03663,Eldoret,Agriculture,69,5,44278.87,35367.16,638354.91,560066.59,0.0,39740.46,0.7987186954252576,0.8773578833162208,0.014285714285714285,0.8974836646991059,1
MSME_03664,Mombasa,Retail,116,2,101495.54,68917.71,1526108.19,169548.26,0.0,74867.2,0.6790153634793857,0.11109838084390279,0.008547008547008548,0.737633026702191,0
MSME_03665,Eldoret,Agriculture,61,2,21468.49,13423.8,905309.89,619739.06,13944.43,14541.04,0.6252500641608161,0.6845593782705961,0.016129032258064516,0.6772885615820403,0
MSME_03666,Nyeri,Construction,10,25,59399.45,64296.22,829409.71,673168.79,36329.37,31652.24,1.0824197459783556,0.8116229774751764,0.09090909090909091,0.5328619564329901,1
MSME_03667,Nyeri,Manufacturing,50,15,21976.25,13328.77,1338045.5,321999.64,4179.11,12905.51,0.6064803376218589,0.24064906563411662,0.0196078431372549,0.5872213311492567,0
MSME_03668,Nyeri,Retail,3,2,150811.66,95573.35,1114769.15,417688.12,0.0,90714.12,0.633722328085719,0.3746854183348918,0.25,0.6015020224429434,1
MSME_03669,Eldoret,Services,77,1,147908.22,154237.17,1120874.51,615341.58,0.0,78126.67,1.042782660878071,0.5489829820619418,0.01282051282051282,0.5282068960947803,0
MSME_03670,Nyeri,Retail,107,10,94037.79,71008.37,813926.39,524044.41,71075.83,53551.59,0.7550965936503437,0.6438466335430731,0.009259259259259259,0.5694627716924048,1
MSME_03671,Thika,Retail,113,15,360932.11,360048.25,1570146.8,1252193.16,28724.67,324500.2,0.9975484100087133,0.7975001843775471,0.008771929824561403,0.8990591082098287,1
MSME_03672,Nyeri,Services,94,2,99095.31,67426.84,938110.96,664985.94,77909.2,73868.73,0.6804172627618525,0.7088556252923158,0.010526315789473684,0.7454236186998284,0
MSME_03673,Eldoret,Agriculture,118,3,130212.04,95120.54,966826.31,377705.12,29461.47,109901.71,0.730499341694196,0.39066451277633024,0.008403361344537815,0.8440146240345822,0
MSME_03674,Mombasa,Transport,109,1,53852.24,49276.26,3797441.96,2876090.83,70967.37,33590.91,0.9150101275243607,0.7573756499557798,0.00909090909090909,0.623749100332682,1
MSME_03675,Meru,Transport,70,10,13316.05,15230.23,1227064.34,1071057.07,0.0,7464.57,1.143663949598447,0.8728606660831932,0.014084507042253521,0.5605272939577459,1
MSME_03676,Mombasa,Construction,81,3,115227.11,73790.8,1084534.72,305392.99,0.0,76967.59,0.6403888773321024,0.2815886875537857,0.012195121951219513,0.6679584521519966,0
MSME_03677,Kisumu,Transport,109,2,101118.84,82948.29,251061.49,39988.19,80784.76,86643.0,0.820296887336847,0.15927584403388975,0.00909090909090909,0.8568348209411724,0
MSME_03678,Meru,Digital Commerce,51,1,736679.85,459463.2,266705.21,117695.89,0.0,466907.02,0.6236936931372656,0.4412941490938662,0.019230769230769232,0.6337982316222827,0
MSME_03679,Mombasa,Retail,117,15,259742.5,184306.67,2870638.44,2311201.77,0.0,153778.13,0.7095718275914509,0.8051174026926907,0.00847457627118644,0.5920384148207751,0
MSME_03680,Machakos,Manufacturing,19,3,88157.38,96894.58,1446665.03,318603.67,6423.74,44967.2,1.0990966485545672,0.22023304853574255,0.05,0.5100728938077128,1
MSME_03681,Kisumu,Services,42,1,153531.81,100264.42,2193641.39,1773862.99,0.0,119878.41,0.6530488173830727,0.8086381800818501,0.023255813953488372,0.7807999475812369,0
MSME_03682,Thika,Agriculture,35,3,330056.11,353579.46,924680.05,826451.68,0.0,229758.59,1.0712675148855302,0.893769457046838,0.027777777777777776,0.6961176809673938,0
MSME_03683,Meru,Agriculture,46,3,223408.01,155892.27,1175241.45,168296.67,17138.97,137717.76,0.6977886433497019,0.14320166021913183,0.02127659574468085,0.6164378061565199,0
MSME_03684,Kakamega,Manufacturing,26,2,707084.77,759396.08,612374.2,303863.2,0.0,518922.0,1.0739801481226243,0.4962042878287691,0.037037037037037035,0.7338883371956417,1
MSME_03685,Kakamega,Transport,115,5,60512.4,54213.79,706393.51,256497.41,41673.01,49334.6,0.8958972723396801,0.36310787579592035,0.008620689655172414,0.8152673622701748,0
MSME_03686,Kisumu,Construction,69,3,353286.35,382613.95,442352.14,183551.32,0.0,215985.17,1.083010614447418,0.4149429571134049,0.014285714285714285,0.6113583461168367,1
MSME_03687,Meru,Food Services,93,25,87301.91,59665.36,3614518.67,1667405.66,74725.08,67567.03,0.6834292236077812,0.4613076735587387,0.010638297872340425,0.7739378905010154,0
MSME_03688,Nyeri,Manufacturing,64,1,161719.15,164811.24,310465.99,214768.94,0.0,99791.84,1.0191138210049893,0.6917609501738011,0.015384615384615385,0.6170649730413929,1
MSME_03689,Eldoret,Transport,37,1,76291.97,74337.69,1054999.59,604556.71,146898.02,72019.42,0.974371426358156,0.5730392150775953,0.02631578947368421,0.9439850093658695,1
MSME_03690,Machakos,Retail,84,1,115611.63,103890.16,604424.2,525220.98,0.0,95908.59,0.8986056281221177,0.8689594345172902,0.011764705882352941,0.8295684476687365,1
MSME_03691,Thika,Manufacturing,49,3,164647.49,172192.14,2285671.8,837039.71,5122.42,126975.51,1.045816697134605,0.36621151986408557,0.02,0.7711914637054977,1
MSME_03692,Nyeri,Services,21,3,241169.09,230690.73,958541.28,511097.34,35913.19,139286.93,0.9565478455475138,0.5332027085962239,0.045454545454545456,0.5775464527960329,1
MSME_03693,Kisumu,Transport,74,15,141684.37,153355.73,1269076.82,952648.79,0.0,108229.47,1.0823681372325176,0.7506622328329716,0.013333333333333334,0.7638718803501026,1
MSME_03694,Kakamega,Agriculture,64,5,11090.57,8978.75,935741.47,372820.67,0.0,9540.17,0.8095111873251487,0.39842230309371335,0.015384615384615385,0.8601280071261328,0
MSME_03695,Thika,Food Services,5,2,123383.32,114062.67,221770.36,104728.69,670436.71,102617.7,0.9244502867139033,0.47223721764613796,0.16666666666666666,0.8316915796107641,0
MSME_03696,Kisumu,Food Services,100,50,579778.12,625482.3,1411883.13,914871.53,0.0,492875.95,1.0788286063147636,0.6479791865073234,0.009900990099009901,0.8501098659779263,0
MSME_03697,Nyeri,Food Services,70,1,122409.62,87908.19,647558.86,510661.92,7215.0,78710.59,0.7181418572996363,0.7885941540601359,0.014084507042253521,0.643004585713233,1
MSME_03698,Kakamega,Services,90,10,596289.66,517077.2,292531.83,126533.23,0.0,386227.91,0.8671562958910005,0.4325436909081281,0.01098901098901099,0.6477175242020392,0
MSME_03699,Thika,Transport,4,2,118160.99,133333.81,134185.56,70522.61,38837.51,87734.27,1.1283984807635687,0.525556434265846,0.2,0.7424914729347398,1
MSME_03700,Kakamega,Transport,103,3,27667.63,23807.47,273558.88,240758.58,43524.65,17303.23,0.8604499030129067,0.8800946249866756,0.009615384615384616,0.6253735728874179,1
MSME_03701,Machakos,Services,39,5,86426.11,63873.75,1824664.82,244460.07,0.0,47608.33,0.7390476205903449,0.13397525580875955,0.025,0.55084949618239,0
MSME_03702,Machakos,Retail,114,3,76234.27,60460.78,6042017.91,2770766.54,0.0,53936.12,0.7930814700334897,0.45858289774865996,0.008695652173913044,0.7074956250564863,0
MSME_03703,Thika,Food Services,35,1,105922.92,115116.63,840772.17,511849.89,0.0,53053.18,1.0867859686461756,0.6087847570112163,0.027777777777777776,0.5008611841404661,1
MSME_03704,Mombasa,Digital Commerce,1,2,40728.43,45827.05,220559.95,23543.0,20811.34,34307.24,1.1251581473150987,0.10674146987488038,0.5,0.8423206511851503,1
MSME_03705,Kakamega,Agriculture,24,3,132082.04,148269.91,1202189.89,694179.55,2346.08,110600.1,1.1225507074943157,0.5774287226548523,0.04,0.8373527744364454,1
MSME_03706,Kakamega,Services,57,10,95965.13,94469.83,2657403.56,385217.12,14729.32,71816.67,0.9844080406285008,0.14495990779815626,0.017241379310344827,0.7483543412660278,0
MSME_03707,Thika,Construction,100,2,483043.44,425213.98,7315308.14,5750173.95,0.0,404031.32,0.8802792140615467,0.7860466099181149,0.009900990099009901,0.8364268099224991,1
MSME_03708,Nairobi,Food Services,70,15,39726.07,27827.27,3324860.08,2479244.68,0.0,31027.56,0.700461171689732,0.7456686521170383,0.014084507042253521,0.7810180816254509,0
MSME_03709,Thika,Manufacturing,41,2,170359.93,113761.52,954672.56,120101.73,8381.98,138648.26,0.6677676624564095,0.1258039763874889,0.023809523809523808,0.8138501004895901,0
MSME_03710,Thika,Manufacturing,54,2,200993.56,127203.12,1454384.39,202222.29,30822.82,106344.71,0.6328684716641088,0.13904312528882046,0.01818181818181818,0.5290924789208226,0
MSME_03711,Thika,Agriculture,46,5,289230.98,176356.62,306467.43,215413.24,0.0,259315.66,0.6097410804987747,0.7028888424168193,0.02127659574468085,0.8965663478844905,0
MSME_03712,Meru,Services,60,3,92634.06,100319.37,1898054.53,750938.54,31374.57,73159.52,1.0829525020008623,0.3956357061903242,0.01639344262295082,0.7897605938831368,1
MSME_03713,Nakuru,Transport,108,25,166175.71,173653.2,2237273.4,1252919.26,0.0,128750.26,1.0449912024374537,0.5600203801554249,0.009174311926605505,0.7747792094331389,1
MSME_03714,Nyeri,Construction,60,3,189714.98,173077.31,36435.24,11523.1,26792.98,127916.93,0.9122969504203072,0.31625381762772453,0.01639344262295082,0.6742549046211077,0
MSME_03715,Kisumu,Digital Commerce,57,2,25633.01,29459.96,865631.55,206345.01,0.0,13141.04,1.1492528870824346,0.2383748277487948,0.017241379310344827,0.5126408236557605,1
MSME_03716,Machakos,Food Services,31,1,96018.81,107942.3,4360534.96,1468897.19,56598.42,86960.18,1.1241669817926114,0.33686161597438125,0.03125,0.9056483240281354,1
MSME_03717,Mombasa,Construction,84,2,128969.98,123851.15,325956.64,96930.04,136331.15,121689.54,0.9603024649421134,0.2973700509060011,0.011764705882352941,0.943542027826725,1
MSME_03718,Mombasa,Manufacturing,24,1,145012.93,124060.88,56921.24,26106.7,38186.55,125219.24,0.8555100878929356,0.458637959433782,0.04,0.8634980101566795,0
MSME_03719,Eldoret,Agriculture,89,5,143248.91,97938.41,705594.62,492040.01,404325.2,130609.72,0.6836891555464154,0.6973399438052067,0.011111111111111112,0.9117612709145856,0
MSME_03720,Nairobi,Digital Commerce,36,1,206389.68,182361.09,2653126.4,1441452.93,0.0,114428.81,0.8835723105326267,0.5433033219588325,0.02702702702702703,0.5544281844509645,1
MSME_03721,Nairobi,Digital Commerce,85,1,925051.72,635287.61,1179656.21,692862.4,95536.69,516089.91,0.6867582747067649,0.5873421483178152,0.011627906976744186,0.55790324036883,1
MSME_03722,Kisumu,Retail,30,1,73465.52,60179.15,753380.24,358656.36,14593.1,65812.09,0.8191370708725553,0.47606223908628253,0.03225806451612903,0.8958106359195998,0
MSME_03723,Thika,Manufacturing,24,1,195081.32,218189.96,240200.41,86420.96,0.0,102588.91,1.118450713524424,0.3597853984287603,0.04,0.525874974216013,1
MSME_03724,Kakamega,Manufacturing,108,2,489580.01,385832.35,195263.88,41944.06,25022.25,265323.77,0.7880868377635807,0.21480595998625046,0.009174311926605505,0.5419404849873569,0
MSME_03725,Thika,Food Services,106,15,22056.47,15087.35,908296.19,348469.98,8373.4,19135.78,0.6840018370193861,0.3836519410568693,0.009345794392523364,0.8675419257058945,0
MSME_03726,Machakos,Transport,30,5,174229.92,160346.95,679943.18,429832.13,0.0,130783.7,0.9203128239235607,0.6321579662612893,0.03225806451612903,0.750634273181821,0
MSME_03727,Nyeri,Manufacturing,86,5,24825.35,23119.86,2028908.96,1393904.97,55760.82,16788.82,0.9312629524678417,0.6870216014908813,0.011494252873563218,0.676250032727324,1
MSME_03728,Nairobi,Manufacturing,92,5,1185384.49,837583.59,1237645.65,588308.96,169514.27,887914.38,0.7065917349806602,0.47534484903263785,0.010752688172043012,0.7490511630946318,0
MSME_03729,Nairobi,Digital Commerce,7,1,224594.25,159040.27,299037.22,184206.28,0.0,201109.88,0.7081194726958829,0.615995774720703,0.125,0.8954324724142653,0
MSME_03730,Nakuru,Food Services,35,15,196239.41,224547.41,991881.99,266253.72,54364.52,164980.34,1.1442465392321592,0.2684325900174979,0.027777777777777776,0.8407052349717369,1
MSME_03731,Nairobi,Transport,55,1,20468.16,15019.63,813016.25,640699.94,0.0,16604.25,0.7337687526014746,0.7880520862257226,0.017857142857142856,0.8111837515559994,1
MSME_03732,Nairobi,Services,92,2,80459.42,85367.9,99018.17,78496.57,0.0,75599.55,1.0609924730693674,0.7927411429524203,0.010752688172043012,0.9395868179659018,0
MSME_03733,Kakamega,Construction,14,3,80838.12,69413.92,441107.44,157149.97,17000.14,59382.72,0.8586674372506776,0.35626153514541686,0.06666666666666667,0.7345790008599797,0
MSME_03734,Nairobi,Retail,10,1,779537.09,654221.89,783931.75,421888.39,8894.66,391986.98,0.8392430060729938,0.538169109531398,0.09090909090909091,0.5028451913106645,1
MSME_03735,Kisumu,Construction,80,5,276288.6,210595.27,636638.69,372643.48,12344.83,191485.9,0.7622265550350068,0.5853286966761372,0.012345679012345678,0.6930622795791084,0
MSME_03736,Kakamega,Digital Commerce,16,2,25516.31,26169.63,1065429.48,509215.66,31443.09,13867.03,1.025563823145935,0.4779435820157876,0.058823529411764705,0.543436200759406,1
MSME_03737,Mombasa,Retail,54,5,213096.9,231074.5,801324.0,664228.46,18997.2,117715.62,1.084358409913941,0.8289126883599038,0.01818181818181818,0.5524015956985029,1
MSME_03738,Kakamega,Retail,95,2,29646.39,22045.65,1097805.59,759432.88,51282.16,18223.8,0.7435949673816145,0.6917729287815625,0.010416666666666666,0.6146848002471719,0
MSME_03739,Machakos,Retail,106,1,26125.49,17041.74,891128.81,568547.66,23078.57,17546.28,0.6522782049942415,0.6380076770184582,0.009345794392523364,0.6715896394808487,0
MSME_03740,Nyeri,Transport,89,5,209697.67,141610.04,709365.72,366085.61,50686.68,150294.47,0.6753025186092024,0.5160738440055378,0.011111111111111112,0.7167163721162371,0
MSME_03741,Kakamega,Retail,77,1,280623.48,290737.7,883328.37,148291.28,25002.18,161756.71,1.0360382672245845,0.16787767398699763,0.01282051282051282,0.5764169612002489,1
MSME_03742,Machakos,Food Services,70,2,210818.66,177025.44,472671.94,88038.51,34263.94,134981.74,0.8397008134820064,0.18625671695951115,0.014084507042253521,0.6402711208243101,0
MSME_03743,Nakuru,Services,44,1,872905.5,587075.27,442933.71,150246.25,0.0,545079.5,0.6725522951198095,0.33920631327357476,0.022222222222222223,0.6244420221409739,0
MSME_03744,Meru,Food Services,73,3,192673.54,151664.62,820836.87,220983.91,203266.66,128004.85,0.7871544418894162,0.2692174887106512,0.013513513513513514,0.6643578855825996,0
MSME_03745,Eldoret,Services,45,3,157959.54,139451.34,65458.3,56426.68,5132.22,86655.93,0.8828239001968465,0.8620116622084256,0.021739130434782608,0.5485922623460263,1
MSME_03746,Nyeri,Food Services,100,2,39497.42,42208.07,467424.65,199987.64,0.0,26810.98,1.0686014782363447,0.4278490921497355,0.009900990099009901,0.6787861387873236,1
MSME_03747,Nakuru,Digital Commerce,56,25,314146.17,299368.35,312573.03,250459.88,64125.02,235439.27,0.952955743640791,0.8012817955477619,0.017543859649122806,0.7494553269411913,1
MSME_03748,Nairobi,Retail,107,10,25554.17,17806.61,269504.91,203331.68,5567.89,13891.93,0.6967909037584177,0.7544609318586001,0.009259259259259259,0.5436054622215388,0
MSME_03749,Machakos,Food Services,84,5,1004870.34,690633.81,499683.45,374790.68,0.0,737923.12,0.6872858071561679,0.7500547195334976,0.011764705882352941,0.7343458715819281,0
MSME_03750,Meru,Digital Commerce,82,5,318315.38,263178.01,146034.79,39804.12,47422.36,267436.1,0.8267812357001547,0.2725641433514346,0.012048192771084338,0.8401581470611094,0
MSME_03751,Meru,Food Services,107,1,2169044.6,1391129.91,502554.81,230098.46,0.0,1092564.81,0.6413557695605846,0.45785653139698057,0.009259259259259259,0.5037076260637398,0
MSME_03752,Kakamega,Agriculture,57,3,196678.97,199740.76,962790.69,341176.04,7196.54,102546.0,1.0155622862867022,0.35436122220789007,0.017241379310344827,0.5213850703760022,0
MSME_03753,Machakos,Retail,21,1,334424.38,274495.4,2572797.73,2254616.76,0.0,237412.36,0.8207971536131619,0.876328464294601,0.045454545454545456,0.7099113111570658,1
MSME_03754,Nairobi,Food Services,68,1,100995.26,79651.23,10211322.92,8183307.64,0.0,90163.51,0.7886552432733648,0.8013953630412304,0.014492753623188406,0.8927410777389182,1
MSME_03755,Kisumu,Services,50,50,127608.26,112296.49,81286.83,24381.08,0.0,121100.87,0.8800026737871531,0.2999351809489809,0.0196078431372549,0.9489975100553047,0
MSME_03756,Eldoret,Services,33,3,46558.56,46089.54,237828.17,83434.0,211228.14,25236.01,0.9899049733287858,0.350814830661857,0.029411764705882353,0.5420156461959692,0
MSME_03757,Nyeri,Construction,91,2,31328.75,28607.56,502400.21,262819.31,0.0,15922.96,0.9131116590461144,0.5231263475659225,0.010869565217391304,0.5082376973962448,0
MSME_03758,Machakos,Transport,7,1,161054.45,167709.47,861063.9,278024.3,9934.55,97107.21,1.041315087443486,0.32288425645964663,0.125,0.6029427132084012,1
MSME_03759,Nairobi,Food Services,70,3,126857.22,120025.88,1129680.87,858132.67,0.0,90114.5,0.9461419212724252,0.7596232999649715,0.014084507042253521,0.710356017923001,1
MSME_03760,Eldoret,Services,15,1,45434.47,46951.24,350758.4,264957.64,34383.07,34407.89,1.0333609402521862,0.7553828635811328,0.0625,0.7572913849025882,1
MSME_03761,Kisumu,Agriculture,82,1,54245.12,53335.44,35129.13,23869.27,14845.49,50885.62,0.9832120712043553,0.6794529368379794,0.012048192771084338,0.9380508688916369,1
MSME_03762,Nyeri,Transport,32,1,137650.07,97210.9,2524428.42,1644534.26,84701.35,123858.73,0.7062124544327915,0.6514479061965615,0.030303030303030304,0.8998021591840877,1
MSME_03763,Thika,Services,75,2,44662.0,28083.24,1333341.22,717125.85,0.0,33628.0,0.6287808700714238,0.5378408027910494,0.013157894736842105,0.7529274791214204,1
MSME_03764,Nairobi,Transport,20,3,190354.82,208794.16,1716640.9,648357.77,0.0,126161.7,1.0968624967705216,0.37768958686141824,0.047619047619047616,0.6627677577706843,1
MSME_03765,Mombasa,Construction,88,1,46069.7,51603.17,563779.04,433856.59,17011.87,29695.78,1.1200865191976679,0.769549397314598,0.011235955056179775,0.6445697590876631,1
MSME_03766,Eldoret,Digital Commerce,15,5,172104.04,172071.82,1111692.75,874975.27,19879.89,130399.98,0.9998069783429934,0.7870650257771081,0.0625,0.757676707201602,1
MSME_03767,Eldoret,Digital Commerce,48,1,42162.56,42091.44,66198.46,9241.81,0.0,34767.62,0.9982895182475106,0.139605519440793,0.02040816326530612,0.8245892898986709,1
MSME_03768,Nairobi,Construction,71,3,42339.87,31694.82,201904.93,84577.07,0.0,30347.09,0.7485632675946431,0.41889344210940216,0.013888888888888888,0.7167327926894275,0
MSME_03769,Nakuru,Digital Commerce,21,50,12553.68,11277.51,3057502.26,370881.34,9383.41,7996.44,0.8982714015809244,0.12130202601975314,0.045454545454545456,0.6369290177049514,0
MSME_03770,Meru,Construction,42,3,113518.49,130061.75,756983.44,584074.73,0.0,88081.77,1.1457217610826123,0.771580892732749,0.023255813953488372,0.7759175979384686,1
MSME_03771,Meru,Digital Commerce,26,15,570383.81,610812.03,6873180.72,1661073.18,0.0,428400.39,1.0708770978666138,0.24167456174867438,0.037037037037037035,0.7510725785281693,0
MSME_03772,Eldoret,Manufacturing,108,25,538924.53,413579.79,226466.67,144733.36,26514.42,373105.94,0.7674154720411926,0.6390906039700942,0.009174311926605505,0.6923144650430645,0
MSME_03773,Nyeri,Services,14,2,184253.44,141059.87,15596803.08,6018816.51,11472.12,154175.93,0.7655710766047211,0.3859006293294414,0.06666666666666667,0.8367555756051251,0
MSME_03774,Mombasa,Services,57,5,18015.46,15600.8,18521703.55,13944108.28,47674.62,11295.68,0.8659192760397991,0.752852322115245,0.017241379310344827,0.6269644536163043,1
MSME_03775,Nairobi,Services,37,10,309859.79,254868.75,336413.23,170813.66,0.0,222546.34,0.822526625585638,0.5077480224305613,0.02631578947368421,0.7182139437519669,0
MSME_03776,Mombasa,Agriculture,58,2,166986.17,134279.29,422810.69,152009.55,62597.0,154153.75,0.8041293831136848,0.35952068874916865,0.01694915254237288,0.9231472693381173,1
MSME_03777,Nakuru,Digital Commerce,21,1,88742.73,83847.2,3276879.96,1176716.24,0.0,73236.97,0.944823932913345,0.3590964256449523,0.045454545454545456,0.8252635989043959,0
MSME_03778,Thika,Agriculture,82,25,445684.3,270227.69,371263.51,134227.28,0.0,300652.99,0.6063195039190209,0.36154083243776786,0.012048192771084338,0.6745858344441694,0
MSME_03779,Kisumu,Food Services,69,5,246580.72,251472.09,530338.79,387605.2,2566.41,183894.96,1.0198326542616378,0.7308620007561567,0.014285714285714285,0.7457769375604971,1
MSME_03780,Mombasa,Digital Commerce,3,1,947468.57,954128.47,302596.24,202404.35,247215.23,646615.89,1.007028088511592,0.6688902714380343,0.25,0.6824661292288259,1
MSME_03781,Nyeri,Agriculture,87,2,32674.86,34526.84,312532.98,111065.25,17642.2,17992.3,1.0566467110582551,0.35537015847044856,0.011363636363636364,0.5506297309389867,0
MSME_03782,Machakos,Transport,90,5,35332.9,37551.73,840337.83,413586.1,19453.6,22991.89,1.06276776693204,0.4921658802795058,0.01098901098901099,0.6507034321147679,1
MSME_03783,Meru,Transport,37,2,41815.42,38115.58,525265.77,84527.19,0.0,37098.62,0.9114979235429528,0.16092240139234393,0.02631578947368421,0.8871782902505763,0
MSME_03784,Kakamega,Food Services,88,3,100205.51,103115.54,59447.22,45298.79,0.0,70899.5,1.0290303494254016,0.7619873227491084,0.011235955056179775,0.7075338718013431,1
MSME_03785,Machakos,Services,49,5,652242.86,567984.38,4111531.55,1285938.43,124703.08,497717.97,0.8708159859105458,0.31276377223378665,0.02,0.7630857115312668,0
MSME_03786,Mombasa,Transport,19,3,71425.3,80235.0,4971409.18,4033702.54,18331.01,41544.6,1.1233257217579518,0.8113799493406517,0.05,0.5816428962441005,1
MSME_03787,Kisumu,Digital Commerce,115,2,72969.43,51435.0,1349001.38,778963.79,0.0,48182.01,0.7048745635732173,0.577436927872581,0.008620689655172414,0.6602949989468337,0
MSME_03788,Nairobi,Food Services,89,5,202256.49,223208.12,848236.78,470140.43,37218.27,185700.23,1.1035839513285763,0.5542554706771019,0.011111111111111112,0.9181377164326524,1
MSME_03789,Nairobi,Construction,85,5,309636.85,229809.9,237274.18,54614.58,24459.67,198604.32,0.7421893027612743,0.23017401145791988,0.011627906976744186,0.6414084066272906,0
MSME_03790,Thika,Manufacturing,12,3,14231.43,9342.9,419057.3,65217.17,88714.3,8720.34,0.6564514984440464,0.1556279162111811,0.07692307692307693,0.6127091438355924,0
MSME_03791,Kisumu,Agriculture,61,2,376892.35,317157.72,2695221.57,1461061.46,31022.06,197926.87,0.8415052162634337,0.5420930635795321,0.016129032258064516,0.5251535215466127,0
MSME_03792,Nakuru,Agriculture,41,2,69201.91,64925.54,1494801.27,709120.72,28480.48,37628.81,0.9381908939956426,0.47439098416675535,0.023809523809523808,0.54374606501374,0
MSME_03793,Kakamega,Agriculture,33,50,120279.72,87448.7,1259641.43,246570.31,81188.82,91792.09,0.7270383815461031,0.19574627221790236,0.029411764705882353,0.7631488238514036,0
MSME_03794,Machakos,Manufacturing,50,1,550324.91,498422.63,1325549.23,1018645.05,0.0,438617.08,0.9056862868768072,0.7684695962068522,0.0196078431372549,0.7970133188895285,1
MSME_03795,Eldoret,Agriculture,117,1,107318.51,112077.16,2610339.29,1132344.55,0.0,84643.31,1.0443316410967587,0.4337919290974894,0.00847457627118644,0.7887038433179577,0
MSME_03796,Thika,Construction,68,2,28799.97,21352.2,2180335.04,672341.72,45734.53,21396.17,0.7413708635507762,0.3083660993834693,0.014492753623188406,0.7428975482422987,0
MSME_03797,Meru,Manufacturing,106,10,30518.69,28052.09,1668251.79,1218854.24,0.0,22002.06,0.9191472783635745,0.730617234573904,0.009345794392523364,0.7209136134737936,1
MSME_03798,Mombasa,Manufacturing,71,1,129429.05,101811.73,480269.25,398840.24,50862.0,68916.23,0.7866158593000621,0.8304496062373216,0.013888888888888888,0.5324592704708064,0
MSME_03799,Kisumu,Food Services,86,1,95381.06,85020.07,5505471.33,1898122.25,47378.54,83774.42,0.8913633234593592,0.3447701007699007,0.011494252873563218,0.8783037397179302,0
MSME_03800,Eldoret,Construction,119,1,141417.7,136723.4,407622.82,293798.19,0.0,103360.27,0.9667985916996832,0.72075814902083,0.008333333333333333,0.7308812059508396,1
MSME_03801,Mombasa,Retail,33,5,89207.64,70717.79,257168.52,159962.86,26128.36,49899.33,0.7927235523375313,0.6220132930216613,0.029411764705882353,0.5593553494370053,1
MSME_03802,Machakos,Digital Commerce,81,1,461126.11,528895.78,370813.86,330685.21,3167.64,258752.73,1.1469631009115904,0.8917798224159627,0.012195121951219513,0.5611310295766389,1
MSME_03803,Mombasa,Retail,24,2,136593.86,124310.84,174649.26,45966.67,0.0,99826.95,0.9100696761210488,0.26319268004525154,0.04,0.7308250837549818,0
MSME_03804,Nakuru,Food Services,61,2,22857.22,24079.03,1469291.84,1276143.43,63340.61,13944.26,1.0534079206517393,0.8685426044817586,0.016129032258064516,0.6100326272124426,1
MSME_03805,Kisumu,Food Services,61,15,301502.32,301147.87,717640.63,252765.69,45148.47,275839.72,0.9988210743417353,0.35221715050170654,0.016129032258064516,0.9148812026348498,1
MSME_03806,Nakuru,Food Services,98,2,896515.57,958413.63,2826021.0,1213955.3,27693.63,649549.75,1.0690417356145465,0.42956328719309333,0.010101010101010102,0.7245262070281646,1
MSME_03807,Nakuru,Agriculture,28,1,155582.43,108221.66,38729.14,14990.53,0.0,146292.34,0.6955860273809364,0.38705075685241525,0.034482758620689655,0.9402822652772214,0
MSME_03808,Thika,Digital Commerce,58,2,168139.68,121464.87,939472.73,295708.96,16686.51,139618.38,0.7224002543584337,0.3147602221937595,0.01694915254237288,0.8303664526633293,0
MSME_03809,Kakamega,Digital Commerce,43,25,61090.7,53031.38,535926.03,350805.42,0.0,52832.12,0.8680619462218272,0.654576836701071,0.022727272727272728,0.864800292020029,1
MSME_03810,Kakamega,Services,41,3,104563.44,111755.39,481795.39,275257.54,18836.36,70579.85,1.0687705112751524,0.5713150735728841,0.023809523809523808,0.6749890306876793,1
MSME_03811,Kakamega,Transport,39,50,220327.42,156142.43,209230.76,72091.2,0.0,123451.51,0.7086803872146861,0.34455189785718954,0.025,0.5603067911075656,0
MSME_03812,Meru,Food Services,86,10,413242.58,468652.71,768619.35,158158.78,42042.22,334876.64,1.1340834623492517,0.20576970151779095,0.011494252873563218,0.8103613854085767,1
MSME_03813,Kisumu,Manufacturing,49,1,208147.09,139496.28,291369.21,103115.71,0.0,142202.35,0.6701780448718025,0.3538992884687834,0.02,0.6831787406744881,0
MSME_03814,Nairobi,Retail,17,3,820805.03,571520.69,4518130.55,1829775.32,0.0,760883.66,0.696292021636342,0.404984958881952,0.05555555555555555,0.9269956995808133,0
MSME_03815,Machakos,Agriculture,98,1,147041.53,101749.59,1548007.24,626204.15,0.0,86333.16,0.6919738799380016,0.40452249143066576,0.010101010101010102,0.5871305397152783,0
MSME_03816,Nyeri,Construction,70,3,43403.9,40031.56,2368376.99,913737.91,103041.74,33938.66,0.9222820464970544,0.38580746564022916,0.014084507042253521,0.7819084942022675,0
MSME_03817,Mombasa,Transport,110,1,44664.96,49339.04,90361.19,12558.22,0.0,39739.64,1.104622849257018,0.13897649005629456,0.009009009009009009,0.8897075088053632,1
MSME_03818,Eldoret,Retail,70,2,457902.58,338990.44,2111200.27,994853.49,28963.48,311956.7,0.7403096520887651,0.4712262654142871,0.014084507042253521,0.6812715899709716,0
MSME_03819,Kakamega,Retail,98,15,364799.07,329840.47,1885416.44,1449822.04,0.0,338953.21,0.9041677815467524,0.7689660704528118,0.010101010101010102,0.9291478754376336,1
MSME_03820,Nakuru,Retail,65,1,25729.56,17925.14,447941.35,109428.95,33645.22,13751.87,0.6966478770769077,0.24429248540576706,0.015151515151515152,0.5344566927420157,0
MSME_03821,Meru,Manufacturing,74,10,108065.39,102351.46,583193.21,126276.42,18801.87,82574.56,0.9471164901501753,0.2165255035711003,0.013333333333333334,0.764109544142263,0
MSME_03822,Nakuru,Manufacturing,85,1,112061.85,74833.28,224290.68,107094.5,0.0,95232.85,0.6677795540627425,0.47747870094869327,0.011627906976744186,0.8498164199821796,0
MSME_03823,Eldoret,Manufacturing,5,1,62847.54,54691.24,504299.9,199946.04,0.0,37131.15,0.8702070087865207,0.3964816243635496,0.16666666666666666,0.5908037004519119,1
MSME_03824,Machakos,Transport,2,10,32520.53,31231.09,1436256.69,788540.13,0.0,17106.96,0.960320440028498,0.5490241308995185,0.3333333333333333,0.5260195322913774,1
MSME_03825,Kisumu,Digital Commerce,22,3,61475.61,56466.6,326697.47,280195.17,29917.88,32948.09,0.9185054283246913,0.8576568173092455,0.043478260869565216,0.5359451342551256,1
MSME_03826,Thika,Retail,112,5,51361.87,34772.0,761723.63,539840.39,0.0,33059.23,0.6769870920374971,0.7087080668508776,0.008849557522123894,0.643640629894708,0
MSME_03827,Thika,Food Services,57,1,33307.29,22940.57,15475214.46,10053419.26,271507.7,19998.61,0.6887345462646086,0.6496464805925228,0.017241379310344827,0.6004093875728835,1
MSME_03828,Nyeri,Transport,66,2,305304.62,295921.1,225357.31,97523.28,0.0,183411.92,0.9692618825686864,0.4327476541690431,0.014925373134328358,0.6007485875956035,0
MSME_03829,Meru,Manufacturing,74,5,176830.44,184770.15,1086599.45,358455.98,54239.61,124901.43,1.044894222430129,0.32988756814889963,0.013333333333333334,0.7063304466671764,0
MSME_03830,Kisumu,Services,98,3,83773.95,92104.51,210959.67,112275.12,28889.5,45088.83,1.0994278122517531,0.5322087761666665,0.010101010101010102,0.5382137500529693,1
MSME_03831,Eldoret,Manufacturing,16,2,16805.0,17603.01,122690.17,99177.19,0.0,15930.72,1.0474241342377721,0.8083482291349899,0.058823529411764705,0.9479186004998215,1
MSME_03832,Eldoret,Manufacturing,112,25,98807.02,112211.0,1903402.21,1525375.13,15313.41,80341.32,1.1356466813119015,0.801393589117673,0.008849557522123894,0.813105251982582,1
MSME_03833,Eldoret,Services,51,3,224370.87,185002.42,447643.83,204310.0,22298.32,115244.06,0.8245348224801978,0.4564109452576499,0.019230769230769232,0.5136297165950438,0
MSME_03834,Thika,Digital Commerce,39,15,63828.56,49922.94,4971609.74,1476450.18,0.0,51787.74,0.782128844378686,0.29697622304195115,0.025,0.8113441483851682,0
MSME_03835,Nairobi,Construction,86,5,42194.04,25970.48,1441847.83,404114.71,113980.02,36131.71,0.615486559557711,0.28027536700917527,0.011494252873563218,0.8563023047258634,0
MSME_03836,Meru,Agriculture,76,5,117827.62,99852.16,284087.47,36133.29,0.0,69028.49,0.8474355381570284,0.12719027280480621,0.012987012987012988,0.5858380586991514,1
MSME_03837,Kisumu,Construction,88,1,186291.67,178514.8,254651.61,197133.81,69807.3,163587.29,0.9582491892998258,0.7741283704101836,0.011235955056179775,0.8781198422890176,1
MSME_03838,Thika,Retail,111,2,18034.99,18909.23,1731899.97,540128.38,0.0,13982.42,1.0484165271770498,0.31187024509836725,0.008928571428571428,0.7752510397266797,1
MSME_03839,Nakuru,Food Services,40,10,516075.91,385560.55,206181.29,79833.25,17127.27,448668.7,0.7470990128196202,0.3871974164221379,0.024390243902439025,0.8693834025630017,0
MSME_03840,Nyeri,Services,38,1,38210.78,33720.07,199357.12,148994.11,0.0,31428.83,0.882452217614568,0.7473691565710993,0.02564102564102564,0.8224906036829481,1
MSME_03841,Machakos,Retail,60,1,87309.74,84175.78,92684.06,18167.86,392428.72,71339.29,0.9640942225435266,0.19601713587928843,0.01639344262295082,0.8170734780165646,0
MSME_03842,Nakuru,Transport,59,2,434204.56,392252.4,1541191.63,722799.24,3743.3,248021.32,0.9033794961077882,0.4689869559005094,0.016666666666666666,0.5712071489826155,1
MSME_03843,Kakamega,Agriculture,10,1,151048.92,113394.15,276081.74,54629.15,0.0,96989.81,0.7507064551904429,0.19787238419902672,0.09090909090909091,0.6421043453713844,0
MSME_03844,Thika,Transport,99,15,398750.6,413885.32,1123163.12,509330.73,0.0,293265.29,1.037952750534418,0.45347845513441076,0.01,0.7354585912633329,1
MSME_03845,Kakamega,Digital Commerce,64,10,630128.45,438158.91,152864.26,21051.19,26122.25,346977.69,0.6953474559870199,0.1377107525934931,0.015384615384615385,0.5506450936390928,0
MSME_03846,Nyeri,Digital Commerce,115,2,30956.06,33981.67,102130.46,52505.09,0.0,22143.55,1.0977033994830256,0.5140932088897975,0.008620689655172414,0.7152988688202303,1
MSME_03847,Kakamega,Manufacturing,63,1,328418.47,369118.78,1730159.58,1274379.79,22320.69,230022.35,1.1239247782721289,0.7365673479856997,0.015625,0.7003919408310355,1
MSME_03848,Nyeri,Services,49,5,501564.18,401785.66,603067.49,386588.78,77101.69,303128.09,0.8010637022290901,0.6410362776539693,0.02,0.6043643021630808,0
MSME_03849,Meru,Manufacturing,64,3,91509.17,73838.75,323242.02,163992.06,24098.64,53978.79,0.8068911903452917,0.507333646369224,0.015384615384615385,0.5898665689288961,0
MSME_03850,Machakos,Food Services,32,50,99090.21,99962.51,406872.46,310446.52,71051.18,60575.67,1.0087929090784136,0.7630050876260153,0.030303030303030304,0.6113122445472207,1
MSME_03851,Kisumu,Services,7,3,19672.09,16740.14,408616.68,115324.04,0.0,15192.72,0.8509156416201014,0.28222968717359465,0.125,0.7722589588112493,0
MSME_03852,Nakuru,Retail,21,2,291000.26,179179.21,8378020.99,6406145.07,100093.32,199838.19,0.6157334507761237,0.7646369366953643,0.045454545454545456,0.6867262018040746,0
MSME_03853,Meru,Transport,20,2,10563.2,11682.18,1003011.96,322057.9,0.0,7249.33,1.1058272278071222,0.321090467265747,0.047619047619047616,0.6862166562541413,1
MSME_03854,Nyeri,Construction,26,50,351093.49,293834.6,861810.78,336096.79,0.0,204259.15,0.8369103143714958,0.3899886237340594,0.037037037037037035,0.5817782842447912,1
MSME_03855,Nyeri,Manufacturing,68,3,32284.12,22983.79,295320.37,59874.48,0.0,27580.8,0.7119004048924087,0.2027434723061186,0.014492753623188406,0.8542882913243005,0
MSME_03856,Nairobi,Food Services,110,3,535356.79,484827.27,1875102.34,340150.7,6407.32,436407.18,0.9056135523870867,0.18140370866173167,0.009009009009009009,0.8151691974072143,0
MSME_03857,Mombasa,Food Services,116,1,198049.73,142674.71,182999.6,154760.79,0.0,137265.06,0.7203947695623236,0.8456846043127728,0.008547008547008548,0.6930803032132221,1
MSME_03858,Nairobi,Services,86,5,365480.31,260701.53,1359220.42,342499.89,57482.28,206127.56,0.7133101553127299,0.2519824106362303,0.011494252873563218,0.5639893323136004,0
MSME_03859,Nakuru,Services,15,5,59114.0,53211.6,1368073.13,501586.12,28318.11,48568.97,0.9001370210606445,0.3666366529421911,0.0625,0.8216014547915081,0
MSME_03860,Nakuru,Transport,104,2,35120.71,28625.95,2473257.03,1294308.23,0.0,31765.98,0.8150500075309546,0.5233211473693264,0.009523809523809525,0.9044542535087272,1
MSME_03861,Eldoret,Retail,85,2,22842.49,20904.22,68719.38,25996.11,208095.84,13253.62,0.9151062293896423,0.3782882166833187,0.011627906976744186,0.5801924311915561,1
MSME_03862,Eldoret,Agriculture,79,1,396806.09,455634.18,2821257.35,2246021.67,0.0,306015.74,1.1482511060979277,0.7961063438234928,0.0125,0.7711952425043614,1
MSME_03863,Nairobi,Digital Commerce,86,1,258574.74,277311.06,1115229.25,915125.69,0.0,178659.36,1.0724558305431129,0.8205710793802445,0.011494252873563218,0.6909362804105288,1
MSME_03864,Nyeri,Food Services,116,1,267911.79,161877.38,295026.43,106443.28,3760.96,144523.05,0.6042166930514964,0.36079113050606854,0.008547008547008548,0.5394406515642646,1
MSME_03865,Thika,Digital Commerce,92,1,178339.15,111962.32,54663.35,9490.77,0.0,147419.09,0.6278020961628663,0.17361900397608315,0.010752688172043012,0.826617505928979,0
MSME_03866,Machakos,Transport,14,3,229548.95,214753.07,447982.86,120116.12,0.0,122123.77,0.9355396069570043,0.2681259990036248,0.06666666666666667,0.5320139255094588,0
MSME_03867,Nakuru,Manufacturing,27,1,99542.0,94011.53,912729.24,437666.76,0.0,81226.69,0.9444313512753283,0.4795138156044879,0.03571428571428571,0.8159960017278965,1
MSME_03868,Nairobi,Agriculture,105,1,192972.05,208989.69,117691.3,38930.5,33253.66,120900.62,1.0829993618279858,0.33078204776353254,0.009433962264150943,0.6265155678474275,1
MSME_03869,Kisumu,Agriculture,40,15,56565.98,53510.37,262707.91,121575.39,61231.79,42681.68,0.9459647660172065,0.462776043644656,0.024390243902439025,0.7545334751828716,1
MSME_03870,Meru,Retail,58,3,94586.2,68597.98,160147.04,113218.0,0.0,54122.62,0.7252353383967387,0.7069583867526571,0.01694915254237288,0.5721981409746774,1
MSME_03871,Kakamega,Transport,28,3,2794963.19,2397195.0,432909.38,188969.6,0.0,1863970.99,0.8576836184795628,0.43650974596635916,0.034482758620689655,0.6669033530622802,0
MSME_03872,Nyeri,Services,26,2,138540.97,144767.27,197614.99,50905.22,0.0,75759.78,1.0449343978579198,0.25759666512816093,0.037037037037037035,0.5468363124907203,1
MSME_03873,Mombasa,Retail,113,3,18552.86,20548.29,9863070.23,3810835.01,0.0,13177.85,1.1074940740093975,0.3863740736667071,0.008771929824561403,0.7102484334796102,1
MSME_03874,Kisumu,Food Services,63,1,88557.74,64674.01,2056309.2,1427870.21,7075.37,52778.71,0.7302950561401392,0.6943846361312608,0.015625,0.5959740393777057,1
MSME_03875,Mombasa,Food Services,66,10,46280.58,41503.62,193555.23,85019.08,0.0,27054.18,0.8967632479271451,0.4392474476280097,0.014925373134328358,0.5845561020172604,0
MSME_03876,Nakuru,Construction,25,1,156250.93,107408.48,230515.56,69069.44,28172.51,85659.66,0.687405781163791,0.2996289724261025,0.038461538461538464,0.5482150524476722,0
MSME_03877,Mombasa,Digital Commerce,3,3,54755.93,47821.08,123367.14,54519.56,69681.87,46238.39,0.8733338410316284,0.4419257678684302,0.25,0.8444299196467004,0
MSME_03878,Nakuru,Transport,72,2,107814.63,70032.37,609019.17,282490.71,191693.44,84934.63,0.6495567479409061,0.4638445882670848,0.0136986301369863,0.7877765960278672,0
MSME_03879,Nyeri,Manufacturing,44,5,63586.72,71086.8,6139151.22,2069518.7,0.0,36283.01,1.1179328335722685,0.3371017081573521,0.022222222222222223,0.5705977506348711,1
MSME_03880,Machakos,Construction,97,2,162297.14,154333.39,3068878.43,2751397.04,109618.62,115651.84,0.9509251923651127,0.89654777998235,0.01020408163265306,0.7125888195637977,1
MSME_03881,Kakamega,Construction,42,2,71153.95,76121.86,925076.88,660598.15,134661.89,56738.02,1.0698041387141723,0.7141000387988955,0.023255813953488372,0.7973868297286415,1
MSME_03882,Thika,Food Services,116,1,190399.56,218780.97,512461.94,335131.65,0.0,170432.53,1.1490563368090934,0.6539627041128087,0.008547008547008548,0.8951262013094919,1
MSME_03883,Meru,Services,99,3,935261.51,655119.17,1413712.88,1108200.46,39855.82,492702.75,0.7004655516449602,0.7838930321600861,0.01,0.526806906865111,1
MSME_03884,Thika,Food Services,6,50,42006.84,41241.43,1020475.74,646099.27,10936.78,27853.04,0.9817555484880919,0.6331347346535307,0.14285714285714285,0.6630438508621248,0
MSME_03885,Kisumu,Manufacturing,39,10,274815.49,298955.96,1226335.61,898639.45,0.0,213580.82,1.0878385063429055,0.7327836767427174,0.025,0.777176143978842,1
MSME_03886,Nairobi,Services,52,1,11466.33,10511.94,924349.69,397489.33,5059.47,5813.75,0.9166859242735668,0.4300200500742852,0.018867924528301886,0.5069837529747553,1
MSME_03887,Meru,Construction,23,2,105580.46,100494.97,1243913.67,622326.79,0.0,64360.46,0.9518240228918978,0.5002970099227144,0.041666666666666664,0.6095810760714996,0
MSME_03888,Kisumu,Agriculture,89,15,167527.83,138079.64,132624.7,18248.77,0.0,139920.12,0.8242141964460685,0.13759603153838207,0.011111111111111112,0.8352002458323143,0
MSME_03889,Nairobi,Digital Commerce,50,2,63069.17,61247.64,631342.1,204881.32,39011.27,41630.79,0.9711031379810773,0.32451660594690906,0.0196078431372549,0.6600709971132154,0
MSME_03890,Mombasa,Transport,43,3,22305.92,18236.6,965328.7,380735.22,17066.93,12001.09,0.8175310621098745,0.394409516251287,0.022727272727272728,0.5379985224316043,1
MSME_03891,Kisumu,Digital Commerce,19,15,128278.66,110594.27,432758.69,259818.01,4589.22,100309.79,0.8621341060617093,0.6003747946117625,0.05,0.7819617700888823,1
MSME_03892,Machakos,Agriculture,69,10,616686.08,404916.98,163192.41,76923.85,0.0,377734.87,0.6566003944820767,0.471366153817118,0.014285714285714285,0.6125227562737329,0
MSME_03893,Machakos,Retail,51,2,115099.31,69553.89,734004.34,430325.17,26738.6,93891.61,0.6042893368401875,0.5862698083368167,0.019230769230769232,0.8157372469283533,0
MSME_03894,Mombasa,Manufacturing,11,2,232948.74,146835.31,105843702.63,70985335.28,45573.07,210836.94,0.6303304309332992,0.6706618612680533,0.08333333333333333,0.9050748028308596,0
MSME_03895,Thika,Services,12,2,411218.77,290273.94,271652.78,36448.99,83333.58,303288.89,0.7058851766781543,0.13417442599178997,0.07692307692307693,0.7375347979986469,0
MSME_03896,Mombasa,Transport,74,5,1577693.53,1342825.61,614944.91,188555.76,25100.1,1214216.19,0.8511315622042501,0.30662169945971346,0.013333333333333334,0.7696142484565753,1
MSME_03897,Nyeri,Manufacturing,8,1,46523.48,28451.28,3313986.99,784497.27,22885.46,34031.12,0.6115335410519365,0.23672302747240795,0.1111111111111111,0.7314669610493229,0
MSME_03898,Kakamega,Manufacturing,24,1,51580.0,35371.77,6124141.88,1530815.58,0.0,44763.65,0.6857519241581201,0.2499640537452647,0.04,0.8678321474961711,0
MSME_03899,Kisumu,Agriculture,92,2,99485.33,102449.45,362236.46,182023.94,0.0,60563.84,1.0297841924614166,0.5024989408881124,0.010752688172043012,0.6087654454637134,0
MSME_03900,Machakos,Agriculture,41,1,246578.74,251310.98,2321068.91,1606140.28,0.0,167844.85,1.0191874644688976,0.6919827244669248,0.023809523809523808,0.6806919741256926,0
MSME_03901,Kisumu,Services,36,3,13086.0,13535.53,1885120.52,599886.12,10336.07,11813.57,1.0342729426148087,0.31822145874182156,0.02702702702702703,0.9026950408802629,0
MSME_03902,Kakamega,Retail,101,3,256211.6,283587.17,397284.03,301760.82,0.0,211538.73,1.1068431841369237,0.7595574894931229,0.00980392156862745,0.8256374979216479,1
MSME_03903,Thika,Transport,85,2,154548.63,102850.42,1544098.44,1256842.42,46678.76,99535.29,0.6654847378152895,0.8139646886990646,0.011627906976744186,0.6440344761744172,0
MSME_03904,Nairobi,Services,72,2,78124.24,53884.39,592623.25,225449.94,0.0,68334.06,0.6897180731860791,0.3804264506557064,0.0136986301369863,0.8746732810036807,0
MSME_03905,Machakos,Manufacturing,55,15,203925.49,159766.34,343818.09,221791.97,52436.96,123878.8,0.7834506443964195,0.6450833489205035,0.017857142857142856,0.6074679165026574,1
MSME_03906,Nyeri,Digital Commerce,9,1,324372.96,357889.66,5739476.74,1111389.03,0.0,254756.27,1.1033242619105428,0.1936394007166234,0.1,0.785378302253362,0
MSME_03907,Nairobi,Construction,47,5,372510.97,382387.26,1589926.22,1105352.69,32006.66,346586.3,1.0265099937593953,0.6952221938813022,0.020833333333333332,0.9304031223479879,1
MSME_03908,Nyeri,Digital Commerce,15,15,135234.2,105248.27,96939.3,22491.77,38818.4,102591.36,0.7782609113603558,0.23201671544239083,0.0625,0.7586143252644282,0
MSME_03909,Eldoret,Retail,48,2,184615.95,119668.0,625767.56,406706.76,0.0,158725.44,0.6481961705033042,0.6499315977140174,0.02040816326530612,0.8597555099897382,0
MSME_03910,Mombasa,Services,110,3,177783.5,166940.31,391059.02,171096.14,12817.42,147728.1,0.9390037376711693,0.43751887497985603,0.009009009009009009,0.83093914261367,1
MSME_03911,Nairobi,Manufacturing,104,25,456433.04,338331.24,566494.99,477422.18,239974.87,406031.18,0.741248921750008,0.8427635648400618,0.009523809523809525,0.8895725218040267,1
MSME_03912,Mombasa,Services,82,1,195089.99,174046.4,1354778.05,638870.61,22125.98,182593.28,0.8921293597413187,0.47156812027762013,0.012048192771084338,0.9359390713020628,0
MSME_03913,Thika,Digital Commerce,42,2,254033.97,284007.91,1037252.94,129368.52,16461.82,129568.11,1.1179874566088281,0.12472212927916188,0.023255813953488372,0.5100404483681912,1
MSME_03914,Mombasa,Retail,60,2,325351.22,297676.68,4077075.41,1975486.67,0.0,166755.97,0.9149366800079004,0.4845351107854267,0.01639344262295082,0.5125398253007157,1
MSME_03915,Thika,Manufacturing,84,1,944644.61,1046769.14,3160435.71,2327341.68,6818.85,725005.32,1.1081077696428399,0.7363987618027638,0.011764705882352941,0.7674892174643144,1
MSME_03916,Machakos,Agriculture,70,10,74175.2,60539.67,169960.71,104979.2,428807.72,68939.2,0.8161603047877891,0.6176638255757724,0.014084507042253521,0.9293978391990962,1
MSME_03917,Machakos,Food Services,12,15,677191.04,642209.54,648244.66,565951.4,63522.21,486600.62,0.9483418322518972,0.8730508122491711,0.07692307692307693,0.7185563197110232,1
MSME_03918,Thika,Retail,2,5,1577102.37,1721627.22,70534.3,54637.14,0.0,1384539.44,1.0916387934672918,0.7746070407299607,0.3333333333333333,0.8779002482253271,1
MSME_03919,Eldoret,Retail,7,1,79059.6,73003.08,220571.12,114970.78,0.0,66849.52,0.9233813049736531,0.521238948965989,0.125,0.8455478455766842,0
MSME_03920,Nakuru,Food Services,80,1,107281.32,100650.72,59000.21,15647.83,28951.19,77694.58,0.9381855276806094,0.2652120185331792,0.012345679012345678,0.7242067472068091,0
MSME_03921,Thika,Agriculture,3,3,86816.25,86292.7,111124.42,11448.0,0.0,63456.39,0.9939579979785123,0.10301873324753238,0.25,0.7309191433730048,1
MSME_03922,Eldoret,Retail,109,1,257014.66,278901.84,3914208.42,3461733.43,0.0,178937.47,1.0851550446381362,0.8844016910060986,0.00909090909090909,0.6962123241828923,1
MSME_03923,Kakamega,Agriculture,3,3,20708.99,13429.76,1799915.4,1531108.4,0.0,12704.75,0.6484677201678996,0.8506552859899493,0.25,0.6134599775277535,0
MSME_03924,Nakuru,Digital Commerce,27,2,80862.21,63498.88,1529531.29,488402.58,84555.59,71677.92,0.7852629149893999,0.3193149848441578,0.03571428571428571,0.8864095303661578,0
MSME_03925,Thika,Digital Commerce,114,3,101352.3,82979.82,2988867.93,1824920.95,0.0,60234.34,0.8187184827726379,0.6105724248001735,0.008695652173913044,0.5943007282446648,1
MSME_03926,Meru,Digital Commerce,107,3,92865.33,102183.47,1521560.73,1039821.9,48088.76,84332.33,1.1003285044213549,0.6833912022747839,0.009259259259259259,0.9081044766170904,1
MSME_03927,Meru,Digital Commerce,40,2,91935.04,103500.87,658863.54,370551.95,59534.86,60849.73,1.1257921267872752,0.5624099150942317,0.024390243902439025,0.6618702524059118,1
MSME_03928,Machakos,Construction,102,1,81694.37,54425.55,359616.29,278475.83,0.0,41821.29,0.6662011568097433,0.774367189074808,0.009708737864077669,0.511917505239281,1
MSME_03929,Kakamega,Manufacturing,33,2,289927.35,192949.33,5580440.84,905480.76,60942.98,166931.5,0.6655069433534182,0.16225968945856803,0.029411764705882353,0.5757681165018875,0
MSME_03930,Nairobi,Construction,92,2,228260.82,254322.27,3497862.69,2858436.7,11606.78,205325.43,1.1141691150977415,0.8171949948112472,0.010752688172043012,0.8995171860103455,1
MSME_03931,Meru,Digital Commerce,1,3,731901.3,558202.49,560534.06,231845.41,0.0,408254.58,0.762673501640861,0.4136144668631432,0.5,0.5577992855057293,1
MSME_03932,Eldoret,Services,119,5,290666.94,213058.27,1824170.24,883905.37,0.0,241965.16,0.7329954242631643,0.48455175184101684,0.008333333333333333,0.8324452982327532,0
MSME_03933,Kisumu,Services,8,5,44462.92,27548.9,25613.58,11674.33,0.0,25889.25,0.6195787505914908,0.45576894097033793,0.1111111111111111,0.5822529817434,1
MSME_03934,Machakos,Services,101,50,112416.15,84489.48,1937829.59,1017416.69,4191.96,81447.73,0.7515710903540963,0.5250287074888212,0.00980392156862745,0.7245133860803267,0
MSME_03935,Machakos,Manufacturing,32,1,101090.17,99213.89,399933.21,231375.27,0.0,59880.07,0.9814298321010628,0.5785333292693315,0.030303030303030304,0.5923372931582452,1
MSME_03936,Meru,Food Services,48,1,171998.02,143501.37,18905872.31,12634317.02,485298.6,111785.72,0.8343150443531597,0.6682747108707882,0.02040816326530612,0.6499206797806174,1
MSME_03937,Mombasa,Digital Commerce,107,2,397619.04,351606.05,2901526.23,1508655.15,86732.36,221143.78,0.8842764816380986,0.5199520908855989,0.009259259259259259,0.5561685975384943,0
MSME_03938,Kakamega,Transport,101,5,160465.63,177236.31,68376.15,44295.34,28130.33,120381.48,1.1045057156120248,0.6478090999697999,0.00980392156862745,0.7501963492347287,1
MSME_03939,Nakuru,Digital Commerce,4,2,160892.52,106684.51,310655.58,115140.75,39782.48,106932.6,0.6630752438009934,0.3706367655241682,0.2,0.664617195272998,0
MSME_03940,Kakamega,Agriculture,94,10,134597.2,86032.16,784417.55,666240.89,0.0,89435.52,0.6391776413057529,0.8493436189136526,0.010526315789473684,0.6644629720159705,1
MSME_03941,Mombasa,Digital Commerce,70,2,299714.01,320262.98,693199.84,105106.3,0.0,155059.55,1.0685583614914713,0.15162459987786514,0.014084507042253521,0.5173566382277617,0
MSME_03942,Thika,Transport,110,15,75440.14,77414.46,656628.13,352236.66,0.0,42341.37,1.0261570808712595,0.5364316688173734,0.009009009009009009,0.5612503999807003,1
MSME_03943,Nairobi,Transport,118,25,31038.7,23125.5,2377780.56,404025.2,24104.7,25401.72,0.7450297522205434,0.16991686990793217,0.008403361344537815,0.8183622908726567,0
MSME_03944,Kakamega,Agriculture,19,1,253870.35,197594.6,381195.15,173144.03,161317.75,160330.33,0.7783257149733517,0.45421243105419606,0.05,0.6315416450103566,0
MSME_03945,Kisumu,Digital Commerce,32,2,193913.44,149439.94,668774.67,204689.11,72300.24,135532.14,0.7706488490490961,0.3060654254961159,0.030303030303030304,0.6989275270062405,0
MSME_03946,Mombasa,Transport,9,3,500527.73,478652.08,4552952.67,3867836.92,0.0,422135.35,0.9562929184904132,0.849522573771325,0.1,0.8433788605900804,1
MSME_03947,Nyeri,Retail,12,1,11755.63,7449.15,4642034.55,512760.57,0.0,8230.6,0.6336126934334074,0.11046028503594722,0.07692307692307693,0.7000815709944092,0
MSME_03948,Machakos,Digital Commerce,11,2,120529.59,104760.81,2357909.27,973729.06,21357.7,72501.45,0.869163670401016,0.4129627290694145,0.08333333333333333,0.6015190832468339,0
MSME_03949,Mombasa,Manufacturing,46,3,148258.63,99871.48,479417.68,347881.86,27379.32,110811.6,0.6736255850631759,0.7256326766408017,0.02127659574468085,0.7474158676910229,0
MSME_03950,Meru,Construction,119,1,29410.94,30906.67,312140.92,78275.31,0.0,25309.37,1.050820517109718,0.25076833640287727,0.008333333333333333,0.86051345133983,1
MSME_03951,Nairobi,Services,16,3,122198.7,98903.31,694152.78,522329.53,207604.41,94073.31,0.8093580426138526,0.752469474415309,0.058823529411764705,0.7698325773303862,1
MSME_03952,Mombasa,Food Services,1,3,436665.47,388704.19,754750.18,594577.15,0.0,300898.12,0.89016266808853,0.7877790267250725,0.5,0.6890799744711336,1
MSME_03953,Kisumu,Digital Commerce,63,1,1073156.33,661198.11,699139.68,465908.36,0.0,597244.8,0.6161241148117582,0.6664014458434888,0.015625,0.5565305135641202,0
MSME_03954,Mombasa,Agriculture,109,2,355900.65,224945.36,1421971.27,380029.42,3459.0,217783.06,0.6320435996854749,0.2672551554046831,0.00909090909090909,0.6119192198181717,0
MSME_03955,Nairobi,Food Services,119,1,96329.38,93562.82,1124444.37,357158.31,25547.53,89177.26,0.9712701226757333,0.3176306466538254,0.008333333333333333,0.9257438826671294,0
MSME_03956,Machakos,Construction,117,5,470483.04,480703.72,1069486.04,249776.09,0.0,398646.69,1.0217216294945946,0.2335475612682506,0.00847457627118644,0.8473118237974662,0
MSME_03957,Nairobi,Manufacturing,21,1,331506.47,328363.65,416610.58,103007.38,224710.61,178817.03,0.9905165937889727,0.2472504004809468,0.045454545454545456,0.5394057334514967,0
MSME_03958,Eldoret,Food Services,30,15,82093.12,82533.16,173039.54,22355.64,89248.3,41250.28,1.0053480078719403,0.1291930781075926,0.03225806451612903,0.5024754513477945,1
MSME_03959,Thika,Agriculture,13,2,74473.9,48969.64,1678767.65,1319263.02,307110.96,43115.82,0.657532134987761,0.7858515942622589,0.07142857142857142,0.5789308881247239,0
MSME_03960,Nyeri,Services,34,1,112588.85,110494.47,784521.55,410149.3,26531.12,104116.63,0.9813892637746653,0.5228011610373723,0.02857142857142857,0.9247425944701054,1
MSME_03961,Kisumu,Food Services,4,2,46590.46,32611.51,1191319.95,431504.88,0.0,35456.16,0.6999460845399564,0.36220707778202005,0.2,0.7610012650387004,0
MSME_03962,Nyeri,Transport,28,2,97656.17,63858.2,1231898.21,408573.33,0.0,85683.22,0.6539018077218498,0.33166132966348766,0.034482758620689655,0.8773879071040048,0
MSME_03963,Machakos,Transport,102,2,216804.85,220368.79,64075.94,34329.14,79655.89,153790.79,1.016433781653032,0.5357487420591557,0.009708737864077669,0.7093479719297242,1
MSME_03964,Kakamega,Manufacturing,95,3,376437.48,410005.68,5756345.67,2080043.17,1207042.03,328248.31,1.0891704801273239,0.36134779387774435,0.010416666666666666,0.8719839427680188,1
MSME_03965,Kisumu,Digital Commerce,59,2,91230.81,90700.8,370229.04,292841.69,0.0,47007.81,0.9941795520663242,0.7909722560600432,0.016666666666666666,0.5152567947517428,1
MSME_03966,Eldoret,Transport,119,1,534144.07,557147.2,3793249.07,1019496.18,9235.05,369664.42,1.0430634509085706,0.2687658765402725,0.008333333333333333,0.6920674565057766,1
MSME_03967,Nairobi,Food Services,27,1,255277.24,292317.58,1214189.71,978444.38,9665.48,171014.69,1.1450939962607076,0.8058407727398936,0.03571428571428571,0.6699148740605545,1
MSME_03968,Meru,Retail,69,5,267173.36,180105.77,199928.48,126209.64,12767.62,251596.05,0.6741132270327138,0.6312707860791715,0.014285714285714285,0.9416923465260664,0
MSME_03969,Machakos,Food Services,25,3,53156.11,60110.73,312023.48,269994.97,13711.35,33765.51,1.130812604372209,0.8653006007733752,0.038461538461538464,0.6352021394692074,1
MSME_03970,Kisumu,Retail,3,2,812409.84,756076.36,319033.93,35759.17,12322.44,558623.23,0.9306576460747373,0.11208543841892171,0.25,0.6876117384155042,0
MSME_03971,Nakuru,Food Services,97,10,231738.41,242697.14,341829.72,50343.47,0.0,194998.69,1.047284706558975,0.14727602598151507,0.01020408163265306,0.8414567466103413,1
MSME_03972,Nairobi,Retail,68,2,95543.09,91491.4,87270.96,43697.94,6555.8,85637.27,0.957583038364801,0.5007099645751052,0.014492753623188406,0.896311535334106,1
MSME_03973,Nairobi,Digital Commerce,25,5,80088.12,73162.16,279804.3,232210.45,0.0,71700.87,0.9135093505834502,0.8299001126854996,0.038461538461538464,0.8952635514037363,1
MSME_03974,Thika,Retail,20,2,97689.35,96418.46,2328787.28,1594371.52,118841.63,66187.45,0.986980392638577,0.6846356681252278,0.047619047619047616,0.6775229078409484,0
MSME_03975,Thika,Agriculture,34,1,48130.07,37355.78,2633190.33,1573880.89,17235.92,44609.34,0.77612610731488,0.5977085189628054,0.02857142857142857,0.9268304236743542,0
MSME_03976,Meru,Agriculture,26,25,358004.4,396793.94,323997.34,40590.95,0.0,284283.77,1.1083462428220356,0.1252813517501355,0.037037037037037035,0.7940767653225342,0
MSME_03977,Eldoret,Services,5,2,53320.59,35373.46,77076.87,29545.96,0.0,47082.67,0.6633984470455588,0.38332610903752273,0.16666666666666666,0.882994486848573,0
MSME_03978,Kisumu,Construction,99,5,178050.92,137974.71,1555180.42,585808.96,0.0,163241.49,0.7749127894829777,0.3766820722433785,0.01,0.9168195995864575,0
MSME_03979,Thika,Food Services,61,1,84972.48,52439.86,199888.36,106674.13,41449.89,51418.54,0.6171320746190458,0.5336658739614756,0.016129032258064516,0.6051127951920999,0
MSME_03980,Machakos,Transport,92,3,260614.21,195259.38,219513.23,67228.61,0.0,188851.3,0.7492248054133142,0.30626082873989535,0.010752688172043012,0.7246365244760656,0
MSME_03981,Nyeri,Agriculture,93,10,298553.62,214963.74,519488.16,162976.2,0.0,228246.86,0.7200147832245906,0.3137239668292598,0.010638297872340425,0.7645062066029994,0
MSME_03982,Kakamega,Retail,9,1,69989.11,43903.96,464277.34,277029.01,30095.98,60267.41,0.6272880554124004,0.5966873449233061,0.1,0.8610846589611019,0
MSME_03983,Kisumu,Food Services,116,10,128814.2,112129.64,282743.47,241930.59,0.0,87661.23,0.8704690129736242,0.8556510053052497,0.008547008547008548,0.680519302069942,1
MSME_03984,Nairobi,Transport,102,3,31464.29,26988.49,315124.75,197943.49,0.0,18711.88,0.8577225889225875,0.6281412737613477,0.009708737864077669,0.5946832207807397,0
MSME_03985,Nakuru,Food Services,50,3,729812.68,469094.39,399381.49,253409.19,5874.92,608996.23,0.6427591080507014,0.634502504103272,0.0196078431372549,0.8344543911536434,0
MSME_03986,Thika,Retail,6,2,387706.2,288460.31,309655.21,275274.77,3231.76,297196.39,0.7440158707395684,0.8889689956484321,0.14285714285714285,0.7665485448812919,1
MSME_03987,Nakuru,Agriculture,83,10,33006.54,37110.15,333933.01,74394.44,0.0,29845.65,1.124293116057725,0.222781860404096,0.011904761904761904,0.9042070387553874,1
MSME_03988,Eldoret,Agriculture,60,1,55999.37,37010.27,505409.39,64221.27,4076.95,44506.25,0.6608933119549031,0.1270675697822516,0.01639344262295082,0.7947492132641266,0
MSME_03989,Kakamega,Manufacturing,44,1,116445.85,89402.5,1114625.22,776237.44,124188.04,59104.67,0.767753700508,0.6964105330305257,0.022222222222222223,0.5075677873639347,1
MSME_03990,Nyeri,Manufacturing,11,10,138518.71,85843.41,983490.52,443583.68,49087.17,129514.04,0.6197198218217466,0.4510294913371495,0.08333333333333333,0.9349863640344035,0
MSME_03991,Eldoret,Construction,66,5,67100.63,45755.11,380558.56,168609.77,38095.69,51459.46,0.6818777725667766,0.44305750721385107,0.014925373134328358,0.7668883751408124,0
MSME_03992,Eldoret,Construction,47,1,42407.14,41756.97,498803.74,139786.11,24068.84,32574.82,0.9846451648197728,0.28024214445115336,0.020833333333333332,0.7681265907912962,1
MSME_03993,Mombasa,Services,108,2,197803.88,158578.2,3660897.52,1850548.67,3655.46,179836.88,0.8016900290832056,0.5054902942242715,0.009174311926605505,0.9091630095273686,0
MSME_03994,Nairobi,Services,108,2,758793.14,643943.81,2383213.93,1081354.42,0.0,606058.69,0.8486409897683185,0.45373768281990406,0.009174311926605505,0.7987129289111272,0
MSME_03995,Nakuru,Construction,73,2,140739.43,96594.84,1408254.71,530010.75,47651.91,100726.44,0.6863332732463586,0.376359737962646,0.013513513513513514,0.71568944332485,0
MSME_03996,Kakamega,Food Services,85,1,99537.31,97066.5,87064.26,39544.25,38368.16,54574.16,0.9751672496750247,0.454190913804197,0.011627906976744186,0.5482729212501197,1
MSME_03997,Machakos,Food Services,88,3,89604.48,90799.52,829402.33,337623.0,14448.14,83600.03,1.0133255242871309,0.4070673311620295,0.011235955056179775,0.9329789874458572,0
MSME_03998,Kisumu,Transport,98,1,44501.42,31133.71,324302.88,276279.16,15826.07,23822.47,0.6995958871450136,0.8519144451802426,0.010101010101010102,0.5353072934011229,1
MSME_03999,Thika,Construction,86,5,68051.17,42514.72,231465.57,204662.16,0.0,39240.68,0.6247371685575934,0.8841974890801726,0.011494252873563218,0.5766264323386014,0
MSME_04000,Kakamega,Agriculture,3,10,415032.07,267495.48,473721.08,365675.13,0.0,360576.37,0.6445160622983609,0.7719191176396084,0.25,0.8687894918831408,0
MSME_04001,Mombasa,Construction,76,2,16800.27,16151.36,2562490.19,2286590.13,0.0,12107.66,0.9613178051421113,0.8923309234869994,0.012987012987012988,0.7206395706991198,1
MSME_04002,Meru,Agriculture,92,1,142929.01,96410.02,2117895.0,662002.18,0.0,82930.39,0.6745260844800892,0.312575395581275,0.010752688172043012,0.5802167788276233,0
MSME_04003,Meru,Construction,30,1,137029.93,119442.87,346827.57,268562.49,139059.85,86160.7,0.8716489773513177,0.774337852270936,0.03225806451612903,0.6287682642159693,1
MSME_04004,Nakuru,Manufacturing,90,2,150001.31,102593.82,807375.7,343379.48,40714.22,142097.21,0.6839482671966852,0.42530268708522306,0.01098901098901099,0.9473001449111017,0
MSME_04005,Machakos,Services,112,5,275796.27,191287.17,439823.14,306516.76,32480.27,210379.89,0.6935789103351168,0.6969075412732006,0.008849557522123894,0.7628062815850207,1
MSME_04006,Mombasa,Retail,21,2,141656.62,85333.7,546844.73,142788.88,40864.54,96429.35,0.6023939975837516,0.26111364168464846,0.045454545454545456,0.6807212347630859,0
MSME_04007,Kakamega,Retail,28,3,84629.7,65711.01,2414655.22,1809940.73,0.0,75684.16,0.7764441272493314,0.7495645612028365,0.034482758620689655,0.8942872976354916,1
MSME_04008,Mombasa,Construction,90,2,69104.65,44875.76,676179.6,112767.51,208126.47,49469.5,0.649379030513424,0.16677128861727178,0.01098901098901099,0.7158531900068953,0
MSME_04009,Thika,Manufacturing,62,2,488133.28,398648.05,88554.75,28022.81,70534.09,311707.74,0.8166770217408209,0.31644257995669395,0.015873015873015872,0.6385696575130925,0
MSME_04010,Mombasa,Food Services,33,1,377396.63,350518.96,861497.6,652637.93,4727.6,216587.95,0.9287789115156871,0.7575612194842801,0.029411764705882353,0.5738985430300663,1
MSME_04011,Nairobi,Construction,85,1,2368192.4,1899627.94,6450334.67,4500575.09,0.0,1977467.05,0.8021422321335749,0.6977272688197946,0.011627906976744186,0.8350107934596896,1
MSME_04012,Kakamega,Digital Commerce,35,1,100610.47,99382.51,314897.2,157762.68,0.0,77299.06,0.9877850905070763,0.5009958138852493,0.027777777777777776,0.7682927205019467,1
MSME_04013,Mombasa,Construction,52,2,70388.63,70937.55,4677391.25,2985271.15,0.0,38119.62,1.0077841011523998,0.6382340822495697,0.018867924528301886,0.5415516461728809,1
MSME_04014,Mombasa,Digital Commerce,34,10,209644.16,206108.2,1530274.65,380210.85,568048.02,160637.31,0.9831288258693881,0.24845906030067197,0.02857142857142857,0.7662342884519728,0
MSME_04015,Eldoret,Digital Commerce,41,5,204641.82,228215.01,2992178.91,1897672.47,0.0,117004.55,1.1151869877477256,0.6342106848782364,0.023809523809523808,0.5717500863211326,1
MSME_04016,Thika,Agriculture,51,1,251791.11,183936.39,2085523.51,221859.94,80954.74,237130.3,0.7305089504194553,0.10638088353130887,0.019230769230769232,0.9417701769924404,0
MSME_04017,Kisumu,Agriculture,47,1,310870.24,218915.15,902887.89,692129.2,5669.5,191766.24,0.7041987866101734,0.7665718425220627,0.020833333333333332,0.6168670990600481,0
MSME_04018,Machakos,Construction,82,1,249365.16,233241.54,349446.81,179276.73,15611.3,202785.56,0.9353375774804409,0.5130286265064875,0.012048192771084338,0.8132040049058782,0
MSME_04019,Mombasa,Agriculture,58,2,390440.79,362009.81,900593.44,770099.94,0.0,310486.43,0.9271799773277344,0.8551018147524873,0.01694915254237288,0.7952182321467177,1
MSME_04020,Kakamega,Retail,75,2,445969.26,392700.05,964937.24,465612.53,3093.68,361729.3,0.8805521022859237,0.4825309130665192,0.013157894736842105,0.8111063280318288,0
MSME_04021,Kisumu,Food Services,57,2,453996.48,273484.87,2340491.57,1044958.86,48803.79,314845.52,0.6023929251765892,0.446469633526758,0.017241379310344827,0.6934961841638417,0
MSME_04022,Nakuru,Digital Commerce,23,1,13886.36,12572.45,48961.41,22524.32,0.0,7407.67,0.9053160571915757,0.46003291096169485,0.041666666666666664,0.5334109578782432,0
MSME_04023,Eldoret,Construction,48,1,168111.19,187114.3,131157.7,50860.71,38348.48,158193.19,1.1130323149082764,0.3877799185261824,0.02040816326530612,0.9409977349054819,1
MSME_04024,Eldoret,Retail,22,1,52933.4,41500.72,968558.33,226003.47,15399.25,31028.85,0.7840028412525692,0.23333983061213195,0.043478260869565216,0.5861755304678998,1
MSME_04025,Thika,Food Services,17,1,382868.84,433476.27,1087374.45,841247.44,0.0,324050.28,1.1321765903524812,0.7736494694633762,0.05555555555555555,0.8463719158448209,1
MSME_04026,Nakuru,Services,69,5,13598.28,10827.17,257642.76,105960.31,129326.47,7640.98,0.796157590695978,0.41126674288560294,0.014285714285714285,0.5618665105799718,0
MSME_04027,Kakamega,Manufacturing,108,1,579097.0,392002.33,1119881.57,586019.18,0.0,362826.66,0.6769188116691821,0.5232862763459208,0.009174311926605505,0.6265375808585075,1
MSME_04028,Nyeri,Food Services,11,2,56122.96,45971.54,1646276.87,190819.18,85683.06,42201.6,0.8191072048372924,0.11590946065502294,0.08333333333333333,0.7519355369792153,0
MSME_04029,Machakos,Digital Commerce,94,3,44628.88,38918.0,577433.94,85577.5,71895.65,30618.14,0.8720166847860672,0.14820284342336473,0.010526315789473684,0.6860457612702522,0
MSME_04030,Nakuru,Retail,15,15,190279.5,180043.5,4055022.75,2342775.54,0.0,177192.06,0.9462004777157933,0.5777464410658507,0.0625,0.9312150220332615,0
MSME_04031,Meru,Agriculture,91,15,91741.42,80519.88,5074473.36,4076742.92,0.0,80866.24,0.8776733816265149,0.8033823073647375,0.010869565217391304,0.8814487344022537,1
MSME_04032,Thika,Retail,35,5,789684.92,706922.19,844197.49,417638.56,0.0,722408.23,0.8951941171750915,0.4947160708614866,0.027777777777777776,0.9148044959444128,1
MSME_04033,Machakos,Manufacturing,33,1,520754.06,319345.59,2000778.46,464139.92,12560.65,410517.43,0.6132356928034459,0.23197955060974088,0.029411764705882353,0.7883119369017749,0
MSME_04034,Meru,Services,84,3,79950.69,59122.82,95260.06,18375.84,0.0,47851.45,0.7394818045747376,0.1928998060697624,0.011764705882352941,0.5985045469332793,0
MSME_04035,Nairobi,Agriculture,16,5,377937.82,291345.9,2644640.2,2168156.44,64145.33,277151.15,0.7708811177428135,0.8198300926416785,0.058823529411764705,0.7333227901806965,0
MSME_04036,Eldoret,Retail,34,1,77243.12,88281.06,4236226.3,2801460.01,0.0,65231.04,1.1428838855307044,0.6613101261115049,0.02857142857142857,0.8444790360742022,1
MSME_04037,Nyeri,Agriculture,66,2,76579.55,58396.67,215672.44,188272.65,0.0,40520.02,0.7625522407452022,0.8729524136119867,0.014925373134328358,0.5291163356753118,1
MSME_04038,Kakamega,Digital Commerce,99,10,272170.71,297514.8,1528911.85,253614.21,0.0,241797.19,1.0931143431475665,0.16587878766275002,0.01,0.8883994225557094,1
MSME_04039,Mombasa,Manufacturing,40,2,571397.9,438607.83,77013.85,63312.34,0.0,448037.61,0.7676035603148693,0.8220796378880176,0.024390243902439025,0.784106532231686,1
MSME_04040,Nyeri,Food Services,28,1,85727.38,55968.04,283756.73,220338.76,0.0,70777.14,0.6528531158526499,0.7765031105936745,0.034482758620689655,0.8255975442438082,1
MSME_04041,Nyeri,Food Services,47,1,92509.93,68104.85,390668.56,318218.35,28053.13,75158.12,0.7361816598319789,0.814546057798821,0.020833333333333332,0.8124242184139755,0
MSME_04042,Kisumu,Digital Commerce,39,2,180088.69,135076.53,124280.5,13001.03,228371.12,158746.93,0.7500514327055591,0.10460953561069025,0.025,0.8814881629259287,0
MSME_04043,Meru,Digital Commerce,70,1,54502.92,62026.32,548208.86,380195.34,73628.79,29398.03,1.1380157610681947,0.6935215284161435,0.014084507042253521,0.5393745991114034,1
MSME_04044,Nyeri,Services,73,3,637564.28,618985.87,506483.0,273070.56,0.0,426957.53,0.9708588115086818,0.5391494301893051,0.013513513513513514,0.6696687278830491,1
MSME_04045,Kakamega,Transport,20,5,53984.24,60053.39,1529011.84,854019.7,26473.95,39202.14,1.1124038718731268,0.5585431839800639,0.047619047619047616,0.7261640403932631,0
MSME_04046,Eldoret,Services,1,1,70742.81,74934.13,118577.58,56367.23,120378.9,52771.93,1.0592323201139437,0.47535760674482697,0.5,0.7459582682923072,1
MSME_04047,Nyeri,Services,72,15,780148.11,716354.75,1541106.63,1069746.12,24875.09,720973.74,0.9182279910567354,0.6941410834491815,0.0136986301369863,0.9241486412770502,1
MSME_04048,Nyeri,Agriculture,119,2,165146.53,160433.8,282942.29,254611.68,0.0,85729.01,0.9714574598845044,0.8998682386141761,0.008333333333333333,0.5191056142347391,1
MSME_04049,Thika,Construction,87,1,930598.71,878169.2,157280.51,105131.12,0.0,828118.41,0.9436594387075405,0.6684264412263081,0.011363636363636364,0.8898760671223507,0
MSME_04050,Nakuru,Manufacturing,63,5,107014.81,103423.89,576269.04,370218.47,62684.39,80085.12,0.9664356135789656,0.6424392113114191,0.015625,0.7483484916854808,0
MSME_04051,Machakos,Retail,67,5,1655343.04,1234266.01,1799990.11,1122384.14,10631.65,1240816.47,0.7456250665571611,0.6235498240877422,0.014705882352941176,0.7495822258193529,0
MSME_04052,Mombasa,Construction,4,3,246631.35,203339.86,407969.81,267697.28,17327.21,158867.25,0.8244654847589944,0.6561677292549436,0.2,0.6441460335596688,1
MSME_04053,Machakos,Retail,58,10,62790.81,58140.44,1351447.93,505022.54,0.0,49581.45,0.9259239381696436,0.3736896961396832,0.01694915254237288,0.7896165120897136,1
MSME_04054,Eldoret,Transport,25,5,61831.14,38320.51,1019362.18,363072.13,0.0,48901.38,0.6197506668861857,0.3561754408276744,0.038461538461538464,0.7908731607866071,0
MSME_04055,Nyeri,Retail,47,15,31032.55,26860.51,31377398.47,22826128.07,32876.96,18159.7,0.8655313362473839,0.7274703594166276,0.020833333333333332,0.5851634763022601,0
MSME_04056,Kisumu,Digital Commerce,38,2,34619.94,37142.0,501268.55,71415.94,15420.69,27857.03,1.072818935592159,0.142470134082551,0.02564102564102564,0.8046295103483614,1
MSME_04057,Nyeri,Manufacturing,15,5,68903.92,60001.69,597321.84,422544.39,53980.38,42721.66,0.8707896330189485,0.7073970082911948,0.0625,0.6200088469734818,1
MSME_04058,Meru,Services,63,50,49434.39,44677.71,2756595.76,2070405.39,0.0,40039.58,0.9037596345452115,0.7510729969805232,0.015625,0.8099375771082215,1
MSME_04059,Nyeri,Manufacturing,21,5,10117.97,7194.36,685529.25,354609.45,127288.02,7845.21,0.7109775006744757,0.5172776110171652,0.045454545454545456,0.775297288162728,1
MSME_04060,Nairobi,Digital Commerce,99,1,309131.18,320534.67,985775.23,816338.68,0.0,254160.98,1.036885483743556,0.8281176347699113,0.01,0.8221757437223133,1
MSME_04061,Meru,Food Services,57,2,289334.21,230710.2,88612.17,42398.26,0.0,147232.03,0.7973803119226311,0.4784645442658242,0.017241379310344827,0.5088631625580585,1
MSME_04062,Nyeri,Agriculture,117,3,181384.96,204261.8,630142.39,152790.21,37648.48,100925.23,1.1261169276828262,0.2424689561529797,0.00847457627118644,0.5564114774925247,1
MSME_04063,Mombasa,Agriculture,53,1,42831.69,49108.38,312976.38,121785.03,81428.4,37610.09,1.1465163640200977,0.38911767361590155,0.018518518518518517,0.8780697640050157,1
MSME_04064,Eldoret,Retail,46,25,691620.11,763410.48,410278.23,338354.0,0.0,464302.19,1.1037986969483913,0.8246920030536277,0.02127659574468085,0.6713244915268709,1
MSME_04065,Kakamega,Agriculture,116,1,111505.8,72108.82,992365.19,888157.55,19854.98,97737.43,0.6466764358765564,0.8949897315627008,0.008547008547008548,0.8765154232746343,1
MSME_04066,Mombasa,Digital Commerce,14,1,57917.06,45363.58,682903.64,298758.85,106306.3,30591.99,0.7832372147824013,0.43748253050381963,0.06666666666666667,0.5281943145195126,0
MSME_04067,Nyeri,Transport,100,15,168145.7,188293.88,1842428.03,430165.0,174145.5,142287.77,1.1198190627588884,0.23347710712091851,0.009900990099009901,0.8462120874212814,0
MSME_04068,Meru,Agriculture,76,2,158774.33,165521.18,2291645.26,754096.64,0.0,85372.19,1.0424867641591424,0.32906328221878367,0.012987012987012988,0.5376917812105949,0
MSME_04069,Nakuru,Construction,17,1,10907.98,12011.33,589694.05,319989.85,0.0,7752.81,1.101049777339403,0.5426361472764608,0.05555555555555555,0.7106814752616653,1
MSME_04070,Kisumu,Digital Commerce,39,3,129191.96,118198.27,1044842.32,582684.25,422924.66,119103.12,0.9148971430022192,0.5576761978054279,0.025,0.9219010076090832,1
MSME_04071,Thika,Retail,9,3,150322.61,129911.61,63550.76,38387.68,17153.59,80415.85,0.8642129469881679,0.6040380313621526,0.1,0.5349515621664489,1
MSME_04072,Machakos,Agriculture,99,1,91240.93,60088.81,1063947.32,817412.32,26291.57,60018.1,0.6585657493216113,0.7682819782073624,0.01,0.6577907766747153,1
MSME_04073,Machakos,Construction,77,50,35544.66,37738.1,2580812.65,1726489.65,0.0,26063.37,1.0616795411873066,0.668971062672425,0.01282051282051282,0.7332363500916848,1
MSME_04074,Machakos,Manufacturing,79,2,36607.39,36967.16,244824.77,75570.6,12540.51,33120.75,1.009800212464957,0.3086709377039844,0.0125,0.9047311285746246,0
MSME_04075,Eldoret,Manufacturing,82,3,222807.94,140899.76,1805975.58,751349.5,33247.11,144752.36,0.6323792932186654,0.41603501857150327,0.012048192771084338,0.6496703408759091,0
MSME_04076,Thika,Food Services,115,2,285386.87,204102.42,424060.59,327312.55,8411.74,246337.02,0.7151755258553911,0.7718514426170971,0.008620689655172414,0.8631656979674714,0
MSME_04077,Mombasa,Digital Commerce,97,3,85134.74,77174.87,365118.42,221519.59,3745.95,70081.03,0.9064920326058127,0.6067044858912188,0.01020408163265306,0.8231681547608559,0
MSME_04078,Thika,Food Services,6,1,195305.0,190699.97,4028986.33,939295.47,48455.82,124639.81,0.9764163415358463,0.23313438168593098,0.14285714285714285,0.6381770657327476,0
MSME_04079,Eldoret,Food Services,91,1,84295.33,56959.93,701184.84,252728.78,0.0,55075.7,0.6757106744742031,0.3604305243813823,0.010869565217391304,0.6533582185606419,0
MSME_04080,Kisumu,Food Services,23,2,56769.87,41706.19,2064046.42,1512683.33,12017.25,33264.62,0.7346406704706129,0.7328723726705854,0.041666666666666664,0.5859452215546459,0
MSME_04081,Machakos,Agriculture,59,10,165131.41,116617.55,70042.61,16647.4,124072.73,134059.14,0.7062063104389986,0.2376719303873687,0.016666666666666666,0.8118281565684169,1
MSME_04082,Nakuru,Digital Commerce,91,1,42230.8,30448.34,350878.73,229067.85,44522.04,31816.52,0.720981345810503,0.6528386521501257,0.010869565217391304,0.7533782599841825,1
MSME_04083,Mombasa,Digital Commerce,98,3,885390.52,979589.18,1713273.05,943720.87,34739.84,504432.17,1.1063909670153607,0.5508289056266276,0.010101010101010102,0.5697278081000821,1
MSME_04084,Kisumu,Construction,46,10,31649.77,31450.4,846860.58,184598.61,0.0,24656.17,0.9936693483286505,0.21797967266386084,0.02127659574468085,0.779006956228869,0
MSME_04085,Mombasa,Retail,38,1,176986.26,177943.55,584995.84,380892.63,230141.68,128207.49,1.0054031572667999,0.6511020298844692,0.02564102564102564,0.7243882412779316,1
MSME_04086,Mombasa,Services,14,1,154854.2,160536.95,1505707.18,322039.41,532926.16,83879.17,1.0366907278541502,0.21387903331972333,0.06666666666666667,0.541661952585383,0
MSME_04087,Kisumu,Agriculture,100,2,141701.17,112810.45,268974.98,112632.86,0.0,131663.99,0.7961095444057066,0.4187469081811692,0.009900990099009901,0.9291600121578941,0
MSME_04088,Nyeri,Retail,117,3,587360.12,600253.58,3143002.47,1090143.93,1542.16,514316.07,1.0219498015122281,0.3468478289653304,0.00847457627118644,0.8756386020239133,0
MSME_04089,Kakamega,Retail,72,1,9079.63,10333.78,565182.36,368503.4,34841.23,4830.01,1.1380025394713804,0.6520068106746809,0.0136986301369863,0.5319025221818311,1
MSME_04090,Nairobi,Retail,62,2,201135.1,197940.44,274062.92,198939.5,0.0,184857.35,0.9841119520563439,0.7258872309788169,0.015873015873015872,0.9190659956119265,1
MSME_04091,Kakamega,Retail,35,3,101379.13,84065.02,296535.5,69583.02,0.0,92508.97,0.829206078153579,0.23465246268165976,0.027777777777777776,0.9124960680164841,0
MSME_04092,Thika,Services,19,3,238941.92,237507.76,661417.23,495796.63,0.0,124006.64,0.9939937119710431,0.7495962577263708,0.05,0.5189801815429392,1
MSME_04093,Nairobi,Manufacturing,30,1,140741.8,154173.79,437235.68,46246.96,0.0,83131.33,1.095429322139392,0.10577099798671968,0.03225806451612903,0.5906613340078498,0
MSME_04094,Kisumu,Construction,78,2,123621.48,82927.62,1371466.64,718712.76,0.0,100885.48,0.670813431343555,0.5240464587265071,0.012658227848101266,0.8160771406624426,0
MSME_04095,Nakuru,Retail,84,5,39842.34,29718.88,689937.67,354235.47,15824.56,36677.19,0.7458932910744933,0.5134303749056419,0.011764705882352941,0.9205350254270853,0
MSME_04096,Machakos,Agriculture,113,25,67972.77,75151.57,475832.64,285050.94,0.0,59163.61,1.105596614694168,0.5990558801181017,0.008771929824561403,0.8703888279258307,1
MSME_04097,Mombasa,Retail,25,10,3052617.21,3420238.09,1114673.62,325217.65,244561.15,1913545.41,1.1204277294801304,0.2917601640557672,0.038461538461538464,0.6268538278817383,1
MSME_04098,Nyeri,Manufacturing,40,3,241132.56,208887.47,386369.81,41683.69,0.0,124194.69,0.8662729070146852,0.10788519453630568,0.024390243902439025,0.51504523053531,0
MSME_04099,Kisumu,Agriculture,88,2,381777.47,307713.8,1315333.44,610065.24,7177.88,272130.73,0.8060009250914543,0.4638099797645381,0.011235955056179775,0.7127974765051576,1
MSME_04100,Nairobi,Digital Commerce,14,2,93723.4,70810.84,1079136.11,169559.23,0.0,50740.24,0.7555219345229204,0.1571248254079595,0.06666666666666667,0.5413770586954945,0
MSME_04101,Thika,Construction,26,1,56635.46,49517.14,1027142.64,835842.57,15167.45,34569.34,0.8742979345813633,0.8137543158033865,0.037037037037037035,0.6103725409391759,1
MSME_04102,Mombasa,Transport,102,1,289649.77,322667.57,474711.54,113424.28,0.0,228256.67,1.1139883039150906,0.23893255484677106,0.009708737864077669,0.7880409570463078,1
MSME_04103,Kisumu,Agriculture,87,3,19856.4,13549.91,342651.43,150830.49,0.0,14351.38,0.6823607320192976,0.4401850878454298,0.011363636363636364,0.7227220079164441,0
MSME_04104,Thika,Services,22,1,69512.47,57758.39,1925023.95,860871.31,0.0,46540.24,0.8308949330252108,0.44720007914702614,0.043478260869565216,0.6695139805278028,0
MSME_04105,Kisumu,Digital Commerce,48,1,93472.69,102949.36,1524024.62,826465.93,214318.86,85853.08,1.101372589442013,0.5422913625297191,0.02040816326530612,0.9184732088783485,0
MSME_04106,Eldoret,Manufacturing,83,50,342829.7,271526.47,217600.73,157983.76,0.0,201184.39,0.7920132881915183,0.7260225366774428,0.011904761904761904,0.586833063666702,0
MSME_04107,Kisumu,Construction,110,1,201533.87,206057.25,433916.19,207289.8,122192.24,144976.45,1.0224396899653148,0.4777174188466698,0.009009009009009009,0.7193616171732465,0
MSME_04108,Nyeri,Manufacturing,51,1,83041.87,67603.8,3640575.62,439062.94,0.0,62951.79,0.8140831356141714,0.12060258190637943,0.019230769230769232,0.7580637567078305,0
MSME_04109,Nyeri,Food Services,3,1,192716.03,200946.87,2375715.03,1703122.38,0.0,124277.54,1.0427042695707796,0.7168880280695837,0.25,0.6448705648898803,1
MSME_04110,Nairobi,Transport,42,3,98405.12,112137.68,179149.27,29691.96,0.0,80434.76,1.1395396952953738,0.16573773514268217,0.023255813953488372,0.8173755859899771,0
MSME_04111,Thika,Retail,19,3,388495.85,315964.49,739897.32,453736.58,10430.11,345868.3,0.8133000048777744,0.6132418032791317,0.05,0.8902731128965395,1
MSME_04112,Kisumu,Digital Commerce,73,2,168747.15,179682.68,1205982.95,895736.13,0.0,125491.44,1.0647979251920687,0.7427429942164654,0.013513513513513514,0.7436611305072086,1
MSME_04113,Nyeri,Manufacturing,28,2,756488.65,865142.55,2403324.55,783849.44,0.0,644226.96,1.1436277416353284,0.32615200217049245,0.034482758620689655,0.8516004944681,1
MSME_04114,Nairobi,Services,84,5,100932.34,115174.56,849621.58,390218.6,41418.38,53235.02,1.1410953011165588,0.45928463906879685,0.011764705882352941,0.5274275080959374,1
MSME_04115,Kakamega,Food Services,45,10,453792.46,380538.6,1303590.22,145309.47,0.0,258299.65,0.8385722438573706,0.11146858598817504,0.021739130434782608,0.5692009091536929,0
MSME_04116,Kisumu,Food Services,71,25,145861.67,126486.66,2230223.63,1657279.54,6948.35,103257.15,0.8671626537482139,0.743099828468848,0.013888888888888888,0.7079066220301602,1
MSME_04117,Kakamega,Construction,78,10,66353.8,50884.8,2620388.05,1736292.37,0.0,60677.83,0.7668593681240845,0.6626086191285222,0.012658227848101266,0.914445224761434,0
MSME_04118,Mombasa,Retail,63,3,1796901.8,1388484.56,587174.88,167409.38,42948.05,1328298.84,0.7727098872571182,0.2851094292224674,0.015625,0.7392157438899867,0
MSME_04119,Machakos,Digital Commerce,73,1,493712.59,429953.97,770404.16,317545.92,31986.52,342901.14,0.8708570691764834,0.41218041686013623,0.013513513513513514,0.69453453772662,1
MSME_04120,Machakos,Digital Commerce,119,1,168438.05,119639.06,293706.8,192746.03,0.0,129705.45,0.7102810185642819,0.6562509746080969,0.008333333333333333,0.7700438229733545,0
MSME_04121,Meru,Digital Commerce,19,1,286644.01,284097.98,525573.34,203150.12,0.0,159376.82,0.9911143403473166,0.3865297533361313,0.05,0.5560076556016098,1
MSME_04122,Meru,Construction,47,3,45160.65,40417.41,447353.82,102860.88,73103.24,35864.61,0.8949498080783143,0.22993131045285262,0.020833333333333332,0.7941386109674912,1
MSME_04123,Mombasa,Agriculture,116,10,46778.94,51173.23,581669.14,299445.85,199682.31,25368.66,1.0939139725275406,0.5148035448407235,0.008547008547008548,0.542297831078877,0
MSME_04124,Nyeri,Transport,14,2,405992.63,424595.35,651416.53,442216.75,96861.27,308374.54,1.0458177631998806,0.6788530084537332,0.06666666666666667,0.7595551191283468,1
MSME_04125,Nyeri,Retail,38,1,133893.15,104083.06,1935805.15,690400.27,75570.65,109989.94,0.777353304830719,0.35664742050747184,0.02564102564102564,0.8214693472418325,0
MSME_04126,Nakuru,Services,53,2,114026.08,100136.85,1109241.91,218984.12,0.0,78128.2,0.8781848136425138,0.19741764227278227,0.018518518518518517,0.6851723292396859,0
MSME_04127,Thika,Construction,61,25,99913.72,101190.94,157011.68,119899.67,77808.45,90912.12,1.0127730928936196,0.763630491499158,0.016129032258064516,0.9098971602983024,1
MSME_04128,Nairobi,Retail,36,3,155137.55,109567.46,1411934.08,426745.06,376530.79,88182.42,0.7062555373889985,0.302241275852428,0.02702702702702703,0.5684107528399615,0
MSME_04129,Thika,Agriculture,40,10,103336.98,63798.06,377551.6,192646.45,26393.63,59618.34,0.6173728187835682,0.5102506246811703,0.024390243902439025,0.5769257343718156,0
MSME_04130,Nairobi,Agriculture,81,10,17463.34,18664.25,197346.89,128882.23,55879.09,12793.84,1.0687062895019221,0.653071233748686,0.012195121951219513,0.7325693384347762,1
MSME_04131,Eldoret,Manufacturing,30,25,549011.83,370941.29,185217.39,65504.01,185774.19,504676.33,0.6756514050864713,0.35365824095544723,0.03225806451612903,0.9192432351717538,0
MSME_04132,Nakuru,Agriculture,9,5,119305.13,129944.32,894243.76,553455.72,377124.69,80628.12,1.089167170203241,0.6189085413259787,0.1,0.6758086948256555,1
MSME_04133,Thika,Agriculture,64,5,831950.84,917212.83,2605420.57,1218731.34,42949.76,762799.04,1.1024830836361874,0.46776742544585603,0.015384615384615385,0.9168788424099165,0
MSME_04134,Eldoret,Services,33,1,22875.09,19521.26,566384.2,315107.47,0.0,18576.03,0.8533477530469585,0.5563483473791335,0.029411764705882353,0.8120281918806929,0
MSME_04135,Eldoret,Transport,52,1,22785.52,23781.93,2246132.63,1285823.07,0.0,19416.68,1.0436841606353229,0.5724606287115697,0.018867924528301886,0.8521125647970818,1
MSME_04136,Kisumu,Construction,89,2,101172.93,80913.58,808396.64,613832.18,0.0,93285.67,0.7997473262133833,0.759319609097325,0.011111111111111112,0.9220326817392583,0
MSME_04137,Kakamega,Construction,14,1,354168.23,379684.46,54899.91,34315.79,27126.09,268299.35,1.072042480934891,0.6250495665736688,0.06666666666666667,0.7575456230345025,1
MSME_04138,Mombasa,Digital Commerce,75,25,39353.21,41461.56,1520543.67,473566.26,148734.03,31039.6,1.0535482734884019,0.31144514813892316,0.013157894736842105,0.788723747726101,1
MSME_04139,Nyeri,Digital Commerce,53,1,37855.14,24347.86,380556.56,56201.91,0.0,28790.56,0.6431680567538054,0.14768307322550628,0.018518518518518517,0.760525505241686,0
MSME_04140,Kakamega,Transport,99,10,193291.05,177911.07,275778.95,28015.95,0.0,164913.29,0.9204262151495626,0.10158805961056995,0.01,0.8531819596305178,0
MSME_04141,Machakos,Transport,105,2,97453.08,92775.27,1531057.46,1260877.73,0.0,60716.47,0.9519895934577598,0.8235333678898192,0.009433962264150943,0.6230264551263528,1
MSME_04142,Eldoret,Retail,59,2,229596.78,137866.33,856519.06,731200.08,0.0,196218.35,0.6004689156837666,0.8536870461621178,0.016666666666666666,0.8546178016181167,0
MSME_04143,Meru,Digital Commerce,78,25,99215.57,113002.08,672850.59,117943.44,24767.54,81465.46,1.13894362604956,0.1752889370447947,0.012658227848101266,0.8210872437940557,0
MSME_04144,Nairobi,Transport,94,2,195856.45,161309.76,819510.78,401267.63,27165.64,150991.57,0.823607986318621,0.48964229653904423,0.010526315789473684,0.7709258442811341,1
MSME_04145,Kisumu,Transport,41,2,522370.95,462057.35,263943.52,58404.41,12815.73,270304.13,0.8845370621450864,0.22127532710283207,0.023809523809523808,0.5174552921534167,0
MSME_04146,Machakos,Food Services,68,1,39436.74,27887.38,6100937.74,5240701.06,50774.45,33463.84,0.7071241911935117,0.8589991283865931,0.014492753623188406,0.8485232673068994,1
MSME_04147,Eldoret,Services,68,3,435733.9,407849.2,897250.12,266901.42,8969.86,243833.06,0.9360030605765111,0.2974656860835125,0.014492753623188406,0.5595903839697026,1
MSME_04148,Mombasa,Transport,92,1,24242.26,25353.55,882371.0,442348.18,104755.75,22615.3,1.0457978836179622,0.5013171088837814,0.010752688172043012,0.9328489650319306,1
MSME_04149,Kakamega,Retail,8,3,245079.17,226022.01,657068.14,152765.82,51666.18,131527.1,0.9222370377823713,0.23249580706225223,0.1111111111111111,0.5366696946554265,1
MSME_04150,Meru,Construction,2,3,550878.29,569288.24,104836.19,38391.94,10164.06,453992.03,1.0334173934910496,0.36620535136433935,0.3333333333333333,0.8241225223769076,1
MSME_04151,Nairobi,Services,105,5,78899.64,79066.07,324655.96,101761.82,9539.04,52246.68,1.002096687682128,0.31344413500329704,0.009433962264150943,0.662183221834449,0
MSME_04152,Kisumu,Food Services,110,5,253864.29,185501.63,167958.57,80677.36,92816.87,210976.63,0.7307089125890349,0.4803379765737671,0.009009009009009009,0.8310574084389402,0
MSME_04153,Nakuru,Digital Commerce,86,2,81871.55,68747.3,149703.26,65244.51,0.0,60055.13,0.8396868058952603,0.43582266797217395,0.011494252873563218,0.7335197205901123,1
MSME_04154,Nyeri,Services,41,2,239277.95,163126.49,114705.71,41826.09,232537.03,187421.0,0.6817419167043318,0.3646350767099849,0.023809523809523808,0.7832740824046578,0
MSME_04155,Nakuru,Retail,55,10,13925.83,8676.69,340356.8,62864.61,0.0,7435.65,0.6230197395961609,0.18470154055526272,0.017857142857142856,0.5339082906878306,0
MSME_04156,Mombasa,Retail,16,2,156710.69,99462.38,747567.87,364506.33,0.0,146511.27,0.6346838579814946,0.48758896287374837,0.058823529411764705,0.934909642031172,0
MSME_04157,Mombasa,Food Services,93,2,197875.03,221298.48,132371.39,103271.71,0.0,99280.02,1.1183693143631395,0.7801605002372474,0.010638297872340425,0.5017283801378065,1
MSME_04158,Kakamega,Food Services,62,2,511284.75,583629.29,1689278.68,1155768.44,0.0,472182.59,1.141493362566823,0.684178264667222,0.015873015873015872,0.9235199494607468,1
MSME_04159,Nairobi,Food Services,113,10,336130.76,219237.13,1042311.06,705081.64,80509.77,254018.25,0.6522356887668098,0.6764592553980426,0.008771929824561403,0.755710350012745,1
MSME_04160,Nyeri,Food Services,48,2,113409.9,88953.78,552356.75,217006.27,0.0,69885.63,0.7843494761085575,0.39287268079428594,0.02040816326530612,0.6162161661709766,0
MSME_04161,Meru,Retail,30,2,174218.37,115494.82,9766921.08,6511950.71,24699.76,137105.94,0.6629275493304793,0.6667351962738296,0.03225806451612903,0.786972998467392,0
MSME_04162,Kakamega,Food Services,12,3,31378.67,33224.55,546495.84,258178.4,0.0,25190.91,1.0587922052717573,0.4724243236246343,0.07692307692307693,0.8027780406868524,1
MSME_04163,Mombasa,Agriculture,35,3,689743.41,602120.75,1900927.51,418623.92,14051.82,571555.35,0.8729621310015401,0.22022075938037247,0.027777777777777776,0.8286480350018349,0
MSME_04164,Nyeri,Construction,11,1,265975.48,250467.5,937862.85,408195.24,15436.79,134955.16,0.9416904081142814,0.4352393367118266,0.08333333333333333,0.5073950899718652,0
MSME_04165,Machakos,Digital Commerce,64,2,20725.07,18589.37,4099948.14,845372.02,0.0,19528.24,0.8969076144199069,0.2061908553333908,0.015384615384615385,0.9422066026024231,0
MSME_04166,Kisumu,Transport,110,5,170414.17,168819.0,2680467.41,513540.71,3962.01,132592.59,0.9906336390123015,0.1915861825060643,0.009009009009009009,0.778056261071124,1
MSME_04167,Nakuru,Digital Commerce,50,50,183935.5,142646.16,508895.73,60277.4,69148.01,123216.79,0.7755185077458797,0.11844721423146107,0.0196078431372549,0.669887651444928,0
MSME_04168,Meru,Digital Commerce,85,3,61454.73,41520.13,531566.12,173441.22,39468.32,46508.49,0.6756103946694636,0.32628282200750114,0.011627906976744186,0.7567803685677478,0
MSME_04169,Nakuru,Digital Commerce,21,2,146805.75,89506.14,145845.31,53189.76,31543.65,85189.88,0.6096868161715997,0.364697331046634,0.045454545454545456,0.580285851978877,0
MSME_04170,Thika,Transport,69,1,55576.73,46969.62,838312.06,552912.89,142249.35,33972.38,0.8451158404634375,0.6595541885032782,0.014285714285714285,0.6112588621377663,1
MSME_04171,Machakos,Construction,48,10,32708.9,35957.19,1600087.5,848692.53,0.0,17617.04,1.0992754487173608,0.5304034933067765,0.02040816326530612,0.5385843429665025,1
MSME_04172,Kakamega,Agriculture,20,10,72160.86,55412.08,677221.47,532810.61,42325.49,64631.25,0.7678859718970659,0.7867586112433629,0.047619047619047616,0.8956427952383711,1
MSME_04173,Mombasa,Construction,101,1,158196.03,111967.39,3916571.74,944585.07,79563.33,97008.98,0.7077717577883732,0.2411764398891261,0.00980392156862745,0.6132161899626055,0
MSME_04174,Nairobi,Retail,67,1,337166.36,374026.57,868162.26,271531.04,0.0,280815.65,1.109320220082988,0.31276495160599166,0.014705882352941176,0.8328672443263786,1
MSME_04175,Nyeri,Retail,44,5,142888.3,94020.04,3258876.61,2779368.4,74023.07,89075.05,0.6579921659634417,0.8528606264535353,0.022222222222222223,0.6233850260306406,1
MSME_04176,Nairobi,Transport,33,2,340473.09,213984.13,599726.91,273017.4,97262.32,192603.89,0.6284887346346971,0.455235441685547,0.029411764705882353,0.565693236745269,0
MSME_04177,Nakuru,Manufacturing,117,2,254919.5,276250.46,181417.29,132659.72,0.0,139864.26,1.083672988245355,0.7312367457547968,0.00847457627118644,0.5486583464256504,1
MSME_04178,Eldoret,Construction,73,1,47315.91,46629.84,344555.95,170119.03,303733.92,41974.41,0.9854793983799871,0.4937326906335803,0.013513513513513514,0.8870911054842762,0
MSME_04179,Mombasa,Services,61,1,252989.44,210522.06,701770.56,334652.29,54225.86,140126.18,0.8321344474518484,0.47686784286328154,0.016129032258064516,0.5538793481682549,1
MSME_04180,Kakamega,Digital Commerce,9,2,260079.7,263665.99,296720.09,64831.27,0.0,140239.43,1.0137852981786037,0.21849228849894017,0.1,0.5392150590182201,1
MSME_04181,Nakuru,Agriculture,68,5,760552.98,766479.19,100099.57,78173.73,133200.6,383478.15,1.0077906501784397,0.7809518966775113,0.014492753623188406,0.5042089846140836,1
MSME_04182,Kakamega,Services,35,2,200918.45,124977.97,65985.94,10734.87,30818.53,133590.28,0.6220302215639153,0.16268173671941752,0.027777777777777776,0.6648947127816645,0
MSME_04183,Nyeri,Agriculture,81,2,38767.05,37679.08,2462503.66,857465.63,0.0,35828.87,0.9719106325956555,0.34820873394814206,0.012195121951219513,0.9241855084276872,1
MSME_04184,Nakuru,Services,98,1,76566.83,72928.36,1158225.22,739844.69,52037.47,69591.01,0.9524673743529103,0.6387739089519144,0.010101010101010102,0.9088805311577982,1
MSME_04185,Nairobi,Transport,88,2,20898.71,23617.18,1015396.98,513593.93,995743.45,11531.36,1.1300242922030976,0.5058055463139685,0.011235955056179775,0.5517473687433941,1
MSME_04186,Kakamega,Digital Commerce,96,1,222009.96,251235.89,892720.05,718731.29,32187.02,112253.26,1.1316373299768625,0.8051017616309148,0.010309278350515464,0.5056203531573397,1
MSME_04187,Nakuru,Food Services,65,2,696600.63,562706.76,378162.03,49705.0,0.0,583718.86,0.8077884629698613,0.13143802026337686,0.015151515151515152,0.8379521879671743,0
MSME_04188,Thika,Services,8,5,12195.87,11274.02,1892104.83,1172208.17,181776.11,7779.93,0.924337145513562,0.6195256900614274,0.1111111111111111,0.6378628287421281,1
MSME_04189,Eldoret,Construction,45,1,726671.9,492499.38,90478.48,43608.13,2967.94,636277.29,0.6777456266774226,0.48196707142879247,0.021739130434782608,0.8756034386310539,0
MSME_04190,Nakuru,Manufacturing,87,1,219089.92,139461.93,59819.59,13366.66,31851.1,130784.25,0.6365481965204217,0.22344580687017632,0.011363636363636364,0.5969405304427952,0
MSME_04191,Mombasa,Retail,47,1,45406.85,38052.25,572644.62,397759.83,16932.62,32760.76,0.8380103880716661,0.694600318430795,0.020833333333333332,0.7214778942407535,1
MSME_04192,Kakamega,Retail,40,2,172248.7,168706.42,852252.23,365654.97,0.0,88678.06,0.9794293981353813,0.4290449799761979,0.024390243902439025,0.5148227253806538,1
MSME_04193,Thika,Retail,76,10,46895.28,42781.09,252473.86,132615.81,0.0,42328.7,0.9122491165610577,0.5252634262278628,0.012987012987012988,0.9026025091968914,0
MSME_04194,Thika,Retail,54,1,206988.76,173107.04,107796.96,94194.37,0.0,120071.94,0.8363072646685518,0.8738047547467502,0.01818181818181818,0.5800863772198199,1
MSME_04195,Thika,Agriculture,76,25,141968.58,149061.6,1481844.62,724598.41,78950.77,89811.65,1.049954504338183,0.48898373772566134,0.012987012987012988,0.6326119299641515,0
MSME_04196,Nakuru,Agriculture,46,1,185228.15,192069.57,445202.96,337774.73,13565.24,132598.38,1.0369295005672703,0.7586965982962055,0.02127659574468085,0.7158612993689168,1
MSME_04197,Machakos,Food Services,47,10,53159.96,53296.48,1677652.68,1200632.3,34307.38,33069.27,1.0025492391409034,0.715661589941495,0.020833333333333332,0.6220593081840508,1
MSME_04198,Nairobi,Agriculture,15,2,61493.05,39501.15,3495006.85,2202566.15,21751.29,31857.92,0.6423572687113631,0.6302034915314997,0.0625,0.5180650810932114,1
MSME_04199,Kakamega,Food Services,105,3,220096.51,228473.01,106478.44,87040.77,0.0,112929.05,1.038053588157358,0.8174420338799678,0.009433962264150943,0.5130864497285771,1
MSME_04200,Machakos,Digital Commerce,19,2,80601.59,89119.7,942208.39,283869.79,0.0,74947.06,1.1056679444171706,0.301281002941395,0.05,0.9298343886964426,0
MSME_04201,Machakos,Food Services,26,2,154665.16,97855.59,984128.46,744608.31,0.0,99986.9,0.6326890769124933,0.7566162179516505,0.037037037037037035,0.6464691436058152,0
MSME_04202,Eldoret,Digital Commerce,52,10,209605.72,172069.37,1782113.95,716819.68,9525.43,136343.54,0.8209153313405219,0.4022297663795481,0.018867924528301886,0.6504731336857903,0
MSME_04203,Meru,Retail,93,5,106685.89,122005.51,384579.14,288431.55,39175.7,97650.13,1.1435848397117958,0.7499907561529308,0.010638297872340425,0.9152964342666658,0
MSME_04204,Meru,Retail,22,2,422988.88,393202.58,779959.16,386103.92,16456.41,370652.11,0.9295791662911652,0.4950303102661038,0.043478260869565216,0.8762670870518225,0
MSME_04205,Kakamega,Agriculture,104,1,110685.65,97676.5,1759255.62,1383069.42,151844.97,89558.39,0.8824596281484715,0.7861669549948886,0.009523809523809525,0.8091164562302681,1
MSME_04206,Nakuru,Digital Commerce,21,1,107411.71,74929.91,1233419.63,1006316.03,10667.8,85534.91,0.6975888607595879,0.8158741677605961,0.045454545454545456,0.7963201933923835,0
MSME_04207,Mombasa,Agriculture,51,10,70848.2,64543.95,4736159.05,2738045.07,0.0,60964.07,0.9110046408428042,0.5781149794547167,0.019230769230769232,0.860476476798609,0
MSME_04208,Nairobi,Food Services,38,2,376993.05,317229.77,257263.58,130201.5,95750.24,217145.72,0.8414715563813275,0.5060995959879125,0.02564102564102564,0.575992432771817,0
MSME_04209,Machakos,Transport,20,2,65695.9,44022.41,935119.26,679480.2,0.0,52486.01,0.6700835199225535,0.7266233329176291,0.047619047619047616,0.7989115163729188,0
MSME_04210,Machakos,Retail,29,3,467189.48,399625.92,657671.09,206238.39,0.0,254281.59,0.8553811284853235,0.31358847841634885,0.03333333333333333,0.5442781924837167,0
MSME_04211,Nyeri,Digital Commerce,51,10,156860.59,108299.63,569310.33,63921.56,30890.74,87360.48,0.6904152252951153,0.11227874210759164,0.019230769230769232,0.5569271610723824,0
MSME_04212,Kisumu,Manufacturing,4,3,1947573.53,1951205.74,1477358.86,628875.72,50545.7,1186540.18,1.0018644780695505,0.42567538013385575,0.2,0.6092399349666993,0
MSME_04213,Kisumu,Transport,55,5,68839.99,78168.26,838000.09,424211.82,0.0,56408.29,1.135490061952915,0.5062186971618379,0.017857142857142856,0.8193997500617001,1
MSME_04214,Kakamega,Services,71,5,476962.86,409361.66,202979.38,68568.5,0.0,430051.34,0.8582655717353511,0.33780851134479106,0.013888888888888888,0.9016434494638651,0
MSME_04215,Machakos,Retail,92,2,221957.67,210372.05,2288138.33,930561.85,0.0,179975.23,0.947798299566311,0.4066893295348408,0.010752688172043012,0.8108501911639676,0
MSME_04216,Machakos,Retail,28,1,79717.61,66726.55,1481123.41,305772.87,0.0,54804.29,0.8370260093596715,0.2064464456432799,0.034482758620689655,0.687471720844104,0
MSME_04217,Mombasa,Agriculture,4,10,224960.4,152106.89,4280708.64,1377668.69,16348.96,164479.24,0.6761466189310701,0.32183184702057954,0.2,0.7311442763069576,0
MSME_04218,Nairobi,Manufacturing,22,2,214261.82,242931.21,1745485.88,509815.02,27992.34,175811.81,1.1338001152043085,0.2920761111650407,0.043478260869565216,0.8205427801239618,1
MSME_04219,Nairobi,Construction,76,15,95612.74,64181.8,564543.82,192390.6,222019.58,74193.27,0.6712612643329295,0.34078888545997116,0.012987012987012988,0.7759687049162599,0
MSME_04220,Nairobi,Manufacturing,45,1,204491.33,135249.49,569753.94,193285.2,0.0,150967.85,0.6613915054906949,0.3392426926566008,0.021739130434782608,0.738256784496514,0
MSME_04221,Kisumu,Retail,67,1,426531.54,363637.38,2528055.52,1383288.01,0.0,258715.53,0.8525431142955706,0.5471744793110875,0.014705882352941176,0.6065551997509967,0
MSME_04222,Nairobi,Construction,86,15,222204.67,213847.11,290531.02,87298.05,0.0,172793.55,0.9623836781482668,0.30047651890486976,0.011494252873563218,0.7776288966883698,0
MSME_04223,Machakos,Services,108,3,87624.4,69679.61,246258.06,210001.24,48841.86,44548.3,0.7951987665676847,0.8527655388597682,0.009174311926605505,0.5083948261577124,0
MSME_04224,Machakos,Construction,66,2,82826.03,58465.6,950222.04,483681.89,51177.96,62287.19,0.7058758475343133,0.5090193245577375,0.014925373134328358,0.7520152539575548,0
MSME_04225,Meru,Food Services,88,5,122099.32,128256.77,121430.65,24671.41,0.0,106145.25,1.050421243777248,0.20317116666042173,0.011235955056179775,0.8693281884928721,0
MSME_04226,Nakuru,Manufacturing,34,3,405332.1,324146.85,1108420.31,358779.05,0.0,235452.45,0.7997048600274688,0.32368472778640456,0.02857142857142857,0.5808863130102131,0
MSME_04227,Machakos,Transport,91,2,62705.91,44325.34,1281602.88,876367.73,0.0,34575.71,0.7068653199463981,0.683805459452885,0.010869565217391304,0.551385963684066,1
MSME_04228,Nyeri,Services,55,1,197231.05,157941.97,542708.38,60201.14,0.0,184727.75,0.8007926196579106,0.11092703059600702,0.017857142857142856,0.9366010747239103,0
MSME_04229,Nakuru,Food Services,105,10,27932.12,20055.4,3951674.38,3359928.49,0.0,24567.93,0.7179792303903038,0.8502541749772979,0.009433962264150943,0.8795268842148676,1
MSME_04230,Nairobi,Services,1,10,241496.8,213892.81,2823722.96,1288017.33,39455.69,153567.94,0.8856925818785927,0.4561413750939026,0.5,0.6358978839558788,1
MSME_04231,Kisumu,Agriculture,72,1,282595.24,273427.61,286686.85,148177.89,71613.62,167821.37,0.9675557254406498,0.5168614226239445,0.0136986301369863,0.5938556365788873,1
MSME_04232,Machakos,Retail,87,10,1012184.57,1052425.54,1602241.72,1427164.43,0.0,658241.56,1.0397555262519698,0.8907292335832863,0.011363636363636364,0.6503170757512381,1
MSME_04233,Machakos,Retail,38,10,336143.37,243757.43,2377237.88,1195090.9,0.0,233300.72,0.7251569615757658,0.5027222590268252,0.02564102564102564,0.6940491670290357,0
MSME_04234,Mombasa,Transport,6,2,89214.52,61720.81,805583.72,691348.08,0.0,77570.89,0.6918169618918322,0.8581941325798731,0.14285714285714285,0.8694775303669137,0
MSME_04235,Nyeri,Transport,86,3,28722.06,17542.91,434445.7,361539.15,0.0,17452.72,0.6107604830404559,0.8321829812494835,0.011494252873563218,0.6076204972589968,0
MSME_04236,Nairobi,Construction,25,2,222837.14,161656.82,192809.0,164476.18,151725.99,183702.54,0.7254450248058972,0.8530479746901094,0.038461538461538464,0.8243765631861762,1
MSME_04237,Nakuru,Agriculture,82,1,96064.75,58901.9,373295.92,279934.03,25889.18,88204.82,0.613141520260863,0.7498964363274148,0.012048192771084338,0.9181713565969142,0
MSME_04238,Nyeri,Services,17,5,186111.72,147030.27,198033.22,66760.66,503297.18,124840.11,0.790006561614918,0.33711678718960797,0.05555555555555555,0.670776881881045,0
MSME_04239,Nakuru,Agriculture,61,10,64848.88,44105.75,2180270.19,822192.94,21531.26,33184.54,0.6801207650654095,0.37710581315345454,0.016129032258064516,0.5117132059457936,0
MSME_04240,Nakuru,Construction,12,3,112061.58,102978.16,537042.04,210513.63,44962.4,97765.59,0.9189344025454349,0.39198651564314096,0.07692307692307693,0.8724195891260044,0
MSME_04241,Nyeri,Construction,6,2,24343.37,19743.68,1364068.23,1204942.4,0.0,19932.02,0.8110162637192913,0.8833440220625751,0.14285714285714285,0.8187527547437047,1
MSME_04242,Nairobi,Manufacturing,90,1,46807.27,30493.62,3309680.65,1286156.47,0.0,26543.53,0.6514579581770487,0.388604284644718,0.01098901098901099,0.5670692379786735,0
MSME_04243,Eldoret,Food Services,27,1,40649.01,33329.2,940921.2,175906.58,0.0,31243.13,0.8199063173662194,0.18695124846666386,0.03571428571428571,0.7685884948121784,0
MSME_04244,Thika,Retail,8,2,318950.07,228094.42,2995104.97,2164451.89,13233.63,277858.91,0.7151392218248398,0.722662874596053,0.1111111111111111,0.871164689931907,0
MSME_04245,Nyeri,Manufacturing,83,1,58263.77,56754.6,478939.26,188151.59,48122.37,33878.3,0.9740809068670485,0.39284980970278005,0.011904761904761904,0.5814542818928146,0
MSME_04246,Nyeri,Agriculture,106,3,528569.76,423088.34,1159787.15,692101.51,167876.99,317303.52,0.8004384124464244,0.5967482164738449,0.009345794392523364,0.6003047160611004,1
MSME_04247,Nyeri,Transport,65,2,58838.76,40061.34,933305.93,783499.44,23779.9,34762.04,0.6808549185108844,0.8394874342141656,0.015151515151515152,0.590791668762755,0
MSME_04248,Mombasa,Manufacturing,57,5,1083750.28,858634.7,314324.49,176148.85,56706.47,1028344.3,0.7922802176528917,0.5604026895814272,0.017241379310344827,0.9488748193220127,0
MSME_04249,Thika,Transport,93,2,18980.47,13730.63,503225.93,307048.41,28111.59,11450.63,0.7233702131605191,0.610158939625906,0.010638297872340425,0.6032530673335627,0
MSME_04250,Meru,Construction,109,3,203679.26,211353.58,3985713.95,2448384.43,106607.93,126304.21,1.037673361178938,0.6142898979767732,0.00909090909090909,0.6201102158844456,1
MSME_04251,Nyeri,Food Services,113,2,138496.18,158003.67,482219.84,284470.81,560599.71,72234.97,1.140843950757698,0.5899181171846493,0.008771929824561403,0.5215627495086904,1
MSME_04252,Nyeri,Digital Commerce,99,1,39678.25,24363.25,99194.23,22597.98,0.0,37395.77,0.6140048009980027,0.2278131720648261,0.01,0.9424515332321048,0
MSME_04253,Mombasa,Transport,40,1,76808.33,75234.61,481430.12,223928.71,0.0,46932.91,0.9794983239666327,0.4651313566933521,0.024390243902439025,0.6110313681944629,0
MSME_04254,Nyeri,Digital Commerce,14,1,102612.85,76464.72,295517.89,31363.67,0.0,84794.63,0.745169584807509,0.10613084666093595,0.06666666666666667,0.8263468332978443,0
MSME_04255,Meru,Digital Commerce,35,15,171066.26,108887.91,1260611.35,757642.35,52066.31,87562.97,0.6365210385669355,0.6010113656271889,0.027777777777777776,0.511862819337844,1
MSME_04256,Kisumu,Retail,48,1,52238.93,31755.69,1525377.68,854648.73,159232.94,44535.33,0.6078815572685492,0.5602862693741072,0.02040816326530612,0.8525151163104545,0
MSME_04257,Mombasa,Food Services,109,5,203886.84,221126.56,1121025.78,397414.6,0.0,170811.24,1.0845500153417682,0.3545094614064438,0.00909090909090909,0.8377706095665146,1
MSME_04258,Thika,Transport,84,50,150200.12,119331.53,446247.37,231654.33,32650.15,80787.95,0.7944782968329397,0.5191152406898427,0.011764705882352941,0.5378651637218151,0
MSME_04259,Mombasa,Manufacturing,56,5,290449.43,333145.25,783103.85,387202.74,44998.13,161249.05,1.146995203277888,0.4944455905234146,0.017543859649122806,0.5551689147094738,1
MSME_04260,Nairobi,Retail,49,1,56254.31,47439.68,499655.5,150262.48,34040.34,35597.68,0.8432924820785808,0.30073156258349487,0.02,0.6327879092658097,0
MSME_04261,Kakamega,Retail,13,15,88491.96,62225.67,128515.39,43005.11,51421.7,58369.35,0.7031708511049918,0.3346274354578432,0.07142857142857142,0.6595931472966888,0
MSME_04262,Nakuru,Agriculture,61,1,563610.32,579069.57,637607.17,452722.0,31828.3,480520.0,1.027427146069387,0.7100316798010916,0.016129032258064516,0.8525733656307685,1
MSME_04263,Meru,Agriculture,102,2,53850.21,59750.62,17261593.0,12162274.27,0.0,28407.87,1.1095501846662312,0.7045858146124859,0.009708737864077669,0.5275251939557161,1
MSME_04264,Kakamega,Services,49,15,33107.77,34716.53,212118.24,100931.31,20977.24,26241.48,1.0485599434832524,0.4758234566557942,0.02,0.7925839588725284,1
MSME_04265,Kisumu,Manufacturing,46,3,70901.36,71600.42,78762.01,53086.16,0.0,42742.2,1.0098453704502925,0.6739986194026867,0.02127659574468085,0.602831838037549,1
MSME_04266,Kisumu,Construction,113,2,22562.63,17691.02,4027804.74,1855372.1,52575.18,15164.6,0.7840502614162703,0.46064090965817034,0.008771929824561403,0.6720815755266328,1
MSME_04267,Thika,Agriculture,62,1,709910.0,451126.29,1249662.77,976110.62,0.0,355659.07,0.6354687982014646,0.7810985990255602,0.015873015873015872,0.5009910678944263,1
MSME_04268,Thika,Transport,8,2,100432.05,71378.53,1042913.26,381962.13,19006.65,63373.19,0.7107075808212535,0.3662449969760697,0.1111111111111111,0.6309993572832847,1
MSME_04269,Machakos,Construction,43,2,101406.72,85764.29,474353.44,399326.85,6011.73,58522.03,0.8457372870625628,0.8418322172761785,0.022727272727272728,0.5770963985779386,1
MSME_04270,Kakamega,Services,20,2,279994.98,315249.13,956947.23,510844.19,69302.99,203496.84,1.1259059147920625,0.5338263596558406,0.047619047619047616,0.7267848631255349,1
MSME_04271,Thika,Services,97,25,64501.46,64344.71,776165.54,410242.52,81699.3,36842.37,0.997554356841584,0.5285496074077092,0.01020408163265306,0.5711777504299836,0
MSME_04272,Machakos,Agriculture,90,25,107373.6,113338.81,3516300.5,2238646.76,11788.23,94071.94,1.0555458180985073,0.636648125878853,0.01098901098901099,0.8761098062297787,1
MSME_04273,Machakos,Services,39,10,62821.73,47274.08,2192038.5,816939.45,0.0,56370.41,0.75249961279938,0.372684639122607,0.025,0.8972932249203434,0
MSME_04274,Nyeri,Retail,85,2,23039.58,22489.0,1502569.16,1020941.14,18879.44,20283.59,0.9760604984770348,0.6794632072288724,0.011627906976744186,0.8803419879187069,1
MSME_04275,Eldoret,Manufacturing,117,3,140190.55,150612.45,321495.0,114561.55,0.0,132033.04,1.0743332961223413,0.3563389591161321,0.00847457627118644,0.9418045524141792,1
MSME_04276,Nakuru,Transport,49,15,371657.28,320991.6,960060.48,401335.1,20033.49,338799.39,0.8636740179715624,0.4180306244554255,0.02,0.9115884354843379,0
MSME_04277,Nairobi,Retail,64,10,144248.81,120655.55,348538.13,222981.71,20134.53,90285.99,0.8364347239001563,0.6397609071899617,0.015384615384615385,0.6259002351545558,1
MSME_04278,Thika,Retail,62,2,334299.08,332852.39,3185631.21,1283042.54,42498.18,214455.35,0.9956694895197153,0.40275915592905187,0.015873015873015872,0.641505530001668,1
MSME_04279,Machakos,Food Services,106,1,44542.9,40442.79,309285.8,80407.91,21936.63,32948.24,0.9079310522877431,0.25997847305478283,0.009345794392523364,0.7396801806756929,0
MSME_04280,Nakuru,Agriculture,107,1,62690.22,71858.29,620690.09,495013.48,20204.98,42205.0,1.146225739425712,0.7975198741776687,0.009259259259259259,0.6732202691222152,1
MSME_04281,Nyeri,Digital Commerce,54,3,36523.2,30453.28,197973.33,165847.07,17366.87,34202.51,0.8337836283888491,0.8377200720921749,0.01818181818181818,0.9364341997908238,1
MSME_04282,Kisumu,Construction,105,3,192251.09,133954.56,401209.05,241281.04,21359.43,125499.4,0.6967651691068742,0.6013833402229082,0.009433962264150943,0.6527856212122323,1
MSME_04283,Eldoret,Transport,9,10,96992.74,83371.49,395807.92,296428.71,0.0,80798.55,0.8595553692434171,0.7489187206796654,0.1,0.8330285026641926,1
MSME_04284,Nyeri,Manufacturing,88,1,93427.54,68142.57,607274.94,540062.89,36880.63,70903.35,0.7293549701194091,0.8893204133857173,0.011235955056179775,0.7589046130871788,0
MSME_04285,Meru,Manufacturing,37,1,260142.85,236389.1,247816.92,146662.96,0.0,242041.15,0.9086860980953423,0.5918174117513374,0.02631578947368421,0.9304127312638757,0
MSME_04286,Meru,Manufacturing,49,2,83034.96,55566.03,3136927.67,2594346.2,65741.52,69336.93,0.6691803165760954,0.8270338515539151,0.02,0.8350229225988354,1
MSME_04287,Nyeri,Food Services,41,2,392256.69,440303.02,582754.94,225761.48,9098.5,249726.55,1.1224840996743748,0.3874031382674538,0.023809523809523808,0.6366390165607715,1
MSME_04288,Nakuru,Services,17,1,168662.94,180958.9,384483.75,253904.59,445540.15,99288.63,1.0728961982033622,0.6603762307867868,0.05555555555555555,0.5886772833600353,1
MSME_04289,Thika,Transport,88,3,92397.22,63343.93,1836962.76,265706.33,37293.54,81732.57,0.6855535745169117,0.14464429608562338,0.011235955056179775,0.8845686637686311,0
MSME_04290,Nakuru,Retail,21,2,28237.23,19619.68,9770505.74,7143971.46,0.0,25694.65,0.6947914228335134,0.7311771692201913,0.045454545454545456,0.9099242410023575,0
MSME_04291,Kisumu,Construction,51,5,258661.17,228098.09,449062.29,343012.87,0.0,226067.9,0.8818378427738389,0.7638408162911736,0.019230769230769232,0.8739890336495668,0
MSME_04292,Meru,Food Services,59,2,176828.5,181264.2,543516.3,228787.94,0.0,147095.2,1.0250789602413626,0.42093957266861604,0.016666666666666666,0.8318476272341437,1
MSME_04293,Eldoret,Construction,39,2,185547.92,133686.1,300753.94,183809.98,62406.41,119637.31,0.7204897770356194,0.611161964621429,0.025,0.6447750275237387,0
MSME_04294,Machakos,Construction,55,2,191561.39,121360.74,1614335.74,1269979.98,0.0,139345.19,0.6335311435611134,0.7866883956317565,0.017857142857142856,0.7274141338495516,1
MSME_04295,Kisumu,Agriculture,41,10,78504.71,70657.68,2295464.84,1852179.66,29412.36,71601.5,0.9000323670724077,0.806886178711333,0.023809523809523808,0.9120546772967214,0
MSME_04296,Meru,Retail,39,1,114533.88,112286.54,689930.65,127792.56,642092.74,64219.59,0.980369822712522,0.1852249567040445,0.025,0.5606989765912357,0
MSME_04297,Nairobi,Manufacturing,13,10,84241.99,61867.4,431041.4,328449.32,138370.5,60882.84,0.7343922621929729,0.7619884261965876,0.07142857142857142,0.7227051176602349,0
MSME_04298,Mombasa,Agriculture,64,2,465126.4,468322.88,1384365.22,442158.89,0.0,306973.75,1.0068701177354848,0.31939445185248744,0.015384615384615385,0.6599777824312221,1
MSME_04299,Nakuru,Transport,11,10,101202.6,113635.75,1771972.76,1208211.68,0.0,81454.97,1.1228429621080673,0.6818451307089333,0.08333333333333333,0.8048623764372018,1
MSME_04300,Mombasa,Transport,110,10,71736.85,48450.42,4708363.53,1695629.19,39536.43,56337.2,0.6753815454463716,0.360131247102059,0.009009009009009009,0.7853204410224169,0
MSME_04301,Meru,Digital Commerce,19,2,498203.59,438950.24,362565.39,52595.09,258840.33,374661.96,0.8810642230333525,0.14506333584864275,0.05,0.7520243039109696,0
MSME_04302,Nyeri,Digital Commerce,11,3,446846.87,282077.93,2028491.19,543425.83,24547.98,279648.85,0.6312616640647745,0.267896436909624,0.08333333333333333,0.6258256305440149,0
MSME_04303,Mombasa,Construction,77,1,168783.87,120454.9,828140.73,353564.27,0.0,96510.21,0.7136593463620288,0.42693690849270455,0.01282051282051282,0.5717942016959222,0
MSME_04304,Nakuru,Digital Commerce,46,15,117023.69,75995.26,91022.71,63077.18,23825.98,99815.62,0.6493950977353582,0.6929752698500203,0.02127659574468085,0.852944964007168,0
MSME_04305,Thika,Food Services,45,2,91167.2,74958.0,4531871.55,818287.88,5310.84,86270.35,0.8221945810052189,0.18056286247502704,0.021739130434782608,0.9462767719446036,0
MSME_04306,Mombasa,Transport,1,2,127519.67,134081.51,1042337.57,782115.18,0.0,73463.1,1.0514492277996972,0.7503465788472167,0.5,0.5760877824747941,1
MSME_04307,Meru,Digital Commerce,40,5,55563.87,50975.5,1510822.66,1356055.31,18307.9,29677.03,0.9174051878462056,0.8975602817869559,0.024390243902439025,0.5340969932981036,1
MSME_04308,Kisumu,Manufacturing,108,10,216071.99,156095.09,2270659.83,1658957.96,57138.05,180545.19,0.7224183365074922,0.7306057946135442,0.009174311926605505,0.8355750063902018,0
MSME_04309,Mombasa,Food Services,19,1,695581.15,432693.81,1491462.07,714394.25,0.0,455421.39,0.6220599680425957,0.4789888964531988,0.05,0.6547341532556579,0
MSME_04310,Nakuru,Food Services,76,3,233893.2,211525.76,228572.54,126749.91,0.0,139365.64,0.9043651360315903,0.5545257338185339,0.012987012987012988,0.5958490633799385,1
MSME_04311,Eldoret,Manufacturing,72,2,44212.54,29756.73,1639028.9,171980.69,70654.89,32553.98,0.673023015121612,0.1049283420638025,0.0136986301369863,0.7362898333858813,0
MSME_04312,Nakuru,Transport,72,2,210049.98,165625.19,1323720.21,353988.03,373106.24,168847.95,0.78849996319941,0.26741886986913205,0.0136986301369863,0.8038427147542945,0
MSME_04313,Kisumu,Agriculture,61,3,161868.34,142542.19,98340.51,80559.61,0.0,96583.94,0.8806003039241403,0.8191821541076602,0.016129032258064516,0.5966784074118051,1
MSME_04314,Kisumu,Food Services,117,2,208208.4,228415.63,5385629.15,632184.12,0.0,197283.0,1.0970476356975238,0.11738350061041603,0.00847457627118644,0.9475220619241975,0
MSME_04315,Kisumu,Agriculture,109,2,58713.87,37870.61,463800.87,382095.84,104983.32,38029.03,0.6449918053126916,0.8238341945451838,0.00909090909090909,0.6476899293143287,0
MSME_04316,Kisumu,Agriculture,12,10,133700.48,129386.52,2408900.88,459141.53,16730.05,85799.46,0.9677269092309224,0.19060200575707967,0.07692307692307693,0.6417240856271748,0
MSME_04317,Thika,Digital Commerce,61,1,322255.15,195848.86,487380.13,100624.16,7966.79,222468.97,0.6077428157693809,0.2064588754185046,0.016129032258064516,0.6903482524693477,0
MSME_04318,Nakuru,Agriculture,112,3,45706.79,43259.18,384671.98,92428.96,0.0,38177.2,0.9464290441519925,0.24027931465318933,0.008849557522123894,0.8352449330847104,0
MSME_04319,Nyeri,Construction,33,1,85039.98,76820.26,663506.35,490668.43,0.0,75937.79,0.9033322522858979,0.7395071509004384,0.029411764705882353,0.8929552552193072,1
MSME_04320,Nyeri,Agriculture,45,1,99922.12,104571.16,9305065.31,4490152.38,92619.87,64529.08,1.0465161616250573,0.4825492081850623,0.021739130434782608,0.6457872812618342,1
MSME_04321,Nakuru,Services,90,1,361626.47,322720.65,8166345.47,1765215.22,0.0,200137.23,0.8924118789980199,0.21615727749057898,0.01098901098901099,0.5534348095845706,0
MSME_04322,Nairobi,Manufacturing,103,3,419785.54,333284.17,384062.43,249426.06,119006.14,258276.78,0.7939372472495188,0.6494397553029196,0.009615384615384616,0.6152574115406368,0
MSME_04323,Meru,Digital Commerce,92,5,19631.05,14399.63,3258607.65,2778128.21,0.0,10560.05,0.7334756176761978,0.8525504313014084,0.010752688172043012,0.5378984874223527,1
MSME_04324,Nyeri,Retail,69,1,361316.21,233730.89,750159.22,418559.72,0.0,283147.26,0.6468855718220563,0.5579604314395663,0.014285714285714285,0.7836528462067999,0
MSME_04325,Thika,Transport,8,1,433200.13,387296.93,8219154.35,1470899.9,41290.3,360991.42,0.8940349024481999,0.17895998279190573,0.1111111111111111,0.8333113535507167,0
MSME_04326,Eldoret,Retail,25,15,406235.14,442218.25,2909364.25,418367.99,29325.76,281589.99,1.0885743695772612,0.1438004355073671,0.038461538461538464,0.6931682395367383,1
MSME_04327,Meru,Construction,91,1,78462.24,69290.75,1019544.52,751096.29,62811.51,72872.42,0.8830982508496972,0.7366971609075386,0.010869565217391304,0.9287459962142781,0
MSME_04328,Meru,Retail,46,15,105894.44,106583.45,804244.39,483243.85,185755.29,87615.55,1.006497069184471,0.6008661734448985,0.02127659574468085,0.8273779305322306,1
MSME_04329,Kakamega,Food Services,87,1,27794.09,21238.55,1513699.97,1268671.11,32219.29,18645.57,0.7641115751019334,0.8381253200888152,0.011363636363636364,0.6708224366245981,1
MSME_04330,Thika,Retail,30,5,16400.17,13882.28,1303036.77,700773.33,7138.97,8954.43,0.8464201029560697,0.5377997062970784,0.03225806451612903,0.5459628794775008,1
MSME_04331,Machakos,Retail,109,2,92826.33,72268.25,194237.55,29119.38,0.0,67036.1,0.7785234154639588,0.14991555486797034,0.00909090909090909,0.722159088277127,0
MSME_04332,Nyeri,Manufacturing,47,10,143841.71,94949.39,936004.97,395882.82,7704.57,104533.51,0.6600917766357434,0.4229490331135388,0.020833333333333332,0.7267209440089109,0
MSME_04333,Nairobi,Agriculture,87,5,159017.49,131880.16,333694.96,209024.04,0.0,118907.58,0.8293385253501024,0.6263906821047519,0.011363636363636364,0.7477594586642095,1
MSME_04334,Mombasa,Retail,49,2,302894.44,309060.76,386299.17,157574.63,80876.38,244466.79,1.0203546147805989,0.4079072240636084,0.02,0.807099605065035,0
MSME_04335,Meru,Retail,47,1,2845176.85,2325181.66,2778613.54,2499843.91,34284.99,1761085.42,0.8172359629469209,0.89967279520534,0.020833333333333332,0.618971998534292,1
MSME_04336,Kakamega,Construction,84,5,89680.56,85877.98,931450.69,395217.22,39723.38,44940.54,0.9575879366951243,0.4243024348369586,0.011764705882352941,0.5011123802931171,0
MSME_04337,Nakuru,Food Services,82,3,46371.06,47170.43,422766.72,227021.04,86333.33,40147.14,1.0172166170750232,0.5369876394536461,0.012048192771084338,0.8657614089173524,1
MSME_04338,Kisumu,Transport,18,1,230069.03,178879.8,170374.91,47758.41,0.0,200296.14,0.7775015285563269,0.28031198776869337,0.05263157894736842,0.8705877075775581,1
MSME_04339,Mombasa,Food Services,66,1,166415.41,172844.54,287432.87,63726.9,28746.3,151476.26,1.0386267796547228,0.2217097797138521,0.014925373134328358,0.9102242981927083,0
MSME_04340,Machakos,Transport,68,10,75017.64,58994.56,679198.57,418552.34,88546.57,70221.5,0.7863986870463128,0.6162435291294428,0.014492753623188406,0.936054026039395,1
MSME_04341,Nyeri,Transport,94,1,331324.05,245464.37,5515269.51,3148613.3,55416.22,189393.82,0.7408566602495043,0.5708900940200665,0.010526315789473684,0.5716254173959984,0
MSME_04342,Meru,Transport,33,3,59163.79,42736.69,207131.39,21432.11,5603.69,39003.27,0.7223331647082666,0.10347058709649418,0.029411764705882353,0.6592311068796153,0
MSME_04343,Kisumu,Manufacturing,36,2,117176.11,83188.86,1038945.85,340592.66,0.0,103479.59,0.7099412163348285,0.32782491231384936,0.02702702702702703,0.8831041318564692,0
MSME_04344,Nairobi,Manufacturing,82,10,124129.7,124802.26,1188904.87,731014.4,24154.39,114236.53,1.0054101040274486,0.6148631430341915,0.012048192771084338,0.9202923209165823,1
MSME_04345,Meru,Agriculture,101,15,51652.16,56204.27,3163428.93,2371937.36,45995.25,26163.8,1.0881090334066685,0.7497992408512111,0.00980392156862745,0.5065285453978033,1
MSME_04346,Eldoret,Transport,19,50,24107.9,17522.99,847336.51,296478.74,64647.09,16258.13,0.7268266076013422,0.34989450661755783,0.05,0.6743621650096022,0
MSME_04347,Eldoret,Manufacturing,111,1,165868.41,107297.32,1190129.94,735439.72,28646.54,91397.42,0.6468782881665763,0.6179485763137962,0.008928571428571428,0.5510203478748733,0
MSME_04348,Kisumu,Digital Commerce,28,10,523721.58,404612.54,3013215.97,940745.14,0.0,447680.46,0.7725703558551934,0.31220623983144496,0.034482758620689655,0.8548045799361945,0
MSME_04349,Machakos,Manufacturing,40,1,348328.7,335028.11,287082.11,187264.78,23355.81,291275.48,0.961813218913001,0.6523016279153449,0.024390243902439025,0.8362062723907837,1
MSME_04350,Machakos,Construction,84,3,372428.21,298942.93,1885015.61,1241015.86,4003.45,312629.73,0.8026838979681534,0.6583580502242895,0.011764705882352941,0.8394339692098801,0
MSME_04351,Nairobi,Construction,113,2,59937.06,54066.05,136931.65,27958.54,28406.91,40493.83,0.902032031066738,0.20417730906398146,0.008771929824561403,0.6755946054977422,1
MSME_04352,Nakuru,Services,97,1,165060.87,166607.12,787826.06,497962.66,71153.53,112705.44,1.0093616411833939,0.632071028380264,0.01020408163265306,0.6828072407031376,1
MSME_04353,Thika,Services,76,25,32075.26,26451.29,548631.25,201267.43,60756.39,19817.35,0.8246375980242087,0.36685307872440964,0.012987012987012988,0.617819845580501,1
MSME_04354,Meru,Digital Commerce,115,1,157773.39,181412.92,306655.25,73007.24,0.0,104509.42,1.1498248860287148,0.23807517374910833,0.008620689655172414,0.6623978707824507,1
MSME_04355,Mombasa,Construction,15,3,534338.34,408166.15,2342833.97,1172094.03,59007.16,503553.34,0.7638706706491049,0.5002887719402618,0.0625,0.9423849271513492,0
MSME_04356,Nyeri,Retail,41,5,551191.25,627275.81,2506039.78,1157382.76,9473.29,287146.36,1.1380345242517471,0.4618371613250444,0.023809523809523808,0.5209550025422164,1
MSME_04357,Kakamega,Digital Commerce,39,5,1015050.24,722377.06,2630890.33,1891872.84,16811.09,655522.91,0.7116656101025994,0.7190995760360805,0.025,0.6458027774046166,0
MSME_04358,Nairobi,Services,2,1,358318.68,236853.11,1150478.82,192834.52,4973.55,306529.21,0.6610106092972621,0.16761225764046864,0.3333333333333333,0.8554629486161631,0
MSME_04359,Kakamega,Transport,63,2,214432.24,217210.61,166192.88,121620.38,19194.56,144110.41,1.0129521430539408,0.7317981865517551,0.015625,0.6720525698347887,1
MSME_04360,Nakuru,Food Services,29,10,319567.3,315179.74,491506.14,90862.72,14322.95,296396.43,0.9862672236263734,0.18486551385601438,0.03333333333333333,0.9274900858439339,1
MSME_04361,Kakamega,Construction,105,2,263174.91,275318.63,2438897.38,648666.76,22233.77,170922.86,1.0461391774041935,0.2659671125780977,0.009433962264150943,0.6494624071025346,0
MSME_04362,Nyeri,Retail,74,2,59441.37,46897.74,2400592.67,1230797.53,26210.5,52450.55,0.7889614764687208,0.5127054800573561,0.013333333333333334,0.8823764934002464,1
MSME_04363,Kisumu,Manufacturing,66,1,29280.29,32558.05,3066458.1,1442890.21,48983.5,25379.94,1.1119062718889776,0.470539525539408,0.014925373134328358,0.866763042202034,1
MSME_04364,Kisumu,Manufacturing,51,2,322145.54,214457.05,1063322.75,947513.27,3441.67,162407.56,0.6657127219184164,0.8910863412953957,0.019230769230769232,0.5041418728259506,0
MSME_04365,Nakuru,Manufacturing,75,15,1080947.21,666568.7,586358.87,335150.4,12940.15,736498.08,0.6166518375565837,0.5715779969730875,0.013157894736842105,0.6813444651524979,0
MSME_04366,Machakos,Services,77,2,335699.41,256914.16,68970.24,24963.67,0.0,210244.11,0.76530785291564,0.3619431809548443,0.01282051282051282,0.6262849366195293,0
MSME_04367,Kisumu,Manufacturing,10,3,20156.38,20932.97,2053747.52,1684317.56,0.0,14428.42,1.038476726638085,0.8201186969084219,0.09090909090909091,0.715788460603511,1
MSME_04368,Machakos,Food Services,14,2,79276.59,76909.41,647598.05,226511.64,0.0,56147.41,0.9701280021251908,0.34977142106678505,0.06666666666666667,0.708238103605319,1
MSME_04369,Kakamega,Agriculture,82,2,109459.21,91936.41,162018.61,51687.26,39843.26,99332.95,0.8399071224146198,0.319018543496062,0.012048192771084338,0.9074799874767278,0
MSME_04370,Meru,Agriculture,51,1,20825.98,15430.79,1821687.19,902641.33,9389.07,12133.46,0.7409038660429885,0.49549716299143376,0.019230769230769232,0.5825837447387955,1
MSME_04371,Machakos,Transport,118,1,33627.62,21272.83,4006642.44,3327676.12,23200.1,19570.8,0.6325811169176732,0.830539619966782,0.008403361344537815,0.5819685731974727,1
MSME_04372,Machakos,Digital Commerce,73,2,128402.42,100876.55,2065172.21,1377080.38,0.0,70445.42,0.7856219873271288,0.6668110807034922,0.013513513513513514,0.5486257297508119,0
MSME_04373,Meru,Digital Commerce,39,3,173101.67,147657.61,1639508.47,1052542.42,0.0,144088.62,0.8530059646104822,0.6419861789514396,0.025,0.8323882005979456,1
MSME_04374,Nakuru,Services,28,2,49711.22,48610.77,2235745.23,1522233.55,43201.02,45388.19,0.9778434759099472,0.6808615081506814,0.034482758620689655,0.913018770837432,1
MSME_04375,Kisumu,Construction,3,2,32114.42,30678.41,27535.82,17284.58,70847.63,21382.64,0.9552548277431838,0.6276897622891824,0.25,0.6658060209083363,0
MSME_04376,Machakos,Manufacturing,84,2,439461.71,492654.02,5753929.06,4072844.39,38439.37,231956.73,1.1210371410124877,0.7078369649143772,0.011764705882352941,0.5278189132361196,1
MSME_04377,Nairobi,Transport,70,1,90895.99,59556.67,282071.46,71705.28,0.0,51829.77,0.6552105850809801,0.2542087235315351,0.014084507042253521,0.5702033697705501,0
MSME_04378,Kakamega,Services,27,15,104881.65,82330.74,313391.17,75780.06,30003.72,57273.03,0.7849795938603764,0.24180584983983486,0.03571428571428571,0.5460677242613531,0
MSME_04379,Nairobi,Food Services,117,2,77136.34,66712.75,414437.28,161518.92,66217.1,59129.09,0.8648567606816622,0.3897297324947879,0.00847457627118644,0.7665430257252843,0
MSME_04380,Nakuru,Transport,2,1,61625.11,59707.5,475386.02,371166.11,45867.57,38641.04,0.9688669299425194,0.7807661849917568,0.3333333333333333,0.6270238377856399,1
MSME_04381,Kakamega,Agriculture,93,1,490305.17,427790.49,4414871.46,2964865.97,0.0,443163.03,0.872496648369732,0.6715632211037871,0.010638297872340425,0.9038495885132346,1
MSME_04382,Kisumu,Agriculture,38,50,55282.06,60921.77,1400864.07,774928.13,0.0,31678.13,1.1019970674561068,0.5531782800466286,0.02564102564102564,0.5730169422604321,1
MSME_04383,Kakamega,Digital Commerce,3,1,159481.55,149078.54,323125.15,37339.68,24712.32,146495.0,0.9347639600696127,0.11555759259967043,0.25,0.9185644448248415,0
MSME_04384,Mombasa,Construction,16,10,134417.29,83582.82,387479.05,111842.66,70171.35,87335.28,0.621811362129365,0.28864107971494274,0.058823529411764705,0.6497276523901621,0
MSME_04385,Meru,Agriculture,94,1,18993.01,12583.07,14552067.67,10809438.18,0.0,16909.24,0.6624756962853026,0.7428111030209975,0.010526315789473684,0.8902406600817838,0
MSME_04386,Eldoret,Transport,40,15,169557.42,172002.87,1114194.62,327561.36,9372.86,157187.89,1.0144165650989199,0.2939890932258376,0.024390243902439025,0.9270426676540157,0
MSME_04387,Kisumu,Digital Commerce,2,10,28453.63,28273.9,434439.02,297257.15,0.0,26856.35,0.9936484853255867,0.6842305872281288,0.3333333333333333,0.9438305822286214,1
MSME_04388,Meru,Manufacturing,81,3,251565.86,172177.55,104168.03,25803.19,60310.06,216753.43,0.6844206347370237,0.24770500406886767,0.012195121951219513,0.8616136084061311,0
MSME_04389,Machakos,Services,41,1,40683.73,25728.38,97652.15,57135.69,0.0,22203.51,0.6323841893506482,0.5850880386346985,0.023809523809523808,0.5457455413861662,0
MSME_04390,Nakuru,Retail,12,1,224587.04,206237.12,190943.96,115056.93,0.0,117890.32,0.9182907513685946,0.6025659436101377,0.07692307692307693,0.5249180677653182,1
MSME_04391,Kakamega,Agriculture,35,2,86724.71,82358.67,818317.31,574109.31,12056.11,72231.11,0.9496453819749644,0.701572118067357,0.027777777777777776,0.8328684769487618,1
MSME_04392,Eldoret,Transport,107,2,67892.12,45787.45,2761533.72,1244551.23,0.0,61351.93,0.6744048586955497,0.4506737579602113,0.009259259259259259,0.903654597107925,0
MSME_04393,Eldoret,Retail,65,1,164483.65,141536.64,1527723.59,926014.01,0.0,94532.97,0.8604854009173502,0.6061393631164894,0.015151515151515152,0.5747221397255002,1
MSME_04394,Machakos,Agriculture,55,1,30581.21,23492.71,2984292.49,1461037.48,61483.5,28241.15,0.7681822209709501,0.4895756683770402,0.017857142857142856,0.9234502673286202,0
MSME_04395,Nyeri,Agriculture,45,3,124340.54,138293.8,1438238.25,1233822.08,0.0,96314.49,1.1122091619582644,0.857869843282333,0.021739130434782608,0.7745962451486447,1
MSME_04396,Kisumu,Food Services,79,2,291341.1,209928.71,167541.55,86703.52,8021.23,161928.6,0.7205574134325249,0.5175014943964982,0.0125,0.5558022681926162,1
MSME_04397,Thika,Agriculture,90,1,377982.97,379227.82,1214480.89,325090.19,0.0,217402.63,1.0032907480177005,0.26767808781405544,0.01098901098901099,0.5751636240023619,0
MSME_04398,Thika,Digital Commerce,101,1,83899.01,74248.41,1278435.48,810929.57,57745.17,44439.62,0.8849630649626861,0.6343135405522846,0.00980392156862745,0.5296735959864606,0
MSME_04399,Mombasa,Retail,85,50,97085.54,58866.51,631518.08,340245.44,107409.15,54799.63,0.6063302904810492,0.5387730169609445,0.011627906976744186,0.5644410646419163,0
MSME_04400,Nairobi,Retail,62,2,29974.36,26507.8,505260.42,375440.63,0.0,24862.41,0.8843196545429313,0.7430621360324721,0.015873015873015872,0.8294282370587042,1
MSME_04401,Nyeri,Manufacturing,49,5,62899.08,41180.64,610527.72,147460.32,26286.0,37641.63,0.6546993262965644,0.24152888335867315,0.02,0.5984353279041934,0
MSME_04402,Kisumu,Digital Commerce,95,2,27998.03,26947.66,114039.39,35209.85,81232.47,21075.36,0.9624497705813381,0.308748944124095,0.010416666666666666,0.7527175048564183,0
MSME_04403,Eldoret,Services,25,1,206917.12,188509.35,147473.31,123479.89,0.0,170600.39,0.9110335527889003,0.8372976283123481,0.038461538461538464,0.8244826021036727,1
MSME_04404,Machakos,Retail,23,2,309330.86,187372.52,15403701.87,13001046.17,1631.6,279287.09,0.6057330143749176,0.8440208357511638,0.041666666666666664,0.9028720481621261,0
MSME_04405,Eldoret,Transport,24,2,84607.3,60289.56,162467.62,73728.69,11214.31,64764.1,0.7125726435822489,0.453802648166766,0.04,0.765457998801536,0
MSME_04406,Eldoret,Transport,38,10,46247.74,47492.9,87558.75,12100.7,0.0,34980.53,1.0269014896405828,0.13819934387660998,0.02564102564102564,0.7563563893848784,0
MSME_04407,Eldoret,Services,28,3,181351.38,136317.29,307306.15,106095.62,479605.67,165169.46,0.7516708079596198,0.34524292714959604,0.034482758620689655,0.9107653288035149,0
MSME_04408,Nyeri,Construction,21,1,55939.96,48925.42,1265470.0,376728.04,0.0,35393.62,0.8745902823262239,0.2976978848191701,0.045454545454545456,0.6326959708950294,1
MSME_04409,Mombasa,Construction,54,25,260912.11,201319.59,1430339.36,617536.83,88369.64,154372.75,0.7715962988598005,0.43174117662456224,0.01818181818181818,0.5916634468846736,1
MSME_04410,Nairobi,Construction,107,2,923042.25,1021659.87,213471.04,75620.09,0.0,824053.52,1.1068385690486333,0.3542388502025839,0.009259259259259259,0.8927572137058584,1
MSME_04411,Nakuru,Services,18,50,55026.32,49255.01,819048.68,625092.94,65985.87,29358.49,0.8951010152775022,0.7631929481982093,0.05263157894736842,0.53352571050162,0
MSME_04412,Eldoret,Agriculture,36,50,63470.11,62384.48,379448.06,38866.42,0.0,37152.67,0.982879927576499,0.10242855786755671,0.02702702702702703,0.5853477274936582,0
MSME_04413,Nyeri,Services,99,1,30959.32,19996.99,916530.6,564312.92,0.0,21209.11,0.6458909339438352,0.615704815851412,0.01,0.6850416920755341,1
MSME_04414,Nairobi,Manufacturing,45,2,154215.94,95950.81,513030.07,323935.49,124164.47,102177.74,0.6221807409743703,0.6314149550435609,0.021739130434782608,0.6625584712029691,0
MSME_04415,Meru,Agriculture,119,2,144080.01,106990.29,317155.99,199332.94,0.0,117820.19,0.7425703775952153,0.6284992804352192,0.008333333333333333,0.8177357307531367,0
MSME_04416,Kakamega,Manufacturing,73,3,101665.24,78284.66,334717.47,172873.45,35684.53,55032.73,0.7700162807240634,0.516474187994466,0.013513513513513514,0.5413078127016402,0
MSME_04417,Nakuru,Services,53,2,135421.45,132472.55,52106.41,30684.59,0.0,96788.56,0.9782170533763048,0.5888719090048805,0.018518518518518517,0.7147157653697743,0
MSME_04418,Thika,Digital Commerce,102,25,46925.9,42844.37,559142.72,418459.87,0.0,40536.93,0.9130023504642327,0.7483941159171027,0.009708737864077669,0.8638314058674236,1
MSME_04419,Nairobi,Food Services,30,5,25255.53,20356.43,665488.91,484048.3,3570.87,20393.96,0.8059868081640669,0.7273563321192953,0.03225806451612903,0.8074727605098563,0
MSME_04420,Meru,Manufacturing,60,1,62375.65,59865.94,134565.07,17184.0,0.0,48917.61,0.9597492010231393,0.12769935244449065,0.01639344262295082,0.7842295153715373,0
MSME_04421,Nakuru,Food Services,108,1,19623.39,13539.38,486967.96,60554.09,525427.64,11925.37,0.6899261582143444,0.12434897287909273,0.009174311926605505,0.6076810540353103,0
MSME_04422,Eldoret,Construction,98,3,55021.09,34933.95,536966.75,414085.05,100141.83,37256.69,0.6349077252427161,0.7711544129046856,0.010101010101010102,0.6771224066552181,0
MSME_04423,Machakos,Digital Commerce,32,1,181630.09,194340.16,78891.47,44162.16,51626.26,105586.22,1.0699718864209866,0.5597766174642523,0.030303030303030304,0.5813223936496775,1
MSME_04424,Thika,Digital Commerce,67,5,141444.85,128738.91,288993.64,250251.69,0.0,103115.6,0.9101639249225056,0.8659388630875645,0.014705882352941176,0.7290111374776991,1
MSME_04425,Kakamega,Services,67,2,22611.58,21639.34,278279.55,123910.45,36263.9,17249.83,0.9569602407155662,0.4452716871516892,0.014705882352941176,0.7628421878441116,1
MSME_04426,Kisumu,Digital Commerce,28,2,380539.99,292628.87,904996.69,218460.28,2468.73,298355.35,0.7689812075172243,0.24139319073842058,0.034482758620689655,0.7840294681526949,0
MSME_04427,Kakamega,Food Services,44,1,109691.71,88255.23,3250336.71,1555571.92,0.0,98084.14,0.8045678696423855,0.47858778342143404,0.022222222222222223,0.8941719098744119,0
MSME_04428,Machakos,Services,79,5,36340.07,23450.32,771935.98,346781.0,33649.87,19181.14,0.6452842472717507,0.44923485852433187,0.0125,0.5278088950050177,0
MSME_04429,Thika,Digital Commerce,41,1,92563.03,99166.8,2932908.32,1506757.91,109978.11,62456.04,1.0713319201854112,0.5137417306853523,0.023809523809523808,0.6747333710513684,0
MSME_04430,Mombasa,Agriculture,63,5,74383.41,68867.26,558512.81,416850.38,0.0,56972.99,0.9258292160951467,0.7463564419293409,0.015625,0.765926489166211,1
MSME_04431,Eldoret,Services,23,2,55952.66,36145.15,1138805.71,711146.8,9982.13,42331.28,0.6459836586203654,0.6244666401728526,0.041666666666666664,0.7565417525859791,0
MSME_04432,Kisumu,Transport,104,5,300316.65,313077.49,790291.05,196166.25,79838.86,153091.47,1.0424878124878774,0.2482199460313437,0.009523809523809525,0.5097651436737067,1
MSME_04433,Nakuru,Manufacturing,75,3,44076.19,37211.92,13173617.28,9057939.55,0.0,25792.91,0.8442443812774816,0.68758175297607,0.013157894736842105,0.5851759152523107,1
MSME_04434,Meru,Agriculture,48,1,160274.97,163609.61,607543.34,348436.42,0.0,141135.76,1.0207993749780455,0.5735160334141208,0.02040816326530612,0.880579665186241,1
MSME_04435,Kisumu,Services,32,5,34845.59,21149.21,1865378.08,1049552.34,35111.44,25504.4,0.6069233747118441,0.5626482848730137,0.030303030303030304,0.7319051878533883,0
MSME_04436,Eldoret,Food Services,57,1,128425.46,79085.28,930305.96,597819.73,0.0,88112.9,0.6158020706947773,0.6426048129318521,0.017241379310344827,0.686096151836623,0
MSME_04437,Machakos,Food Services,118,2,173758.67,120576.46,2815743.72,1551960.13,0.0,157265.3,0.693926617148847,0.5511721708919691,0.008403361344537815,0.9050736571955965,1
MSME_04438,Meru,Digital Commerce,100,1,174091.84,124650.47,1557475.69,725800.79,0.0,92917.76,0.7159999802404281,0.4660106919481409,0.009900990099009901,0.5337253387330576,0
MSME_04439,Nyeri,Retail,33,5,144466.96,147381.66,1097875.84,672234.02,0.0,132193.0,1.020168485801281,0.6123036715120067,0.029411764705882353,0.9150333402645127,1
MSME_04440,Nakuru,Retail,24,15,104923.29,103735.75,185353.56,125851.67,15060.95,53773.45,0.9886724036922242,0.6789780084180287,0.04,0.5124976304342874,1
MSME_04441,Meru,Services,39,3,45977.43,43165.84,206022.32,57812.66,0.0,34630.27,0.9388280548074389,0.2806122141901218,0.025,0.7531851348556268,1
MSME_04442,Mombasa,Manufacturing,34,2,46511.19,50542.43,348237.33,173296.8,0.0,34873.67,1.0866491128454712,0.4976384994724733,0.02857142857142857,0.7497748439710106,1
MSME_04443,Mombasa,Transport,56,5,179661.32,132218.48,513488.45,239561.86,0.0,141497.79,0.7359277114978812,0.4665370632249601,0.017543859649122806,0.7875763265218884,0
MSME_04444,Nakuru,Retail,28,1,37744.35,41421.51,833488.76,109956.02,6505.59,19375.38,1.0973937186964753,0.13192246057108128,0.034482758620689655,0.5133183292776462,0
MSME_04445,Mombasa,Construction,37,15,30010.2,33017.49,349242.7,268061.56,128390.92,22169.54,1.1001722690195659,0.7675487345942102,0.02631578947368421,0.7387088820173802,1
MSME_04446,Kisumu,Digital Commerce,7,1,556693.34,466978.24,68006.45,27332.17,8120.66,306808.35,0.8388413649041232,0.401899644818325,0.125,0.5511253266918431,1
MSME_04447,Eldoret,Construction,68,50,102773.53,66999.34,2502623.93,395793.44,14635.41,58600.5,0.6519060705020981,0.15815132154061934,0.014492753623188406,0.5701850448744451,0
MSME_04448,Kisumu,Food Services,37,5,251453.83,251355.25,1247641.71,581799.38,0.0,150095.23,0.9996039845406828,0.46631890310968915,0.02631578947368421,0.5969073252639451,1
MSME_04449,Nairobi,Digital Commerce,56,5,319172.89,250649.91,784107.32,179705.36,0.0,247655.72,0.7853083157898662,0.2291843555492435,0.017543859649122806,0.77592725394925,0
MSME_04450,Kisumu,Agriculture,65,3,140242.31,145460.9,3284187.96,2179162.27,132180.5,94739.28,1.037203842379362,0.6635313304262493,0.015151515151515152,0.6755351110865823,1
MSME_04451,Thika,Transport,65,2,91420.34,63082.75,278064.02,154997.68,0.0,49220.88,0.6900221545647877,0.557415240507418,0.015151515151515152,0.5383959587553628,1
MSME_04452,Kisumu,Services,47,3,92986.98,83384.52,623385.32,197046.52,0.0,58587.0,0.8967236410555429,0.31609054237828,0.020833333333333332,0.6300491740975555,1
MSME_04453,Meru,Manufacturing,20,1,665324.77,585113.58,883327.47,759996.48,0.0,355602.52,0.8794392256893941,0.8603781105345784,0.047619047619047616,0.5344788012645294,1
MSME_04454,Kisumu,Agriculture,19,3,76205.75,49927.95,443209.03,147764.24,33537.03,60877.52,0.6551644047279276,0.33339552356249696,0.05,0.7988468213117604,0
MSME_04455,Kisumu,Services,29,3,158963.81,127144.51,280745.36,152724.78,81963.61,119359.46,0.7998280248314076,0.5439955837717718,0.03333333333333333,0.7508546073813444,1
MSME_04456,Kisumu,Manufacturing,74,15,262319.67,169619.94,2083842.26,1544656.95,7493.97,179284.68,0.6466129413286418,0.7412539031366495,0.013333333333333334,0.6834561683606557,0
MSME_04457,Eldoret,Agriculture,60,2,171220.89,146497.82,1025622.79,524210.0,48318.58,157087.39,0.8556021662884342,0.5111133391318857,0.01639344262295082,0.9174492233440479,0
MSME_04458,Nyeri,Digital Commerce,18,1,394109.33,419173.7,1542352.38,1339817.67,160789.31,289050.14,1.0635948060534217,0.8686839782462823,0.05263157894736842,0.7334244195020212,1
MSME_04459,Eldoret,Agriculture,92,2,90525.24,67768.34,271480.5,210420.1,10743.95,81417.59,0.7486043825525063,0.7750808066111319,0.010752688172043012,0.8993811076213923,1
MSME_04460,Meru,Services,35,3,261280.6,266682.34,1974793.94,1652537.61,0.0,198726.96,1.0206701887924754,0.8368147884762153,0.027777777777777776,0.7605853607755004,1
MSME_04461,Thika,Transport,43,1,22145.54,15521.48,345267.4,137472.38,0.0,14827.7,0.7008534967538947,0.39816090902034473,0.022727272727272728,0.6695267071063923,0
MSME_04462,Nairobi,Manufacturing,111,1,512427.99,497339.14,981329.37,528626.76,135172.99,380502.68,0.9705523100869059,0.5386837869901041,0.008928571428571428,0.7425471380922457,1
MSME_04463,Meru,Retail,95,10,409687.56,452108.89,7845931.0,6058102.53,0.0,232841.04,1.1035428716877036,0.7721329384450439,0.010416666666666666,0.5683366897040035,1
MSME_04464,Kisumu,Agriculture,91,3,98279.82,76477.47,2027864.2,1668526.72,0.0,78981.5,0.7781525428868012,0.822799621986708,0.010869565217391304,0.803630861036772,1
MSME_04465,Machakos,Construction,11,2,206661.7,226341.35,1095874.44,937510.57,0.0,194667.04,1.0952211018243736,0.8554900819750099,0.08333333333333333,0.9419553697885491,1
MSME_04466,Kisumu,Agriculture,49,2,324832.51,285196.94,3688000.14,2962650.15,0.0,198585.43,0.8779788144394339,0.8033213758713751,0.02,0.611345270381741,1
MSME_04467,Machakos,Construction,113,5,47204.62,36547.84,368209.19,252077.46,0.0,30467.7,0.7742264586292902,0.6846020747008658,0.008771929824561403,0.6454252692793782,0
MSME_04468,Nakuru,Retail,38,1,115320.89,126054.9,1314247.28,156884.12,27677.26,78734.32,1.0930700147214027,0.11937175219282006,0.02564102564102564,0.6827352552061019,1
MSME_04469,Nairobi,Transport,64,5,36107.29,22300.6,268814.85,94612.82,0.0,25909.41,0.6176033259952215,0.3519614635818536,0.015384615384615385,0.7175474108577282,0
MSME_04470,Thika,Transport,69,1,415989.97,256004.54,472552.39,95998.56,0.0,342607.82,0.6154088873611848,0.20314860083852113,0.014285714285714285,0.8235943679258231,0
MSME_04471,Nyeri,Transport,8,10,303385.82,282120.38,4920198.51,1101174.28,29889.66,170352.02,0.9299032172854443,0.22380683501998888,0.1111111111111111,0.5615010566378592,1
MSME_04472,Machakos,Food Services,34,2,100614.44,104459.21,1012970.18,337041.26,102434.52,64001.8,1.0382025860046928,0.33272541870342254,0.02857142857142857,0.6361031666710397,0
MSME_04473,Thika,Food Services,48,2,89597.86,90794.03,3947525.82,630784.49,136534.35,66517.61,1.013339120609347,0.1597923253628458,0.02040816326530612,0.7423934858099757,0
MSME_04474,Nairobi,Transport,116,3,114811.1,73904.85,644913.05,189878.81,45052.07,87866.06,0.6437026236781663,0.2944249857791127,0.008547008547008548,0.7653031344257268,0
MSME_04475,Eldoret,Transport,56,3,54325.16,60987.5,3156464.46,2732182.2,0.0,40281.22,1.1226175382173156,0.8655827965245658,0.017543859649122806,0.741470039480059,1
MSME_04476,Meru,Retail,76,1,111967.33,110476.48,776127.75,271299.23,7811.8,77925.9,0.986676143155837,0.34955441349131827,0.012987012987012988,0.6959637604669106,1
MSME_04477,Kisumu,Services,102,5,47205.67,52965.31,856440.84,195071.92,17295.17,38716.38,1.121987846209021,0.22777018927519938,0.009708737864077669,0.8201463903300106,1
MSME_04478,Eldoret,Food Services,65,1,327201.38,255545.51,750901.52,506588.31,3669.75,193707.68,0.7810013790241991,0.6746392461167928,0.015151515151515152,0.5920118307207912,1
MSME_04479,Thika,Construction,31,15,415374.46,407759.2,1124320.02,857635.94,1758.92,260534.26,0.981664155123656,0.762803438469913,0.03125,0.627225931931559,1
MSME_04480,Eldoret,Digital Commerce,4,10,342899.61,367919.73,534644.34,187783.28,7229.09,240035.75,1.0729631831217799,0.35122962074260294,0.2,0.7000155234486168,1
MSME_04481,Nakuru,Services,113,2,40368.3,32668.26,137735.27,44460.65,52801.12,32818.47,0.8092352356865241,0.32279551348384855,0.008771929824561403,0.8129561325066325,0
MSME_04482,Mombasa,Digital Commerce,109,10,108179.72,122315.88,698819.69,205039.03,5083.83,58098.77,1.1306624692459064,0.293407211512298,0.00909090909090909,0.5370529055454613,1
MSME_04483,Eldoret,Manufacturing,50,2,239121.98,178324.27,855027.62,354502.14,53889.28,132007.75,0.7457429227420969,0.4146085074906616,0.0196078431372549,0.5520496189868493,0
MSME_04484,Kakamega,Transport,69,1,287436.73,222357.46,5187900.9,880829.86,13462.74,244920.17,0.7735848039156168,0.1697853731582704,0.014285714285714285,0.852080796769443,0
MSME_04485,Nairobi,Transport,30,25,21186.83,23436.46,48408.47,30754.06,153790.06,13081.38,1.106128376525581,0.6352901612019302,0.03225806451612903,0.6174006493350191,1
MSME_04486,Nairobi,Transport,88,3,279425.11,316676.07,5080011.49,3849536.49,0.0,260862.64,1.1333088021015647,0.7577809104953598,0.011235955056179775,0.9335657287001563,1
MSME_04487,Machakos,Agriculture,59,2,38435.31,29090.06,2566155.05,1619104.81,20862.83,35846.01,0.7568380003179286,0.6309455771405641,0.016666666666666666,0.932607994888167,1
MSME_04488,Nakuru,Food Services,67,2,114237.58,77112.03,1660682.95,725651.61,14759.19,92381.1,0.6750086529436903,0.4369594888901046,0.014705882352941176,0.8086681399576221,0
MSME_04489,Nairobi,Manufacturing,75,2,468591.96,476783.17,877734.54,290679.17,0.0,385460.44,1.0174783035579535,0.3311694203472722,0.013157894736842105,0.8225911887365955,1
MSME_04490,Mombasa,Agriculture,45,50,409245.44,454800.96,214408.63,91671.9,40355.67,324511.21,1.1113131735489257,0.4275549563701966,0.021739130434782608,0.7929481561281266,1
MSME_04491,Eldoret,Agriculture,4,1,501886.96,466951.87,7579666.89,3328004.25,51237.58,290993.52,0.9303906593017294,0.4390699300150999,0.2,0.5797977700042855,1
MSME_04492,Nyeri,Digital Commerce,26,2,45877.48,43537.06,3209322.12,2030912.51,34376.84,33270.58,0.9489647433829541,0.6328164644263056,0.037037037037037035,0.7251892390506398,1
MSME_04493,Eldoret,Services,27,2,58730.22,59882.44,985528.61,830256.89,7881.12,50323.42,1.019601499849654,0.8424474329086876,0.03571428571428571,0.8568427490523779,1
MSME_04494,Kakamega,Manufacturing,46,2,75902.05,51931.93,1027663.33,160797.65,59165.6,64410.87,0.6841876578082172,0.15646903887381203,0.02127659574468085,0.8485939629566928,0
MSME_04495,Thika,Manufacturing,118,2,115100.33,130685.82,640126.93,552226.54,8502.2,104102.12,1.1353980010482938,0.8626815268004319,0.008403361344537815,0.9044388974480138,1
MSME_04496,Nyeri,Manufacturing,107,1,165495.81,132459.73,1488498.38,1232716.35,0.0,149833.15,0.8003763335377885,0.8281604725962333,0.009259259259259259,0.9053537044007072,1
MSME_04497,Kisumu,Manufacturing,64,1,477946.92,451914.22,691607.96,134300.47,0.0,295212.73,0.9455302577736922,0.1941855553751068,0.015384615384615385,0.6176671508477325,1
MSME_04498,Kakamega,Construction,91,1,52648.23,45158.43,1055454.34,260557.93,92056.8,43422.9,0.8577225155999432,0.24686779262493472,0.010869565217391304,0.8247585007416063,0
MSME_04499,Eldoret,Manufacturing,106,15,71050.55,60925.81,1233786.32,430932.54,9261.78,56350.4,0.8574874158269594,0.34927619453894204,0.009345794392523364,0.7930917763229655,0
MSME_04500,Machakos,Construction,51,1,553291.94,545827.7,13475234.76,7380828.51,56445.26,497201.18,0.9865076174657136,0.5477327923203623,0.019230769230769232,0.8986219487998528,1
MSME_04501,Thika,Services,50,5,41812.56,47961.69,244697.96,50794.64,0.0,24358.47,1.14703675075741,0.20758012212230081,0.0196078431372549,0.5825495365618235,1
MSME_04502,Mombasa,Transport,6,5,275640.43,265299.21,883785.26,230020.99,0.0,229582.75,0.9624794429487614,0.26026766924391875,0.14285714285714285,0.8329036386148483,0
MSME_04503,Meru,Construction,59,10,121948.27,126427.74,3181725.61,2615824.64,127293.74,84205.21,1.0367240410705205,0.8221399763821946,0.016666666666666666,0.6904937602332512,1
MSME_04504,Mombasa,Construction,15,15,196432.42,120843.03,1966983.92,368692.46,75304.42,133086.6,0.615185694980009,0.18744041006679402,0.0625,0.6775150582828523,0
MSME_04505,Thika,Manufacturing,117,1,59197.16,61904.55,1644480.27,689205.98,34187.99,30552.01,1.0457174682456347,0.4191023592503428,0.00847457627118644,0.5160972908617429,1
MSME_04506,Mombasa,Manufacturing,30,1,270269.88,206752.87,27060474.73,19223799.73,15759.67,252069.15,0.764983893196337,0.710401395814633,0.03225806451612903,0.9326537509331378,1
MSME_04507,Kakamega,Food Services,42,2,69271.69,46390.28,2691179.66,2182187.41,0.0,55701.08,0.6696763183297776,0.8108661906034952,0.023255813953488372,0.8040842646647618,1
MSME_04508,Nyeri,Transport,101,1,32221.88,21341.64,344648.16,127117.98,0.0,24676.03,0.6623132382952733,0.3688329894667377,0.00980392156862745,0.7657921948627807,0
MSME_04509,Nairobi,Digital Commerce,37,5,215354.15,209740.11,300294.02,69533.08,17650.76,132017.4,0.9739266044949471,0.2315492278226925,0.02631578947368421,0.6130217921419572,0
MSME_04510,Nakuru,Agriculture,42,3,10904.29,12525.64,696623.13,480397.81,0.0,8683.09,1.1485838524239151,0.6896083401532473,0.023255813953488372,0.7962273355408246,0
MSME_04511,Machakos,Transport,101,10,75508.32,72971.79,432147.57,310301.92,0.0,69884.56,0.966394479515906,0.7180445373219677,0.00980392156862745,0.9255090629871914,1
MSME_04512,Meru,Retail,35,1,178284.9,132695.93,802276.76,709234.12,0.0,102242.73,0.7442872936109922,0.884025652163161,0.027777777777777776,0.573476253590441,1
MSME_04513,Kakamega,Services,87,15,284298.53,202368.89,1094269.69,231584.1,0.0,268012.17,0.7118157740183391,0.21163328426534025,0.011363636363636364,0.9427105630459536,0
MSME_04514,Kisumu,Services,6,1,454302.79,404000.75,1012628.64,675966.79,0.0,314533.45,0.8892744434291424,0.6675360500014595,0.14285714285714285,0.6923416817632096,1
MSME_04515,Meru,Manufacturing,68,2,788229.75,501134.1,38226.31,16583.87,35643.22,741096.06,0.6357708069623013,0.4338225734429129,0.014492753623188406,0.940201914223722,0
MSME_04516,Machakos,Agriculture,18,2,580559.88,475845.43,294567.14,244992.54,18549.81,455879.07,0.8196305441730762,0.8317007399374555,0.05263157894736842,0.7852390433196257,1
MSME_04517,Nakuru,Retail,73,5,161384.98,155967.16,1722375.13,734187.73,0.0,104230.18,0.9664232295766956,0.4262644594360467,0.013513513513513514,0.645844081375594,1
MSME_04518,Nairobi,Construction,113,2,410699.79,465000.16,5242754.71,2394724.16,98528.7,274552.72,1.1322115060942541,0.45676821360040065,0.008771929824561403,0.6684981540941277,1
MSME_04519,Kakamega,Agriculture,29,25,158913.15,132550.95,449348.07,90515.45,0.0,100234.42,0.8341041373597003,0.2014368250500663,0.03333333333333333,0.6307457202520984,0
MSME_04520,Eldoret,Transport,77,15,264581.77,187885.64,451977.22,161242.61,0.0,172150.04,0.7101204662722369,0.3567486282856727,0.01282051282051282,0.6506472057874365,0
MSME_04521,Nyeri,Digital Commerce,59,10,73178.25,76804.18,655413.14,275714.2,11692.5,57879.69,1.0495349433070167,0.42067172978599454,0.016666666666666666,0.7909303525247936,0
MSME_04522,Eldoret,Construction,47,1,211520.21,213489.41,5778100.83,658743.96,51208.12,107340.65,1.009304977028072,0.11400698350101593,0.020833333333333332,0.5074699128281273,0
MSME_04523,Eldoret,Retail,116,10,83013.11,89059.55,777982.58,350138.51,34739.04,77653.29,1.0728242463841389,0.4500589973891223,0.008547008547008548,0.9354227853554051,1
MSME_04524,Eldoret,Construction,17,5,112022.6,80442.9,49509.13,18271.58,0.0,94752.93,0.7180888669887415,0.36904730405676583,0.05555555555555555,0.8458300750913199,0
MSME_04525,Kisumu,Construction,109,1,212188.2,174558.26,6231743.37,4630632.69,0.0,195946.08,0.8226538391209355,0.7430716690325345,0.00909090909090909,0.923449826852639,0
MSME_04526,Thika,Construction,96,1,1078820.72,1229699.13,1672728.1,310609.03,56495.97,887755.5,1.13985388614534,0.18568997813214347,0.010309278350515464,0.8228936102621294,0
MSME_04527,Nakuru,Manufacturing,112,1,197752.28,135840.64,154562.65,109456.46,0.0,141682.62,0.6869197820637919,0.7081643064200412,0.008849557522123894,0.7164615423825081,1
MSME_04528,Kakamega,Manufacturing,22,1,131701.34,127657.84,394971.48,265108.5,35465.6,77094.98,0.9692905987851089,0.6712075231165473,0.043478260869565216,0.5853728946653491,1
MSME_04529,Mombasa,Retail,68,2,58001.48,42367.27,280772.32,82385.86,0.0,42477.08,0.730438939852227,0.29342481685937966,0.014492753623188406,0.7323321347638928,0
MSME_04530,Nakuru,Transport,69,50,326505.34,285720.73,567652.7,94580.78,19470.04,267820.25,0.8750847839585595,0.16661704134052152,0.014285714285714285,0.8202604886630991,0
MSME_04531,Thika,Digital Commerce,37,2,95276.65,99114.42,4344970.49,3360690.23,32141.84,84260.97,1.0402693601280049,0.7734665780281104,0.02631578947368421,0.8843728828324376,1
MSME_04532,Thika,Retail,105,2,193716.82,168286.13,77617.51,23249.86,131044.78,125113.75,0.868717859823118,0.2995401483486349,0.009433962264150943,0.645855657471264,0
MSME_04533,Meru,Transport,49,25,268858.97,280423.92,483066.63,104558.85,63906.21,196190.79,1.043011051440644,0.21644764315919907,0.02,0.7297136498229916,0
MSME_04534,Machakos,Agriculture,13,1,471705.02,393630.39,833492.79,322752.81,0.0,367454.15,0.8344824388715667,0.3872288118667327,0.07142857142857142,0.7789897402623779,1
MSME_04535,Eldoret,Services,34,10,309394.51,355693.58,671122.27,282345.34,0.0,236645.58,1.1496404068695114,0.420705632811689,0.02857142857142857,0.7648642994205054,1
MSME_04536,Kakamega,Services,109,2,39204.31,32920.08,280397.44,101187.13,57524.96,20526.11,0.8396842162451975,0.3608690904271793,0.00909090909090909,0.5235543348592321,0
MSME_04537,Kisumu,Digital Commerce,86,3,23927.93,16322.65,3041669.97,2680273.62,0.0,17168.94,0.6821303752403471,0.8811846009760878,0.011494252873563218,0.7174971885495924,1
MSME_04538,Nakuru,Transport,53,2,268732.49,220636.96,602868.31,485101.93,0.0,232202.09,0.8210251725603682,0.8046552079421657,0.018518518518518517,0.8640608582130943,1
MSME_04539,Eldoret,Retail,87,3,145219.9,146443.56,516768.64,412577.95,0.0,125039.67,1.0084193115453768,0.7983788482620612,0.011363636363636364,0.8610308158123245,1
MSME_04540,Nairobi,Retail,51,1,197100.61,210181.34,1105025.73,463021.33,0.0,143531.42,1.0663603407399869,0.41901369209412703,0.019230769230769232,0.7282102870696998,1
MSME_04541,Meru,Agriculture,3,5,743971.18,634649.68,521079.8,453493.52,33061.38,690822.16,0.8530556613017438,0.8702940503660853,0.25,0.9285591297244474,1
MSME_04542,Nakuru,Construction,42,1,71927.35,66673.94,375333.83,242920.65,19852.65,62706.52,0.926949387828304,0.647210518672088,0.023255813953488372,0.8717914424562776,0
MSME_04543,Machakos,Digital Commerce,98,15,484760.02,516118.92,240235.99,183923.65,135274.91,403221.98,1.0646873381032163,0.7655925509223205,0.010101010101010102,0.8317953865184952,1
MSME_04544,Eldoret,Retail,32,2,72644.78,76091.8,10100278.05,5057210.23,124811.12,53177.46,1.047435928143383,0.500700050460487,0.030303030303030304,0.7320103108535692,0
MSME_04545,Eldoret,Services,109,1,637473.98,613089.42,1889639.93,431771.07,50156.44,488180.35,0.9617466398445945,0.22849371176565275,0.00909090909090909,0.7658031535606307,0
MSME_04546,Mombasa,Food Services,51,3,282241.53,295863.89,461029.26,373207.06,16582.84,169473.57,1.0482611887017876,0.8095066471341816,0.019230769230769232,0.6004536949126695,1
MSME_04547,Machakos,Construction,113,1,29521.44,27063.81,3353852.72,1640508.19,0.0,21833.56,0.9167199594613454,0.48914124674465526,0.008771929824561403,0.7395581124053433,0
MSME_04548,Kakamega,Digital Commerce,85,5,87791.62,52899.41,1367062.54,1195966.36,0.0,64676.95,0.6025496220525143,0.8748432863625345,0.011627906976744186,0.7367014448367072,0
MSME_04549,Nyeri,Digital Commerce,46,25,904979.94,563528.05,763918.01,232146.13,0.0,535063.15,0.622696042637097,0.30388840565703423,0.02127659574468085,0.5912424520233542,0
MSME_04550,Mombasa,Retail,108,5,798261.74,909136.0,212168.65,189658.23,25171.21,740800.25,1.1388931919833813,0.8938989624576371,0.009174311926605505,0.9280155679068773,1
MSME_04551,Thika,Food Services,21,1,243828.74,165741.52,270127.76,75079.24,37572.89,148769.29,0.6797428402294158,0.27793871337505865,0.045454545454545456,0.6101359497820078,0
MSME_04552,Meru,Retail,44,3,189896.55,156186.88,2331842.55,919989.78,45452.3,103854.44,0.8224797002383655,0.39453323530217116,0.022222222222222223,0.546897208521121,0
MSME_04553,Machakos,Retail,11,3,169352.0,188589.74,1798906.77,1034754.95,0.0,120266.02,1.113589602782354,0.5752128971014451,0.08333333333333333,0.7101499235325032,1
MSME_04554,Kakamega,Agriculture,103,10,206287.82,145901.54,140425.74,91930.9,49385.35,166831.79,0.7072682853098874,0.6546538073873964,0.009615384615384616,0.808729188523159,0
MSME_04555,Kisumu,Construction,68,1,115751.34,123169.29,447222.56,302423.4,41514.25,68040.76,1.0640760264544111,0.6762242132324157,0.014492753623188406,0.5878132571661187,1
MSME_04556,Nyeri,Food Services,115,2,447315.42,469702.29,1649448.35,793387.84,0.0,260472.31,1.0500448206216082,0.48100163851651456,0.008620689655172414,0.5822999075240743,1
MSME_04557,Nakuru,Digital Commerce,1,2,237482.65,271319.49,2771443.27,447481.57,0.0,146683.92,1.1424765031192674,0.16146150757705838,0.5,0.6176590262108571,0
MSME_04558,Nakuru,Services,92,1,50748.87,38311.59,1352293.97,671871.74,6699.66,32287.59,0.7549101110997919,0.4968381565450916,0.010752688172043012,0.636210299651999,0
MSME_04559,Nyeri,Services,63,2,256527.66,198405.92,421850.53,155135.69,14962.0,156684.54,0.7734259400099779,0.3677495018211739,0.015625,0.610787660139027,0
MSME_04560,Nyeri,Agriculture,24,2,157154.42,172332.85,968209.37,606219.6,0.0,111864.78,1.0965759246483513,0.6261238453787682,0.04,0.7118098758541066,1
MSME_04561,Nairobi,Food Services,99,10,97493.22,71047.55,566407.49,139234.55,0.0,49547.85,0.728736021479017,0.24582002646182086,0.01,0.5082132048443487,0
MSME_04562,Nairobi,Food Services,13,15,889599.69,801836.7,1153595.57,478891.97,0.0,479834.52,0.9013445122215451,0.4151295023354655,0.07142857142857142,0.5393819107761709,0
MSME_04563,Thika,Services,111,3,147822.95,146202.77,4298229.63,3751904.54,28853.99,122429.04,0.9890330355804995,0.8728951196367051,0.008928571428571428,0.8282084195423001,1
MSME_04564,Mombasa,Digital Commerce,98,2,18829.13,14113.12,285306.63,48814.23,12789.41,12908.37,0.7494966843032947,0.17109332126869514,0.010101010101010102,0.6855167755081882,0
MSME_04565,Kisumu,Services,11,1,104679.87,116836.04,1021916.57,594619.86,86800.52,69313.02,1.1161164403773105,0.5818667546737649,0.08333333333333333,0.6621364533940156,1
MSME_04566,Mombasa,Digital Commerce,100,50,359866.52,347679.15,649475.32,112046.56,49125.82,181624.69,0.9661309528573182,0.1725183144475537,0.009900990099009901,0.5046987569203244,0
MSME_04567,Mombasa,Manufacturing,51,50,52760.87,33024.43,532119.46,120044.3,82358.74,33460.84,0.6259146993842333,0.22559609904870037,0.019230769230769232,0.6341860134980052,1
MSME_04568,Machakos,Food Services,17,15,347842.53,234673.93,616737.0,360142.04,24866.29,302460.86,0.6746537157094742,0.5839465705048172,0.05555555555555555,0.8695313665888796,0
MSME_04569,Machakos,Agriculture,99,5,49134.24,34636.19,3528241.9,1606043.07,0.0,32092.78,0.7049154537557973,0.4551962876478828,0.01,0.6531519943730814,0
MSME_04570,Thika,Agriculture,82,2,507206.58,372658.14,1462158.97,787810.08,8690.8,473559.54,0.7347251001256724,0.5387988292416458,0.012048192771084338,0.9336602185637682,0
MSME_04571,Kisumu,Transport,104,10,75164.41,75305.16,410454.74,329963.64,17826.55,50772.17,1.001859232857241,0.8038957866687405,0.009523809523809525,0.6754725345075613,1
MSME_04572,Eldoret,Construction,86,2,93733.29,60824.88,1590503.56,1198909.17,22524.14,66443.59,0.6489074595860277,0.7537917212887462,0.011494252873563218,0.7088504110928883,0
MSME_04573,Nyeri,Construction,24,2,87035.83,69004.36,373046.51,302311.36,95080.36,74925.6,0.7928179369584117,0.8103829992056507,0.04,0.8608493668714727,0
MSME_04574,Eldoret,Construction,19,5,242183.91,266707.65,85213.77,50532.1,0.0,228224.66,1.1012562673702504,0.5929969651974651,0.05,0.9423570609746083,1
MSME_04575,Nyeri,Services,37,1,842492.09,763438.72,45910.45,22574.84,11391.28,562126.36,0.9061661502766747,0.49170392135295227,0.02631578947368421,0.6672177691095366,1
MSME_04576,Kakamega,Retail,103,1,135243.67,100894.9,1330331.49,621741.15,36722.73,74921.1,0.7460175694909085,0.4673577129579088,0.009615384615384616,0.5539671175211562,1
MSME_04577,Nyeri,Manufacturing,85,2,131807.24,148465.17,518499.6,358722.31,0.0,96927.85,1.1263724483385866,0.6918455060611309,0.011627906976744186,0.7353701862645311,1
MSME_04578,Nakuru,Retail,8,2,75111.68,55160.05,2414331.49,1248305.72,11254.09,57557.51,0.7343640248224402,0.5170396890943549,0.1111111111111111,0.766282204282952,1
MSME_04579,Kakamega,Agriculture,28,15,26177.45,28737.73,1160715.17,214285.47,0.0,24390.98,1.0977628545616718,0.1846148744528992,0.034482758620689655,0.9317197924246852,0
MSME_04580,Kakamega,Manufacturing,5,1,82990.13,82921.52,997131.5,212938.65,0.0,56953.23,0.9991612356645825,0.21355100751404651,0.16666666666666666,0.6862568325072812,0
MSME_04581,Thika,Food Services,17,1,37835.28,38110.97,424609.8,163757.65,36564.3,20463.77,1.0072599631887702,0.38566529631370655,0.05555555555555555,0.5408504747295453,0
MSME_04582,Meru,Services,101,1,20184.78,20602.94,1364055.79,210417.47,17619.35,16004.93,1.020666033217443,0.15425858479103352,0.00980392156862745,0.7928814244482998,1
MSME_04583,Nakuru,Digital Commerce,36,1,123377.46,108401.06,4695555.58,1368214.35,0.0,62860.87,0.8786060386877903,0.2913849139477306,0.02702702702702703,0.5094963091612588,1
MSME_04584,Kakamega,Services,118,1,77451.31,81170.39,64658.84,40419.58,126263.57,53552.8,1.0480047657713503,0.6251110426502757,0.008403361344537815,0.6914293453610357,1
MSME_04585,Nairobi,Construction,19,3,527852.64,559474.29,609411.91,67001.34,0.0,361231.2,1.0599041999596708,0.10994407716108277,0.05,0.6843396968902213,1
MSME_04586,Machakos,Services,64,2,56635.87,45210.59,3664560.14,2137443.72,0.0,34812.29,0.7982536817447715,0.5832741325199994,0.015384615384615385,0.6146577309092116,0
MSME_04587,Nakuru,Agriculture,91,5,260502.41,213661.34,184502.38,132451.59,0.0,243293.38,0.8201863461211506,0.7178816453118636,0.010869565217391304,0.9339354905181472,0
MSME_04588,Machakos,Digital Commerce,117,50,255460.39,278149.41,856159.7,202159.0,0.0,174104.89,1.0888119335763418,0.2361227278944245,0.00847457627118644,0.6815311307904494,0
MSME_04589,Meru,Agriculture,98,3,507439.66,450911.44,321259.6,78636.27,0.0,458024.27,0.8885993487396142,0.24477408683168744,0.010101010101010102,0.9026164162722002,0
MSME_04590,Machakos,Agriculture,11,1,110832.38,119346.4,529062.11,65119.66,14377.07,81107.11,1.0768091706668153,0.12308486221993442,0.08333333333333333,0.7317931655607723,0
MSME_04591,Nairobi,Agriculture,54,1,498342.28,470795.52,86868.21,44299.32,51382.94,433179.68,0.9447213174019322,0.5099542173803583,0.01818181818181818,0.8692395330383506,1
MSME_04592,Meru,Manufacturing,45,15,233502.18,216330.96,2377781.81,1482951.29,11423.34,164181.89,0.926458303480064,0.6236697833642763,0.021739130434782608,0.7031248568006655,1
MSME_04593,Eldoret,Digital Commerce,47,2,416351.29,256905.2,873895.74,406822.64,19942.36,393948.15,0.6170380376675724,0.4655271285255052,0.020833333333333332,0.9461894637351461,1
MSME_04594,Machakos,Services,12,10,1460306.27,1099379.77,128888.56,53045.25,77023.82,1150740.44,0.7528414002896802,0.4115558312092927,0.07692307692307693,0.7880125393061967,0
MSME_04595,Thika,Retail,118,10,117803.89,103211.72,1205428.61,558752.63,1140862.94,67168.97,0.8761242423807705,0.4635298696536913,0.008403361344537815,0.5701713231089134,1
MSME_04596,Nyeri,Services,21,15,158072.57,145904.85,936215.6,678964.69,71578.33,79493.73,0.9230186298696234,0.7252218023051503,0.045454545454545456,0.5028907109518688,1
MSME_04597,Kisumu,Retail,118,25,92798.33,87855.8,319147.85,40471.6,150516.25,85189.35,0.9467288179774574,0.12681104757231618,0.008403361344537815,0.9179953131127132,0
MSME_04598,Meru,Construction,11,3,623004.88,619218.6,7739432.78,5626992.13,19761.61,504048.56,0.9939209562516488,0.7270547549022378,0.08333333333333333,0.8090590734071402,1
MSME_04599,Meru,Food Services,103,2,1802441.64,1732017.34,1355004.39,857817.63,0.0,987433.05,0.9609278551022296,0.6330732234209047,0.009615384615384616,0.5478304985061827,1
MSME_04600,Kakamega,Agriculture,92,25,277663.47,296188.4,3430663.97,1005669.1,0.0,231729.36,1.0667133609136237,0.2931411574124068,0.010752688172043012,0.8345661221977735,0
MSME_04601,Mombasa,Digital Commerce,5,2,26633.33,20308.15,601176.97,312486.85,0.0,16039.04,0.7624802275859764,0.519790919816972,0.16666666666666666,0.602194235785169,1
MSME_04602,Nakuru,Digital Commerce,81,1,55099.18,52502.0,103774.94,14469.6,43816.46,47614.16,0.9528462520449117,0.13943116294586202,0.012195121951219513,0.8641380118903423,0
MSME_04603,Nakuru,Construction,56,3,424891.83,266890.59,44876.91,18115.5,55518.3,329063.94,0.6281362526169246,0.4036618461064697,0.017543859649122806,0.7744633864497078,0
MSME_04604,Nairobi,Agriculture,20,3,42431.39,36665.16,216067.62,51690.72,100086.01,23576.87,0.8640842526192846,0.23923288814451632,0.047619047619047616,0.5556337976720143,0
MSME_04605,Nakuru,Construction,41,15,73091.5,54629.91,3676407.01,433228.94,0.0,38879.35,0.7474078735848412,0.11784027747235815,0.023809523809523808,0.5319198276156925,0
MSME_04606,Kisumu,Retail,46,3,70572.25,57127.38,395611.21,152576.01,222061.02,50088.87,0.8094763950930416,0.38567062932663276,0.02127659574468085,0.7097429975238494,0
MSME_04607,Mombasa,Digital Commerce,12,2,123358.44,98077.92,2544481.67,1732511.96,70291.68,113687.39,0.7950580839212629,0.680889667839632,0.07692307692307693,0.9215945694954516,0
MSME_04608,Thika,Construction,70,25,172251.37,109075.92,179919.81,150560.04,4122.27,129892.12,0.6332332031193533,0.8368128178169052,0.014084507042253521,0.7540803067034724,1
MSME_04609,Kisumu,Food Services,17,10,20142.12,17254.85,329357.82,207433.12,4131.65,16951.59,0.8566125803748377,0.629808911751627,0.05555555555555555,0.8415573158477933,1
MSME_04610,Kakamega,Construction,115,3,28927.88,33181.61,391527.5,165058.64,0.0,20575.33,1.1470063825492034,0.4215750322134915,0.008620689655172414,0.7112383887658285,1
MSME_04611,Meru,Transport,19,1,29626.57,22646.99,955689.64,859735.43,0.0,19933.83,0.7643890470936362,0.8995959508403264,0.05,0.6728135314506051,1
MSME_04612,Meru,Manufacturing,26,2,33388.69,33551.64,143972.24,46986.03,0.0,29047.94,1.0048502995984687,0.3263525221770379,0.037037037037037035,0.8699673462077664,0
MSME_04613,Machakos,Digital Commerce,48,3,135402.47,122036.02,281181.43,70212.45,0.0,95935.89,0.9012769022832281,0.24970425783716285,0.02040816326530612,0.7085186960127388,1
MSME_04614,Machakos,Services,108,1,161874.73,126080.0,551401.76,259680.35,0.0,91247.85,0.7788690744437106,0.4709449586360431,0.009174311926605505,0.5636907398039225,0
MSME_04615,Mombasa,Digital Commerce,108,1,367024.63,238303.18,145588.72,73366.4,0.0,228852.42,0.6492821223411563,0.5039256892588295,0.009174311926605505,0.6235325309570343,0
MSME_04616,Thika,Construction,52,5,232101.35,166816.31,88299.39,33894.49,33909.28,174684.71,0.718718746277235,0.38385436349714874,0.018867924528301886,0.7526193078182964,0
MSME_04617,Nakuru,Digital Commerce,96,2,74439.55,76674.18,754850.17,495483.1,0.0,50705.22,1.0300055547682008,0.6563983997004336,0.010309278350515464,0.6811505288448299,1
MSME_04618,Kakamega,Construction,70,2,167699.38,126354.96,148303.55,36644.55,9982.11,111499.43,0.7534566111299211,0.24708985664971173,0.014084507042253521,0.6648728524049855,0
MSME_04619,Mombasa,Retail,55,1,382402.19,259791.19,3133075.66,1592454.03,0.0,306282.7,0.6793645994428028,0.508271645673681,0.017857142857142856,0.8009418017668734,0
MSME_04620,Mombasa,Services,100,2,106150.94,83032.76,3238173.97,1619415.88,0.0,83471.17,0.7822067123785019,0.5001014136058249,0.009900990099009901,0.7863367358147199,1
MSME_04621,Kakamega,Manufacturing,102,5,97692.63,89996.76,362171.68,274898.86,0.0,62651.43,0.9212142081320961,0.7590270475398642,0.009708737864077669,0.6413051700504936,1
MSME_04622,Nyeri,Retail,75,1,51794.68,51116.42,1502171.32,1264189.17,78513.62,34274.71,0.9868857788912125,0.8415740013103157,0.013157894736842105,0.6617291248999917,1
MSME_04623,Nairobi,Services,33,1,59585.9,48446.36,792416.17,499707.7,28278.78,49958.6,0.8130370937236204,0.6306119035759914,0.029411764705882353,0.8384158262973909,0
MSME_04624,Machakos,Food Services,62,3,264494.11,231162.81,2627028.77,904478.84,14238.87,241900.87,0.8739776323274937,0.3442971413300733,0.015873015873015872,0.9145759632380349,0
MSME_04625,Eldoret,Agriculture,88,50,132743.7,112859.25,420869.88,274276.19,0.0,85738.71,0.8501977856743056,0.6516872585720352,0.011235955056179775,0.645891775716846,1
MSME_04626,Kakamega,Transport,23,3,944481.16,571365.62,1345829.62,405225.13,125422.25,596293.37,0.6049512041603835,0.30109667886735997,0.041666666666666664,0.6313442384131427,0
MSME_04627,Machakos,Manufacturing,15,1,67730.56,55375.17,1060386.33,925967.0,31061.35,41950.68,0.8175682060179922,0.8732346886868215,0.0625,0.6193668062569355,1
MSME_04628,Mombasa,Transport,27,2,285321.86,263359.47,997464.48,755968.05,0.0,160829.69,0.9230226768370399,0.7578889346626814,0.03571428571428571,0.5636761456828241,1
MSME_04629,Nairobi,Agriculture,75,10,196105.71,179136.6,348333.29,154991.67,12838.02,131337.56,0.9134649191758916,0.444950940661053,0.013157894736842105,0.6697249675954484,1
MSME_04630,Mombasa,Services,64,1,121859.69,123367.36,3026292.19,2201551.35,0.0,89226.0,1.0123638722216328,0.7274745742662164,0.015384615384615385,0.7321967403926566,1
MSME_04631,Thika,Retail,115,3,86206.25,83508.58,447059.04,190860.46,0.0,63951.67,0.968695556348219,0.4269235514764415,0.008620689655172414,0.741836330471045,1
MSME_04632,Nakuru,Food Services,114,2,242826.35,182664.6,443766.59,70864.26,19868.81,196923.34,0.7522406351673319,0.15968777710873386,0.008695652173913044,0.8109602975117918,0
MSME_04633,Machakos,Services,81,1,229274.16,169801.36,307370.25,204528.81,35251.73,120059.03,0.7406007698348133,0.6654129493243106,0.012195121951219513,0.5236460417255843,1
MSME_04634,Meru,Agriculture,51,10,163078.74,139477.66,330469.39,140016.93,15840.31,122738.59,0.8552727641091408,0.4236897895753988,0.019230769230769232,0.7526292965637547,1
MSME_04635,Meru,Transport,53,5,203950.87,204589.91,547068.13,461865.47,0.0,125377.78,1.0031283851430242,0.8442543084088842,0.018518518518518517,0.6147419977075964,1
MSME_04636,Eldoret,Digital Commerce,78,3,138204.09,90054.48,1251307.1,432012.49,0.0,83973.58,0.6516003137076933,0.3452486961444587,0.012658227848101266,0.6076012106355851,0
MSME_04637,Thika,Transport,91,1,25817.79,28956.71,1867337.2,1446563.12,11891.08,22083.94,1.1215362919796008,0.7746658425345768,0.010869565217391304,0.8553437244735326,1
MSME_04638,Nyeri,Services,82,1,144983.25,130301.41,851170.06,548451.66,0.0,82504.86,0.8987280342519963,0.6443495153606373,0.012048192771084338,0.5690608462643356,1
MSME_04639,Nakuru,Transport,92,3,101869.68,78289.36,3990895.85,3123513.32,19423.55,66021.24,0.768517104234506,0.7826594966993446,0.010752688172043012,0.6480887336768539,1
MSME_04640,Kakamega,Retail,51,3,933077.48,915689.75,840040.75,280158.21,220132.23,734273.44,0.9813641291995074,0.3335051025737709,0.019230769230769232,0.7869364214679991,1
MSME_04641,Kisumu,Digital Commerce,47,1,251044.54,156802.22,84570.55,39670.04,39060.34,198147.7,0.624596716595722,0.4690707454220716,0.020833333333333332,0.7892898635044463,0
MSME_04642,Mombasa,Construction,111,1,163000.59,141226.69,182525.84,138446.44,0.0,85027.56,0.8664129595300267,0.758499078820408,0.008928571428571428,0.5216363840377263,1
MSME_04643,Kakamega,Transport,4,1,211679.81,183586.37,1689638.83,1039220.9,0.0,112751.56,0.8672792304602387,0.6150546889037293,0.2,0.5326489444177769,1
MSME_04644,Nakuru,Retail,7,50,47900.53,33007.6,493644.54,191503.24,106554.91,38076.78,0.6890719356980873,0.3879367369550224,0.125,0.7948969479680503,0
MSME_04645,Meru,Digital Commerce,109,5,72419.54,76805.51,454753.76,231740.92,12094.97,67271.81,1.060548706209592,0.5095953696009691,0.00909090909090909,0.9289051144882378,0
MSME_04646,Eldoret,Transport,35,15,95340.61,98987.07,229266.82,205624.48,0.0,90509.36,1.038235771348942,0.8968745810031256,0.027777777777777776,0.949316463189577,1
MSME_04647,Nairobi,Manufacturing,48,1,196500.94,134407.2,451212.3,312905.98,57518.97,185536.07,0.6839993538995086,0.6934768545164781,0.02040816326530612,0.9441945967556351,0
MSME_04648,Eldoret,Construction,73,25,86270.91,69025.79,459322.01,271743.23,60099.64,56784.47,0.8000957669767598,0.5916168449736493,0.013513513513513514,0.6582034639084726,1
MSME_04649,Thika,Digital Commerce,72,1,80705.46,52881.14,1314172.08,1001831.62,56007.69,49134.66,0.6552280945044547,0.7623285206846574,0.0136986301369863,0.6088070273432883,1
MSME_04650,Kakamega,Digital Commerce,116,2,45804.44,48861.19,543855.99,246706.28,54457.99,24935.58,1.0667115085020469,0.4536234424421023,0.008547008547008548,0.5443803181456176,1
MSME_04651,Thika,Manufacturing,45,10,136642.2,106283.86,3374646.73,2902368.98,31621.59,88355.86,0.777820337931196,0.8600509481918577,0.021739130434782608,0.6466173216083932,1
MSME_04652,Eldoret,Construction,81,2,157245.91,132341.93,332388.7,180027.36,79185.7,98213.3,0.8416186365760701,0.5416153388627866,0.012195121951219513,0.6245801586816555,1
MSME_04653,Machakos,Agriculture,81,2,204540.91,159159.33,932214.79,336993.52,0.0,155360.74,0.7781257640549069,0.3614973309988667,0.012195121951219513,0.7595545577920926,0
MSME_04654,Eldoret,Services,113,1,66435.3,51189.35,100015.05,16884.14,239935.02,44242.82,0.7705027221564115,0.16881430530399869,0.008771929824561403,0.6659434676524731,0
MSME_04655,Kakamega,Agriculture,97,1,193063.76,195190.6,1608452.65,644275.64,3322.19,116646.9,1.0110110203436402,0.40055592525156075,0.01020408163265306,0.6041853521067231,0
MSME_04656,Kisumu,Construction,96,3,47085.75,47611.29,132595.36,73578.58,12185.95,36521.84,1.0111398641868465,0.5549064846123982,0.010309278350515464,0.7756288127764179,1
MSME_04657,Kisumu,Food Services,72,3,107037.68,94705.17,1445593.53,957848.12,0.0,69080.03,0.8847752046269629,0.662598052304473,0.0136986301369863,0.6453744571588514,1
MSME_04658,Nakuru,Transport,19,5,180154.87,173253.01,80116.36,64100.57,33010.94,118746.93,0.9616839573420506,0.8000834026483149,0.05,0.6591343929009917,1
MSME_04659,Kakamega,Transport,63,3,102876.83,90677.16,211030.26,180466.47,0.0,79142.96,0.8814062271725599,0.8551646329553261,0.015625,0.7692907208482139,0
MSME_04660,Machakos,Retail,38,3,27949.53,17209.2,1993590.56,362759.87,0.0,15461.63,0.6157020993877398,0.18196298443398304,0.02564102564102564,0.5531784191569892,0
MSME_04661,Meru,Construction,67,1,31488.18,20036.04,4766816.35,2768204.6,0.0,26714.95,0.6362833201753746,0.580723865998348,0.014705882352941176,0.8483850643300334,0
MSME_04662,Nyeri,Digital Commerce,59,1,166191.31,134790.68,28013.13,17739.92,10472.16,155296.72,0.811052448816675,0.6332490068404765,0.016666666666666666,0.9344398666821587,1
MSME_04663,Mombasa,Agriculture,69,50,237910.86,240851.56,197245.5,46875.6,31177.57,171503.27,1.0123562566405895,0.2376498442304426,0.014285714285714285,0.7208689386060871,0
MSME_04664,Meru,Construction,13,1,187084.71,206218.69,6553094.09,3515607.48,57565.44,140675.82,1.1022685270831214,0.5364804617843566,0.07142857142857142,0.7519324698823872,0
MSME_04665,Thika,Manufacturing,47,3,243711.93,150209.31,864947.07,318185.4,15369.21,164039.9,0.6163370568808146,0.3678664778106275,0.020833333333333332,0.6730865695143873,0
MSME_04666,Thika,Retail,110,1,100655.34,80767.51,211384.71,34230.34,4196.36,93662.13,0.8024085715812834,0.16193308431303136,0.009009009009009009,0.9305139646444527,0
MSME_04667,Thika,Manufacturing,61,5,278853.52,201633.5,4292737.66,655470.1,47842.12,156109.18,0.7230777539485463,0.1526927567493708,0.016129032258064516,0.5598230216960441,0
MSME_04668,Nairobi,Retail,31,5,186476.42,195494.96,1472547.61,1041636.57,0.0,161504.4,1.0483572756422734,0.7073699047530932,0.03125,0.8660801935161908,1
MSME_04669,Meru,Agriculture,119,1,70301.14,74890.57,832361.78,493061.45,0.0,55727.12,1.065267287738325,0.5923636446117881,0.008333333333333333,0.79268027971837,1
MSME_04670,Thika,Transport,80,1,222894.47,159040.75,73087.78,49122.1,22672.56,190836.3,0.7135216790184206,0.6720881098302639,0.012345679012345678,0.8561694860824224,0
MSME_04671,Nyeri,Construction,114,3,179162.81,177542.28,9022073.54,5848311.28,0.0,166210.56,0.9909494556964378,0.6482224519506132,0.008695652173913044,0.9277016379591392,1
MSME_04672,Nairobi,Transport,96,2,709626.52,711376.33,999346.81,207314.34,9039.88,513250.54,1.0024644055518026,0.2074496365784801,0.010309278350515464,0.7232675249122243,0
MSME_04673,Eldoret,Agriculture,22,1,529304.92,369127.58,503031.66,111296.86,0.0,333329.07,0.6973804109351356,0.22125175729146496,0.043478260869565216,0.6297474813808996,0
MSME_04674,Kisumu,Construction,93,5,121503.27,101884.47,4214706.63,1272786.52,16352.15,103372.58,0.8385258394622674,0.30198690674066997,0.010638297872340425,0.8507732279696837,0
MSME_04675,Meru,Digital Commerce,86,1,87756.34,82595.02,242795.96,101799.6,499513.63,77230.56,0.9411750629633944,0.4192787257303387,0.011494252873563218,0.8800467288548172,0
MSME_04676,Mombasa,Manufacturing,43,10,633560.8,389219.61,196365.58,167174.07,0.0,512433.39,0.6143356654394251,0.8513366683882767,0.022727272727272728,0.8088135837735166,0
MSME_04677,Nakuru,Food Services,67,2,231315.88,190263.21,226871.14,144996.5,0.0,204032.34,0.822521944788465,0.6391110869761267,0.014705882352941176,0.8820469133078398,1
MSME_04678,Kisumu,Food Services,54,1,111954.99,76714.59,462364.18,140622.31,0.0,92771.2,0.6852209515542669,0.30413689456459503,0.01818181818181818,0.8286398968023059,0
MSME_04679,Meru,Agriculture,10,3,18232.09,16373.2,753229.23,109058.01,24568.17,16971.58,0.8979937026581891,0.14478708588209477,0.09090909090909091,0.9308120565411568,0
MSME_04680,Kisumu,Digital Commerce,42,2,62598.75,66580.32,1572487.64,1017995.7,0.0,47375.14,1.0635876341359192,0.6473787308250443,0.023255813953488372,0.7567943961437545,1
MSME_04681,Nairobi,Retail,64,1,58394.2,51889.94,162551.44,97572.28,20130.65,39194.95,0.8885994054305835,0.6002510943545357,0.015384615384615385,0.6712015713620297,1
MSME_04682,Machakos,Transport,21,2,115107.23,71342.42,1049623.83,672400.29,223931.34,92803.39,0.6197855705017791,0.6406101216184072,0.045454545454545456,0.8062272350117798,0
MSME_04683,Nairobi,Manufacturing,80,1,247339.79,152438.35,353955.96,109352.47,36446.5,131362.52,0.6163089800109396,0.30894284435034136,0.012345679012345678,0.5310992982597007,0
MSME_04684,Nairobi,Services,76,1,288154.83,268856.16,640731.18,329060.68,0.0,208703.58,0.9330234963491801,0.5135697726310546,0.012987012987012988,0.7242733211401622,0
MSME_04685,Nyeri,Food Services,66,1,597216.93,466062.03,3112611.78,1211933.5,0.0,506458.01,0.7803885425877953,0.38936211654313135,0.014925373134328358,0.8480288091819346,0
MSME_04686,Meru,Transport,41,2,338201.06,309442.67,1317740.58,993786.12,133860.33,194815.22,0.9149638828338301,0.7541585809260113,0.023809523809523808,0.5760320324482944,0
MSME_04687,Nakuru,Agriculture,24,1,36298.51,25045.99,1456181.71,226461.49,0.0,24689.64,0.6899814901082687,0.15551722214858602,0.04,0.6801645531854286,0
MSME_04688,Kakamega,Services,35,3,373251.44,383431.61,348246.36,111561.92,158294.16,245460.98,1.0272715430875683,0.3203525218396487,0.027777777777777776,0.6576272615927172,0
MSME_04689,Nakuru,Transport,56,3,754133.51,809483.77,7352596.97,4281880.39,0.0,490741.87,1.0733944134183702,0.5823629154580309,0.017543859649122806,0.650735198419709,1
MSME_04690,Eldoret,Construction,30,2,717700.82,781629.36,1633927.21,431649.29,11005.97,568980.27,1.0890725621958155,0.2641788588740995,0.03225806451612903,0.7927808654574682,0
MSME_04691,Eldoret,Food Services,57,5,39621.87,30399.52,438110.74,279589.46,60283.49,28681.21,0.7672215566414042,0.6381692944361638,0.017241379310344827,0.7238549352936826,1
MSME_04692,Mombasa,Digital Commerce,94,10,110073.48,106045.28,2868528.09,600721.42,46549.76,94530.21,0.9633956935340507,0.2094179285453926,0.010526315789473684,0.8587840705674922,1
MSME_04693,Meru,Manufacturing,47,3,348353.74,262475.25,1443720.5,170719.71,111673.86,183245.3,0.7534711598871886,0.118249752462646,0.020833333333333332,0.5260307352212288,0
MSME_04694,Kakamega,Retail,35,3,41842.04,42658.64,160233.5,126711.95,0.0,29467.64,1.0194918916025222,0.7907906849024399,0.027777777777777776,0.7042423303851727,1
MSME_04695,Meru,Retail,19,1,23744.0,15820.36,927297.28,340091.4,22295.68,12021.57,0.6662606864603074,0.36675512867337573,0.05,0.5062779532533165,0
MSME_04696,Meru,Construction,114,15,182399.7,185960.26,228249.93,51465.61,0.0,109327.99,1.0195150566856377,0.2254782050614208,0.008695652173913044,0.5993836098216728,0
MSME_04697,Meru,Services,8,1,67806.18,57082.68,63067.22,15020.54,0.0,57561.96,0.8418382832024575,0.2381633729317238,0.1111111111111111,0.8489065612225727,0
MSME_04698,Nairobi,Services,26,2,26070.22,27909.53,433986.93,350972.31,0.0,14279.26,1.0705110846366221,0.8087144497313554,0.037037037037037035,0.54770202545182,1
MSME_04699,Machakos,Digital Commerce,113,5,455668.31,458590.04,2844352.29,1773582.0,11325.97,249483.27,1.0064097579887483,0.6235449042970327,0.008771929824561403,0.54750948664943,1
MSME_04700,Machakos,Construction,104,1,157048.92,126751.95,4278999.91,3701664.46,53382.71,106894.92,0.8070806403467126,0.8650768106520453,0.009523809523809525,0.6806429446127702,0
MSME_04701,Nakuru,Transport,71,1,79166.43,86841.34,395193.37,292455.84,10741.18,67261.68,1.096932665365037,0.7400303804935279,0.013888888888888888,0.8496130289943731,1
MSME_04702,Kakamega,Retail,30,3,50833.76,38421.96,517883.56,369786.55,4800.27,40011.78,0.7558206235261069,0.7140327759530039,0.03225806451612903,0.787094893336764,1
MSME_04703,Nairobi,Food Services,7,3,158667.51,179586.83,3895615.96,1947249.07,29911.86,135151.38,1.1318366196291878,0.4998564001528528,0.125,0.8517845160328285,1
MSME_04704,Nairobi,Digital Commerce,67,5,223109.33,228009.23,1631123.87,1234179.96,50681.78,116529.29,1.0219572979879508,0.7566434567330212,0.014705882352941176,0.5222944630129855,1
MSME_04705,Nairobi,Manufacturing,65,10,184597.43,211340.28,1312398.58,564491.54,0.0,139126.76,1.1448649915386604,0.43012170119713083,0.015151515151515152,0.7536724987314357,1
MSME_04706,Kisumu,Services,36,1,29175.56,18370.32,862311.35,656736.67,0.0,20539.06,0.6296259737268547,0.7615995178545223,0.02702702702702703,0.7039575604526374,0
MSME_04707,Kakamega,Retail,25,1,214668.89,161156.19,1740600.64,1229200.05,0.0,193891.0,0.7507163207658046,0.7061926300379678,0.038461538461538464,0.9032053819937206,0
MSME_04708,Kisumu,Retail,37,3,266852.01,268905.53,703749.52,452335.64,0.0,221968.22,1.0076915752233786,0.642749990436952,0.02631578947368421,0.8317995738552846,1
MSME_04709,Nakuru,Agriculture,1,2,94522.76,104659.13,4571795.09,1663095.38,0.0,65310.83,1.1072256330048658,0.3637728689688783,0.5,0.6909461705712935,1
MSME_04710,Mombasa,Retail,15,3,376852.97,232075.08,631936.3,382049.29,0.0,282350.35,0.6158223037958178,0.6045683487902992,0.0625,0.7492301328283738,1
MSME_04711,Meru,Retail,37,1,56844.95,34107.26,620024.38,313378.98,548152.51,39289.81,0.5999945466651538,0.5054292777498882,0.02631578947368421,0.6911628708817427,0
MSME_04712,Kakamega,Food Services,13,2,484360.52,358878.91,61905.63,29048.24,299510.38,338333.63,0.7409319179607826,0.4692266401837736,0.07142857142857142,0.698514675567126,0
MSME_04713,Meru,Digital Commerce,104,2,152103.38,162602.81,2596607.15,2316685.28,121729.78,119452.42,1.0690212208221748,0.8921967220968631,0.009523809523809525,0.7853318885360171,1
MSME_04714,Kakamega,Retail,8,3,81131.82,82911.38,229742.99,115679.79,30921.97,48471.45,1.021921584877735,0.5035160658609611,0.1111111111111111,0.597433319832837,1
MSME_04715,Nyeri,Agriculture,5,2,96911.31,76283.99,42444.79,5330.6,7589.59,62985.83,0.7871444814389421,0.12558607108031208,0.16666666666666666,0.6499260001128856,0
MSME_04716,Mombasa,Agriculture,60,2,361958.51,217575.5,588506.96,353795.26,0.0,226449.03,0.6011045268571614,0.6011732789476629,0.01639344262295082,0.625619782721001,0
MSME_04717,Kisumu,Construction,73,2,168930.45,152896.95,486055.06,331688.19,68458.78,145341.18,0.9050828013374655,0.6824072721158955,0.013513513513513514,0.8603559609533925,1
MSME_04718,Machakos,Agriculture,1,1,253994.36,185638.26,1251456.93,1011361.28,0.0,234658.93,0.7308726427128434,0.8081464472401402,0.5,0.9238709321304137,1
MSME_04719,Meru,Retail,36,1,390299.36,394235.49,1589556.47,963506.13,0.0,267915.25,1.0100823119917184,0.6061474015154671,0.02702702702702703,0.6864335200715674,1
MSME_04720,Nakuru,Construction,35,2,78749.16,66581.81,270143.57,31219.33,0.0,42106.82,0.8454815837834487,0.11556526936669503,0.027777777777777776,0.5346886914261507,0
MSME_04721,Meru,Transport,66,2,151342.13,147290.86,19075103.69,3734818.87,0.0,82042.26,0.9732246187851407,0.19579545856741506,0.014925373134328358,0.5420943785158929,1
MSME_04722,Nakuru,Transport,63,2,106462.07,113783.45,572860.17,131180.42,147591.98,72374.52,1.0687598056302527,0.22899164207621195,0.015625,0.6798086885903253,0
MSME_04723,Mombasa,Services,104,2,368449.15,329639.62,96197.68,25878.05,87869.73,249713.84,0.8946654520292636,0.2690062898991961,0.009523809523809525,0.6777411815411121,0
MSME_04724,Nyeri,Services,23,3,90902.66,71338.18,4873779.63,3605727.04,0.0,51430.03,0.7847668619723341,0.73982136532887,0.041666666666666664,0.5657641287490515,1
MSME_04725,Meru,Food Services,9,10,139780.94,143030.7,1748184.67,608032.68,0.0,120659.68,1.0232416290688198,0.3478078389694157,0.1,0.8631993517903671,1
MSME_04726,Mombasa,Services,34,1,1323413.05,987071.57,1191393.77,416856.6,0.0,959554.72,0.7458524185986992,0.34988956683098416,0.02857142857142857,0.72506009740489,0
MSME_04727,Machakos,Digital Commerce,46,1,481719.02,525235.28,432628.71,304773.93,55910.0,264500.8,1.0903330943148264,0.7044683315900796,0.02127659574468085,0.5490757888783613,1
MSME_04728,Thika,Transport,78,1,47323.95,30253.5,770648.57,331339.78,0.0,25764.3,0.6392716738211028,0.42994869899168314,0.012658227848101266,0.5444126195590275,0
MSME_04729,Meru,Food Services,4,3,328396.21,347938.33,54052.25,8200.35,5384.53,230101.98,1.059504525023218,0.15170873166738355,0.2,0.7006818967798173,0
MSME_04730,Eldoret,Services,30,2,265340.53,172565.71,526885.32,299324.16,0.0,146620.92,0.6503531882099269,0.5681000789695964,0.03225806451612903,0.5525743369309735,0
MSME_04731,Nairobi,Food Services,95,1,44327.64,27965.21,13910305.5,2838455.55,33886.21,33358.24,0.6308609964122518,0.20405413424930643,0.010416666666666666,0.752521169158359,0
MSME_04732,Eldoret,Construction,102,3,119365.35,95467.37,232066.6,129338.01,0.0,80363.56,0.7997846126651271,0.5573290282659018,0.009708737864077669,0.6732513811471993,1
MSME_04733,Kakamega,Agriculture,75,1,51652.66,58166.17,901781.36,652628.63,72286.81,47202.96,1.1260803203490324,0.7237096875569844,0.013157894736842105,0.9138357281942847,1
MSME_04734,Nyeri,Manufacturing,99,3,12178.14,13894.25,96580.03,81474.11,0.0,8384.77,1.1408235721077187,0.8435829479143058,0.01,0.6884533719129594,1
MSME_04735,Nyeri,Food Services,72,2,115154.33,81890.71,390490.33,59995.75,152126.42,89416.6,0.711132606714774,0.15364169545070308,0.0136986301369863,0.776486854755225,0
MSME_04736,Nakuru,Digital Commerce,3,5,80330.92,54765.66,159814.63,54844.11,0.0,69495.03,0.6817422016055387,0.3431711278802956,0.25,0.8650985809874829,0
MSME_04737,Kakamega,Retail,14,1,44315.85,35192.29,1218077.34,757609.01,22908.09,28197.92,0.7941063049381895,0.6219706771897774,0.06666666666666667,0.6362798800004964,0
MSME_04738,Thika,Agriculture,60,15,131981.06,103657.63,945055.88,333002.16,0.0,96392.34,0.7853918176455195,0.35236202925690563,0.01639344262295082,0.730344260424485,1
MSME_04739,Thika,Retail,77,5,15984.7,16268.85,152730.09,70381.15,220706.29,8862.29,1.017712705730747,0.46081744064027824,0.01282051282051282,0.5543886098200267,0
MSME_04740,Kakamega,Retail,45,1,138867.42,117231.8,810934.67,94127.37,0.0,96477.62,0.8441933738426634,0.11607254864001727,0.021739130434782608,0.6947412521867822,0
MSME_04741,Kakamega,Services,96,1,135320.07,139235.69,846203.63,554092.79,0.0,90545.31,1.0289283849144852,0.6547976344681546,0.010309278350515464,0.6691146471129735,1
MSME_04742,Nairobi,Transport,34,2,262692.53,265790.25,899781.55,725785.49,0.0,181963.2,1.011788337535378,0.8066232113525651,0.02857142857142857,0.692682457767422,1
MSME_04743,Eldoret,Retail,45,10,26817.79,24620.63,2032376.21,1791514.67,144284.19,14705.12,0.9180365706282797,0.8814872855221595,0.021739130434782608,0.5483140738265969,1
MSME_04744,Nyeri,Construction,61,10,1131918.18,1198058.03,4770935.94,3647030.72,0.0,768889.73,1.0584307176418728,0.7644265195423019,0.016129032258064516,0.6792797079381586,1
MSME_04745,Eldoret,Food Services,83,2,771276.51,545760.09,349195.05,43796.4,0.0,687685.62,0.7076053468744343,0.12542066269077215,0.011904761904761904,0.8916189193692423,0
MSME_04746,Machakos,Digital Commerce,102,10,61499.56,42372.94,505030.25,313867.8,0.0,56682.59,0.6889846206278447,0.6214819379988862,0.009708737864077669,0.9216597377324695,0
MSME_04747,Nairobi,Retail,16,1,573629.42,581004.94,592487.51,294186.28,38343.05,349212.57,1.0128558732990485,0.4965265571141625,0.058823529411764705,0.608776239586457,1
MSME_04748,Meru,Digital Commerce,66,1,313976.09,230658.89,152889.84,130004.74,0.0,199445.64,0.7346360525858749,0.8503108492307323,0.014925373134328358,0.6352235444949184,1
MSME_04749,Mombasa,Retail,40,15,85868.72,51653.2,217650.87,178846.13,137909.05,43303.63,0.601529852432266,0.8217072979892156,0.024390243902439025,0.5042945289678363,1
MSME_04750,Machakos,Services,17,5,72630.99,80008.71,1433873.85,1276774.24,26664.64,40093.14,1.1015629614443994,0.8904363166701752,0.05555555555555555,0.5520038759780642,1
MSME_04751,Eldoret,Transport,119,2,78337.01,73841.67,7348060.47,5801641.89,119433.31,51334.54,0.9426033415962444,0.789547272254923,0.008333333333333333,0.6552954306600334,0
MSME_04752,Kakamega,Retail,34,5,2249838.24,1900473.76,209490.47,112604.0,0.0,1818541.86,0.8447153584182308,0.5375111454418645,0.02857142857142857,0.8082985787020054,1
MSME_04753,Nyeri,Food Services,106,25,519238.93,518800.21,11431084.53,7680779.03,21054.28,327895.18,0.9991531467928517,0.6719203534819498,0.009345794392523364,0.6314906867813498,1
MSME_04754,Nyeri,Food Services,16,5,108795.7,85223.2,369673.62,322259.94,0.0,58089.15,0.7833252295336164,0.871739423171653,0.058823529411764705,0.5339238230571332,1
MSME_04755,Nairobi,Retail,102,10,118607.81,133376.42,3122925.96,1756625.19,0.0,98312.89,1.1245068557723497,0.562493203491381,0.009708737864077669,0.8288835374033345,1
MSME_04756,Machakos,Food Services,60,5,310968.91,198317.67,1221077.79,942651.72,0.0,220801.74,0.6377390982941084,0.7719827153823546,0.01639344262295082,0.710042138803719,0
MSME_04757,Kisumu,Construction,66,1,297641.27,283509.71,921474.22,786725.11,10760.59,218361.17,0.9525183032638476,0.8537669737879658,0.014925373134328358,0.733636287614659,1
MSME_04758,Nakuru,Services,66,10,51181.01,52588.96,436957.08,243136.09,0.0,33099.34,1.027489150973164,0.5564288684168514,0.014925373134328358,0.6466987130829758,1
MSME_04759,Kisumu,Construction,90,1,179429.68,153954.12,743417.89,168996.28,0.0,139214.09,0.8580144711038269,0.2273230910234202,0.01098901098901099,0.7758655877579018,0
MSME_04760,Mombasa,Food Services,13,15,76684.62,77852.73,310797.95,69758.82,556911.0,69081.39,1.0152194114098576,0.2244499860762078,0.07142857142857142,0.9008389056514117,1
MSME_04761,Nyeri,Transport,56,2,155158.09,172194.56,2268909.36,436206.31,0.0,116243.09,1.1097935673636652,0.19225365518627188,0.017543859649122806,0.7491864640350753,1
MSME_04762,Kakamega,Digital Commerce,111,3,127005.65,128173.68,2789677.56,1341998.23,2368.84,97080.87,1.0091887314561876,0.4810583732629038,0.008928571428571428,0.7643762747856117,1
MSME_04763,Eldoret,Agriculture,31,2,368665.3,283928.24,334168.47,161775.39,22882.81,246306.44,0.770149699063896,0.48411181907192186,0.03125,0.6681013154714711,0
MSME_04764,Nyeri,Construction,34,1,101897.54,92626.44,101868.49,60499.39,0.0,54737.71,0.909006547100675,0.5938911640767024,0.02857142857142857,0.5371785503501817,1
MSME_04765,Nairobi,Agriculture,39,1,149989.04,165195.22,492170.89,239341.84,0.0,103918.95,1.1013745979399698,0.4862972568384594,0.025,0.6928390045098994,0
MSME_04766,Kakamega,Manufacturing,67,50,20371.83,17255.02,7929874.55,6965950.82,0.0,18662.38,0.8469623513277241,0.8784439019348798,0.014705882352941176,0.9160425920208434,1
MSME_04767,Mombasa,Services,8,25,184177.07,179560.52,963518.46,320898.53,7819.02,148464.54,0.9749288826840241,0.33304831227798976,0.1111111111111111,0.8060923865691502,1
MSME_04768,Thika,Digital Commerce,87,2,61174.04,52367.0,2911408.22,2326370.35,39103.45,44081.95,0.8560190561379282,0.7990530269736523,0.011363636363636364,0.7205871871926851,1
MSME_04769,Thika,Agriculture,78,50,29227.49,19487.12,239577.47,43187.28,0.0,22779.83,0.6667166179299717,0.18026361049888998,0.012658227848101266,0.7793707440924933,0
MSME_04770,Kisumu,Services,55,10,412138.29,260565.66,406993.91,236680.85,107615.82,309656.63,0.6322271773700586,0.5815327027062821,0.017857142857142856,0.7513397472975702,0
MSME_04771,Kakamega,Construction,27,3,127801.13,143616.61,502389.19,310808.18,9210.58,116373.33,1.1237419125956662,0.6186589351993517,0.03571428571428571,0.9105742603820453,1
MSME_04772,Nairobi,Construction,118,1,16694.6,15641.14,178917.95,128424.46,32743.32,10028.97,0.9368420422147153,0.7177800898116158,0.008403361344537815,0.6006953927981025,1
MSME_04773,Kisumu,Services,93,15,60862.74,39992.8,891114.36,447711.69,13996.16,54770.92,0.6570874546979861,0.5024172066790544,0.010638297872340425,0.8998940912931082,0
MSME_04774,Nakuru,Retail,103,3,133920.52,143508.05,273182.23,70421.2,0.0,108450.43,1.0715831929028286,0.2577800987271437,0.009615384615384616,0.8098058474844073,0
MSME_04775,Nairobi,Food Services,53,10,137964.15,122440.59,2277822.41,900191.07,0.0,76913.07,0.8874747717086525,0.39519791834960544,0.018518518518518517,0.5574818713276506,0
MSME_04776,Nyeri,Agriculture,39,10,80869.69,82856.06,811833.93,257943.36,10298.12,53968.96,1.024549932738301,0.31772882696732446,0.025,0.6673488256375703,0
MSME_04777,Kisumu,Transport,65,10,4604.11,3083.45,4312637.87,1877224.04,128720.06,3206.0,0.6695714108892079,0.43528431120410505,0.015151515151515152,0.6961831530625762,1
MSME_04778,Machakos,Manufacturing,17,3,76733.05,84314.33,97453.33,51063.07,0.0,41230.21,1.098786392742205,0.5239692274319674,0.05555555555555555,0.5373130963372844,1
MSME_04779,Nyeri,Retail,105,1,388882.81,359636.68,385656.3,231415.47,0.0,291424.75,0.9247921120706979,0.6000546858571069,0.009433962264150943,0.749387715574994,0
MSME_04780,Thika,Services,30,2,541660.37,544933.83,447351.84,347188.67,0.0,334049.41,1.0060415236921916,0.7760958218125986,0.03225806451612903,0.6167126335776908,1
MSME_04781,Machakos,Services,53,2,72584.67,44803.53,1271689.84,1052969.69,749377.04,51256.21,0.6172503470726385,0.8280076075722932,0.018518518518518517,0.7061477837154359,0
MSME_04782,Meru,Agriculture,13,1,876186.38,677658.05,439578.12,206630.3,79285.34,611092.32,0.7734168118239731,0.4700639557220097,0.07142857142857142,0.6974447862967393,1
MSME_04783,Mombasa,Food Services,21,3,26449.4,19760.21,5762584.95,985039.85,66218.93,19433.79,0.7470665850043855,0.17093712068624328,0.045454545454545456,0.7347257508393068,0
MSME_04784,Kakamega,Services,19,3,59276.52,66524.69,584835.26,431404.99,0.0,52210.36,1.1222583198487388,0.7376508939442298,0.05,0.8807784131319935,1
MSME_04785,Meru,Transport,53,10,324972.59,228110.03,246101.55,118553.56,0.0,276662.99,0.7019340556258741,0.4817242243121821,0.018518518518518517,0.8513399196531631,0
MSME_04786,Kakamega,Construction,19,1,277632.95,274545.24,601317.33,323001.98,0.0,247884.75,0.9888748836372496,0.5371563843729826,0.05,0.8928473985260088,0
MSME_04787,Eldoret,Agriculture,57,2,131976.73,82289.4,493481.24,284558.71,200084.78,99979.81,0.6235097391052262,0.5766341459421114,0.017241379310344827,0.7575506110008104,0
MSME_04788,Nairobi,Food Services,25,1,43515.57,30840.63,2221953.61,1409372.3,0.0,33816.48,0.7087100384979791,0.6342939201624825,0.038461538461538464,0.7770943344110072,0
MSME_04789,Nairobi,Agriculture,86,1,43399.45,34121.89,445000.54,361376.34,0.0,30107.02,0.7862105116421604,0.8120788525810496,0.011494252873563218,0.6937029454763718,1
MSME_04790,Nyeri,Retail,31,1,64493.28,66878.13,117655.41,101385.66,0.0,53061.76,1.0369621926161514,0.8617096170110918,0.03125,0.8227359077425161,1
MSME_04791,Thika,Manufacturing,81,5,45327.02,46890.22,902590.35,769129.24,5366.54,26842.79,1.0344643335402695,0.8521345124789862,0.012195121951219513,0.5921897757722486,1
MSME_04792,Kakamega,Digital Commerce,55,1,151858.3,170678.25,334027.85,249709.51,0.0,108401.41,1.123923592430625,0.7475686905487356,0.017857142857142856,0.7138279315129202,1
MSME_04793,Meru,Food Services,23,5,121507.67,134171.46,182459.26,148046.31,224064.53,99803.72,1.1042130573892381,0.8113893403418366,0.041666666666666664,0.8213711828135392,1
MSME_04794,Nairobi,Services,32,1,41715.92,26899.8,749452.48,104716.36,125118.09,35460.43,0.6448174985113954,0.13972362901030227,0.030303030303030304,0.8500251217012187,0
MSME_04795,Kakamega,Manufacturing,62,10,93443.96,98716.75,622475.49,485089.01,0.0,57148.21,1.0564159907607644,0.7792888852717956,0.015873015873015872,0.6115708113096736,1
MSME_04796,Kakamega,Manufacturing,74,10,9419.75,7989.32,559946.64,88366.41,0.0,5479.44,0.8480556218984687,0.15781191612844372,0.013333333333333334,0.5816352201257862,0
MSME_04797,Kakamega,Construction,10,25,187066.69,201328.16,997000.9,694864.89,14451.21,117822.14,1.0762316036510635,0.6969544290738062,0.09090909090909091,0.6298369322890554,1
MSME_04798,Kakamega,Digital Commerce,100,15,272863.13,177117.49,364155.3,85755.26,11168.21,249416.0,0.6491050692518654,0.23549025514593597,0.009900990099009901,0.9140666455499299,0
MSME_04799,Nyeri,Transport,72,25,53540.3,56352.4,838295.52,325332.73,201893.59,29881.07,1.052503394575776,0.3880878928138697,0.0136986301369863,0.5580938453119367,1
MSME_04800,Machakos,Digital Commerce,54,10,60695.45,41746.54,359509.41,88923.55,0.0,56379.57,0.6877921196379689,0.24734624513376402,0.01818181818181818,0.9288775537943323,0
MSME_04801,Kakamega,Food Services,52,3,172454.5,135137.57,1956559.46,889783.19,43953.28,163429.21,0.7836083511398593,0.45476907470572103,0.018867924528301886,0.9476601790026992,1
MSME_04802,Nakuru,Transport,20,1,148192.32,91266.7,708912.78,304405.7,0.0,126341.35,0.615862442382693,0.42939735210112573,0.047619047619047616,0.8525441632591806,0
MSME_04803,Nairobi,Services,32,1,288692.78,192861.34,5954829.71,824447.81,9707.26,243134.21,0.668048130444653,0.1384502515941381,0.030303030303030304,0.8421872130393664,0
MSME_04804,Kisumu,Construction,114,1,61286.83,51796.52,402777.23,307882.25,19125.39,56934.17,0.8451354861152695,0.7643964521121214,0.008695652173913044,0.9289637110662916,1
MSME_04805,Mombasa,Digital Commerce,14,3,68833.28,72280.87,1119719.76,877131.57,17939.83,43415.96,1.0500708367981766,0.7833484930653603,0.06666666666666667,0.6307316645136697,1
MSME_04806,Kisumu,Manufacturing,50,2,106862.85,109589.82,2829613.61,2065634.33,27455.2,59633.96,1.025508813317132,0.7300055359835734,0.0196078431372549,0.5580367916746402,0
MSME_04807,Thika,Digital Commerce,28,10,45884.28,33468.63,1388125.66,1080080.15,15482.35,39937.46,0.7293979681501344,0.7780847246316845,0.034482758620689655,0.8703762949686696,0
MSME_04808,Kakamega,Retail,110,25,104560.48,71459.74,863310.62,604924.54,0.0,60322.88,0.6834231879655874,0.7007024184384314,0.009009009009009009,0.5769130276273825,1
MSME_04809,Kisumu,Services,116,2,46640.61,37969.88,1091723.58,927951.46,55888.57,24273.38,0.8140773871227858,0.8499867796326431,0.008547008547008548,0.520423287275032,0
MSME_04810,Kakamega,Retail,53,2,202312.78,219670.73,1341147.71,752536.49,36368.92,119042.39,1.0857922282901342,0.5611133831683737,0.018518518518518517,0.588404754238688,1
MSME_04811,Nakuru,Agriculture,24,50,52296.99,34007.88,1042821.63,590355.96,0.0,36454.03,0.650271262815263,0.5661134914189577,0.04,0.6970445709290166,0
MSME_04812,Nairobi,Agriculture,79,1,171595.07,154195.79,716661.84,564677.88,16553.98,124028.23,0.8985974445685149,0.7879268304186109,0.0125,0.7227917865484914,1
MSME_04813,Thika,Food Services,22,5,571840.99,371035.66,1766615.58,670487.92,37248.72,302003.96,0.6488429784598364,0.37953222424755007,0.043478260869565216,0.5281248409197793,0
MSME_04814,Mombasa,Digital Commerce,30,1,204479.74,175569.71,658882.4,92286.95,4807.16,143039.19,0.8586124541607195,0.1400656777815316,0.03225806451612903,0.6995240236317611,0
MSME_04815,Nakuru,Retail,63,3,158877.07,106405.59,223754.61,156602.34,0.0,122643.31,0.6697311340702967,0.699881178398164,0.015625,0.7719335336840383,1
MSME_04816,Eldoret,Manufacturing,4,1,34076.39,21951.51,8624629.44,2619052.81,0.0,31326.87,0.6441664106318001,0.3036713083789826,0.2,0.9192860720847459,0
MSME_04817,Eldoret,Retail,77,15,534471.95,376785.16,2090572.55,1002196.75,19504.05,321909.15,0.7049658172597884,0.4793884195081297,0.01282051282051282,0.6022926885261454,0
MSME_04818,Nakuru,Food Services,59,3,406658.16,301085.96,244305.49,71423.17,0.0,241935.85,0.7403889783276985,0.2923506862220484,0.016666666666666666,0.5949352032301449,0
MSME_04819,Kisumu,Agriculture,87,1,113965.92,85696.21,544018.06,414363.69,42961.2,76954.49,0.7519393346771152,0.761671273061646,0.011363636363636364,0.6752353226708242,1
MSME_04820,Nakuru,Services,8,1,90751.75,86658.61,368186.92,319083.44,19138.14,85546.64,0.9548868767062155,0.8666320176935735,0.1111111111111111,0.9426341350537587,1
MSME_04821,Kisumu,Construction,82,2,59042.92,37211.21,401216.88,57782.65,0.0,38454.72,0.6302293275920704,0.14401813299048388,0.012048192771084338,0.6512900904953466,0
MSME_04822,Kisumu,Services,12,25,797611.52,514016.74,2064776.37,591965.82,10302.76,414551.04,0.6444441719646026,0.2866971658063067,0.07692307692307693,0.5197398857279723,0
MSME_04823,Nakuru,Agriculture,119,5,291841.05,205394.34,489946.39,123294.86,0.0,180803.32,0.7037859691569464,0.25164918217035503,0.008333333333333333,0.6195245681696658,1
MSME_04824,Meru,Construction,31,2,62416.95,67387.5,7270355.23,4642578.47,60521.68,46889.84,1.0796173216198226,0.6385627228062248,0.03125,0.7512236464029979,1
MSME_04825,Meru,Transport,78,2,400019.93,378311.93,87550.48,38779.85,0.0,274271.54,0.9457303396599773,0.44293768649027976,0.012658227848101266,0.6856429737313995,1
MSME_04826,Machakos,Construction,34,2,508463.48,509329.55,703894.31,327317.42,80828.13,431380.61,1.001701338115103,0.4650086672690005,0.02857142857142857,0.8483987121381615,0
MSME_04827,Nakuru,Agriculture,82,5,130455.44,104846.93,147592.22,33306.14,12229.77,100877.57,0.8036930181446006,0.2256617207755207,0.012048192771084338,0.7732663101951885,0
MSME_04828,Mombasa,Digital Commerce,98,5,94433.64,67734.53,1080535.62,466562.0,0.0,70991.03,0.7172636015767095,0.4317873095314437,0.010101010101010102,0.7517477696743483,0
MSME_04829,Meru,Manufacturing,75,2,49361.03,30647.21,1247814.29,427479.49,32049.17,31855.01,0.6208660786438484,0.34258234646251207,0.013157894736842105,0.6453342781891264,0
MSME_04830,Thika,Digital Commerce,105,5,270338.06,234841.21,2145386.48,1263531.23,10329.48,202302.27,0.8686913759336146,0.5889524581359075,0.009433962264150943,0.7483279330778171,0
MSME_04831,Machakos,Food Services,76,3,86935.72,79620.47,167308.89,45807.6,0.0,67550.43,0.9158439609867959,0.27378895533312464,0.012987012987012988,0.7770068850078539,0
MSME_04832,Nakuru,Digital Commerce,49,25,83414.38,91201.24,1224038.31,724445.94,6816.77,48433.9,1.0933384227225242,0.5918485902221554,0.02,0.5806351298765288,1
MSME_04833,Machakos,Digital Commerce,79,25,131724.91,142941.44,255719.95,102849.58,48160.38,109481.92,1.085142930498639,0.4021945796775743,0.0125,0.8311342848191369,1
MSME_04834,Thika,Agriculture,57,5,58805.61,49018.99,818277.77,308519.89,154376.82,39800.8,0.8335625876070734,0.3770351881425446,0.017241379310344827,0.6768082703628044,0
MSME_04835,Thika,Agriculture,95,5,614413.42,511786.63,429198.47,147835.4,0.0,512435.58,0.8329665016651139,0.34444450735225746,0.010416666666666666,0.8340227105997935,0
MSME_04836,Thika,Construction,113,1,350779.04,241552.62,159939.06,102211.74,58082.53,203441.24,0.6886156350287206,0.6390627838954168,0.008771929824561403,0.579968119052612,1
MSME_04837,Meru,Manufacturing,93,10,143854.46,106682.03,1735400.66,954357.08,49524.24,114426.78,0.7415918033281462,0.5499344053871655,0.010638297872340425,0.7954288283531261,1
MSME_04838,Nairobi,Agriculture,26,2,56883.09,63089.89,534835.68,417908.49,31643.14,29129.69,1.1090955309296502,0.781375895909009,0.037037037037037035,0.5120885294991974,1
MSME_04839,Nairobi,Digital Commerce,18,1,60038.52,40680.29,2041344.96,598702.27,0.0,34314.09,0.6775585481029829,0.29328799808142275,0.05263157894736842,0.5715250554967795,0
MSME_04840,Eldoret,Manufacturing,96,2,57448.34,65076.6,2223999.41,293780.68,28091.04,51761.21,1.1327649717124688,0.13209560514424545,0.010309278350515464,0.9009887667987134,0
MSME_04841,Nairobi,Agriculture,86,10,38921.53,34157.78,3518676.81,864253.12,7479.91,27543.3,0.8775837541906962,0.24561871437726207,0.011494252873563218,0.7076441331023445,1
MSME_04842,Kakamega,Manufacturing,38,1,183999.06,156607.81,397057.67,148771.59,90722.86,134050.36,0.8511291246318072,0.37468414932231553,0.02564102564102564,0.7285343276518497,1
MSME_04843,Meru,Agriculture,81,2,70091.88,48787.53,239259.95,58313.39,63147.85,63672.17,0.6960411670914364,0.2437229727625841,0.012195121951219513,0.9083971153703485,0
MSME_04844,Nakuru,Food Services,87,2,66200.87,63807.56,3081103.99,513954.46,0.0,47546.79,0.963833196856826,0.1668084864579704,0.011363636363636364,0.7182091684117081,0
MSME_04845,Mombasa,Transport,88,1,59045.47,50360.77,825201.67,376515.41,22553.45,46915.45,0.8529006052351648,0.45627022753089247,0.011235955056179775,0.7945513084863498,0
MSME_04846,Kisumu,Transport,50,1,363516.0,292217.68,3680779.24,2361392.63,0.0,218065.9,0.8038624878616406,0.6415467580319328,0.0196078431372549,0.5998781349978131,0
MSME_04847,Meru,Digital Commerce,8,10,62406.55,46523.08,176425.54,123719.58,18443.24,33494.09,0.7454719821560052,0.7012526573382893,0.1111111111111111,0.5366993256424903,1
MSME_04848,Machakos,Retail,41,10,474038.81,301757.81,1666792.91,698355.99,109209.55,312395.51,0.6365663888018182,0.4189816064302755,0.023809523809523808,0.6590069091454577,0
MSME_04849,Kisumu,Transport,6,1,99938.09,88508.22,768139.31,370577.81,0.0,85887.37,0.8856216321361342,0.4824350514816752,0.14285714285714285,0.8593971588094308,1
MSME_04850,Machakos,Digital Commerce,69,10,38365.7,29622.14,694018.28,488850.09,0.0,26897.3,0.7720794334670431,0.7043753741250531,0.014285714285714285,0.701058469975265,1
MSME_04851,Nakuru,Manufacturing,44,5,213046.94,210772.85,495864.02,189502.5,0.0,122644.23,0.9893212297664085,0.3821654933433296,0.022222222222222223,0.5756649418905435,1
MSME_04852,Thika,Manufacturing,64,2,323604.12,322936.62,192399.41,140030.79,0.0,241180.25,0.9979342106824515,0.7278092078909811,0.015384615384615385,0.7452918235657088,1
MSME_04853,Nakuru,Construction,29,5,56498.35,44218.93,1617762.79,1413764.28,77590.42,34957.12,0.782644933083301,0.873900311491086,0.03333333333333333,0.6187172064811366,1
MSME_04854,Eldoret,Transport,28,25,141951.47,137411.35,455672.4,366535.82,0.0,131447.13,0.968009573908788,0.8043827443076554,0.034482758620689655,0.9259939612181458,1
MSME_04855,Kakamega,Construction,11,2,183223.65,136001.67,940113.82,435156.38,3959.45,139219.87,0.7422673204724365,0.4628757793649078,0.08333333333333333,0.7598315510494903,1
MSME_04856,Meru,Manufacturing,65,1,146625.04,146617.06,7414153.56,4178726.65,44169.05,138169.63,0.9999387557626189,0.5636147204894526,0.015151515151515152,0.9423266835822613,1
MSME_04857,Mombasa,Food Services,107,25,84276.28,51310.98,382990.12,257806.39,64391.07,43771.65,0.6088352637863965,0.6731393406719195,0.009259259259259259,0.5193766338923136,0
MSME_04858,Meru,Manufacturing,19,3,321779.04,219898.91,510297.43,193627.44,0.0,162563.36,0.6833826921023443,0.379439615363896,0.05,0.5052002604014841,0
MSME_04859,Kisumu,Construction,9,1,103661.2,76165.56,599870.44,443538.49,29349.52,74085.94,0.7347476707999637,0.7393892431351625,0.1,0.7146861633266515,0
MSME_04860,Eldoret,Food Services,27,3,72716.25,74542.48,454450.8,204290.9,37357.62,64564.74,1.0251003716449674,0.4495326016972537,0.03571428571428571,0.8878875370011929,1
MSME_04861,Nyeri,Food Services,34,2,22809.15,14518.18,471685.19,366722.62,0.0,16787.15,0.6364789359123022,0.777471606705297,0.02857142857142857,0.7359508815154657,0
MSME_04862,Mombasa,Food Services,44,10,23022.84,16194.99,1684955.54,511867.78,0.0,20588.96,0.7034009096658073,0.3037869332819706,0.022222222222222223,0.8942452692513498,0
MSME_04863,Nakuru,Agriculture,68,2,165363.92,131835.27,3569859.76,389480.43,7260.65,92397.87,0.7972384348506321,0.10910241496365813,0.014492753623188406,0.5587513361358624,0
MSME_04864,Nairobi,Retail,100,1,123370.84,74645.06,852437.74,516705.75,62440.97,100509.89,0.6050413125069708,0.6061500090903893,0.009900990099009901,0.8146906944080594,0
MSME_04865,Kisumu,Services,82,3,323658.76,329862.18,1772382.4,817974.49,0.0,257938.17,1.0191633955361024,0.46151103085257966,0.012048192771084338,0.7969423508192678,1
MSME_04866,Thika,Services,15,2,412620.82,374683.57,592829.34,87654.85,20425.02,307498.95,0.9080556379689276,0.14785823883440247,0.0625,0.7452319172068991,0
MSME_04867,Mombasa,Construction,51,1,104286.42,114232.6,575168.75,281884.39,34641.28,71154.33,1.0953631799501802,0.49008903893155026,0.019230769230769232,0.6822906348627668,1
MSME_04868,Machakos,Manufacturing,13,3,344087.03,212324.77,451419.38,106018.49,3350.95,272235.04,0.6170652608868724,0.23485534702708816,0.07142857142857142,0.7911784667429436,0
MSME_04869,Nyeri,Agriculture,83,10,75974.56,56925.07,291380.6,175935.41,0.0,56794.14,0.7492550235891647,0.6037972541848903,0.011904761904761904,0.7475317062486937,1
MSME_04870,Kisumu,Construction,49,1,114704.0,114955.02,3216051.51,1466636.75,0.0,71424.06,1.0021796783052177,0.4560363195064872,0.02,0.6226760821237086,1
MSME_04871,Nairobi,Retail,70,3,111470.48,108274.86,399392.32,94615.96,0.0,60982.93,0.9713234273017637,0.23689920502426032,0.014084507042253521,0.547072040310221,1
MSME_04872,Kakamega,Agriculture,112,2,646328.1,474199.03,1518534.45,652288.23,0.0,435619.9,0.7336804578348709,0.4295508741662896,0.008849557522123894,0.6739908507910289,0
MSME_04873,Nakuru,Manufacturing,56,1,37105.26,34419.89,267119.8,76440.88,5350.36,27108.96,0.9276033208412812,0.2861659593711909,0.017543859649122806,0.7305764579884902,0
MSME_04874,Nakuru,Construction,76,2,141370.26,146539.71,770697.92,479742.06,29332.06,103035.16,1.0365594110146572,0.6224766216099018,0.012987012987012988,0.7288267785121247,1
MSME_04875,Eldoret,Food Services,51,2,66434.04,41080.11,728711.78,244930.74,50485.24,45939.94,0.61835004539773,0.33611423694257153,0.019230769230769232,0.6915016533443799,0
MSME_04876,Kisumu,Agriculture,37,10,98813.06,98288.92,269710.23,204336.21,50231.48,63962.66,0.9946855740974513,0.757611056832895,0.02631578947368421,0.6473032279009688,0
MSME_04877,Mombasa,Retail,17,1,94676.15,69932.86,481139.68,53565.55,0.0,62270.62,0.7386455971689051,0.11133032858497852,0.05555555555555555,0.65771540440328,0
MSME_04878,Mombasa,Retail,58,5,143209.51,160583.43,202341.26,85536.61,0.0,88736.96,1.1213103703073188,0.42273230515464244,0.01694915254237288,0.6196260316369239,1
MSME_04879,Machakos,Retail,87,1,512429.03,459147.23,744240.51,441829.07,11924.14,389937.34,0.8960193648291845,0.5936635676233646,0.011363636363636364,0.7609572374202972,1
MSME_04880,Nyeri,Construction,90,25,892695.1,552009.08,88196.09,10414.78,89189.14,787758.21,0.6183617022635138,0.1180853019073532,0.01098901098901099,0.8824483606459129,0
MSME_04881,Nairobi,Agriculture,29,3,256933.22,211170.03,680567.54,185572.75,245122.21,230176.29,0.8218836323164739,0.27267312414999373,0.03333333333333333,0.8958568850813255,0
MSME_04882,Meru,Digital Commerce,33,5,50054.47,56635.21,1592987.92,576559.62,7615.55,47410.4,1.1314489705121138,0.3619357377576738,0.029411764705882353,0.947157223775943,1
MSME_04883,Kisumu,Digital Commerce,60,1,111901.38,112092.19,718159.48,84366.25,68938.28,60423.19,1.0016962105721077,0.11747548403109011,0.01639344262295082,0.539963403816791,0
MSME_04884,Kisumu,Digital Commerce,91,2,172923.08,132331.71,314819.2,169168.9,37579.89,103134.13,0.7652590084619794,0.5373508434338076,0.010869565217391304,0.5964127725878317,1
MSME_04885,Nairobi,Retail,89,1,88705.46,81289.42,334650.28,202361.25,11574.19,73500.74,0.9163866983306513,0.6046928910596128,0.011111111111111112,0.8285838483465578,0
MSME_04886,Nakuru,Services,55,25,101004.97,93884.7,3108914.82,876769.32,16878.23,79830.11,0.9294965436201444,0.2820177099552345,0.017857142857142856,0.7903504119607979,1
MSME_04887,Kakamega,Transport,10,2,124099.56,76053.36,881905.04,471630.63,245230.26,69525.48,0.6128365577077171,0.5347855764770587,0.09090909090909091,0.5602350223077156,0
MSME_04888,Mombasa,Construction,47,3,288431.29,201428.4,2009705.59,1807331.27,91779.92,226118.05,0.6983559295666931,0.89930106165398,0.020833333333333332,0.7839553955626813,1
MSME_04889,Kisumu,Retail,23,5,226427.86,204572.44,2260799.88,1830197.6,0.0,154629.36,0.9034733469929584,0.8095350705985218,0.041666666666666664,0.6829048205250867,1
MSME_04890,Nairobi,Retail,85,2,72390.79,59470.04,427249.23,62775.16,0.0,67365.91,0.8215025488387565,0.14692832347919393,0.011627906976744186,0.9305738951889435,0
MSME_04891,Kisumu,Agriculture,21,5,241067.96,169837.39,219271.54,44359.94,81561.65,213311.22,0.7045178690777942,0.20230504011126976,0.045454545454545456,0.8848556031435985,0
MSME_04892,Nakuru,Digital Commerce,107,3,747404.16,766065.2,1583730.3,784774.25,0.0,398335.79,1.0249664318614016,0.49552234649905574,0.009259259259259259,0.5329583087170551,0
MSME_04893,Thika,Digital Commerce,13,5,29350.11,25503.7,260756.47,77225.87,7051.15,15863.6,0.8689177342867102,0.29615976102237834,0.07142857142857142,0.5404770041064887,0
MSME_04894,Kisumu,Manufacturing,101,2,86048.85,66299.37,359145.0,59178.26,37275.79,59173.69,0.7704762994938398,0.1647749383259176,0.00980392156862745,0.687667555492543,0
MSME_04895,Thika,Agriculture,33,2,79749.42,54941.17,826014.34,250813.96,121755.9,40175.13,0.6889138640272991,0.3036432228970469,0.029411764705882353,0.5037607325453584,0
MSME_04896,Mombasa,Agriculture,24,1,144338.52,135121.04,539598.32,80369.11,0.0,78299.91,0.9361333611196713,0.14894220029780617,0.04,0.5424703504625761,0
MSME_04897,Machakos,Transport,108,10,21506.81,20785.12,45396.88,23784.79,78273.54,19779.13,0.9663987174891352,0.5239185177810065,0.009174311926605505,0.9196254755830556,0
MSME_04898,Eldoret,Manufacturing,11,3,519741.72,503254.72,165790.31,81602.0,38302.63,445207.81,0.9682766119359979,0.49219708801384104,0.08333333333333333,0.8565926810865192,1
MSME_04899,Nairobi,Services,17,2,139635.64,100699.37,2447276.72,257113.15,133625.23,112088.19,0.7211529151661052,0.10506087964548624,0.05555555555555555,0.8027133136403167,0
MSME_04900,Thika,Agriculture,68,25,179536.43,166508.57,661635.38,321563.47,0.0,156844.24,0.9274309540913002,0.4860123773725985,0.014492753623188406,0.8736019001720142,0
MSME_04901,Kisumu,Transport,47,1,159902.0,175568.17,1757232.64,906458.12,70475.56,97943.92,1.097966704814794,0.515843823704627,0.020833333333333332,0.6125208407597106,1
MSME_04902,Nakuru,Agriculture,25,10,79496.44,63140.3,275424.1,161002.74,54827.53,65704.22,0.7942431856925204,0.5845608842476594,0.038461538461538464,0.8264947902724917,0
MSME_04903,Kakamega,Transport,94,50,267976.48,191850.21,192112.25,168305.66,0.0,208219.12,0.7159191511167282,0.8760752316667383,0.010526315789473684,0.7770023063132022,0
MSME_04904,Machakos,Construction,73,15,133951.09,137257.3,1734914.81,1537401.6,0.0,118130.31,1.0246745683475338,0.8861534324250582,0.013513513513513514,0.8818847843284864,1
MSME_04905,Machakos,Food Services,21,10,16569.77,11553.86,3456488.32,1802708.84,6358.84,10392.71,0.6972433990695664,0.5215432981577968,0.045454545454545456,0.6271712177527055,1
MSME_04906,Machakos,Retail,84,2,119591.42,88445.25,255957.01,198660.87,0.0,100895.95,0.7395556507678329,0.7761463296264883,0.011764705882352941,0.8436650918176921,1
MSME_04907,Eldoret,Services,83,1,100954.75,66161.14,2473936.91,415949.48,0.0,89213.02,0.6553479123279259,0.16813254622061227,0.011904761904761904,0.8836843864762532,0
MSME_04908,Nairobi,Retail,83,5,267464.38,199884.39,226004.4,118635.07,0.0,199810.09,0.7473280841056887,0.524921395683466,0.011904761904761904,0.7470502911442221,0
MSME_04909,Meru,Agriculture,12,2,1985563.06,1639448.22,102298.49,65790.21,34926.92,1362500.04,0.8256838714133453,0.6431137633237468,0.07692307692307693,0.6862030127600114,0
MSME_04910,Meru,Digital Commerce,37,1,194402.35,123501.25,1473300.91,812942.48,185474.22,180190.31,0.6352835483544907,0.5517826824781623,0.02631578947368421,0.9268889142085257,0
MSME_04911,Machakos,Transport,42,5,1109920.05,1198091.99,231901.46,65993.77,0.0,639354.27,1.0794389294625955,0.284575549565106,0.023255813953488372,0.5760358090334443,0
MSME_04912,Kisumu,Digital Commerce,17,2,67088.88,59207.35,170715.47,25628.9,71018.93,34639.52,0.882507913265011,0.1501255268457695,0.05555555555555555,0.5163151283025099,0
MSME_04913,Thika,Food Services,101,15,71530.28,66055.14,175215.71,71722.0,24122.36,41531.42,0.9234441212292022,0.40933310527289324,0.00980392156862745,0.5806050164347681,1
MSME_04914,Nyeri,Retail,118,10,104147.78,83756.39,480508.91,297009.28,0.0,84104.99,0.8041994346933301,0.6181127044809545,0.008403361344537815,0.8075465694365311,0
MSME_04915,Nakuru,Digital Commerce,48,10,203860.69,197420.6,94773.64,84667.97,0.0,174306.12,0.9684046080457785,0.8933610299126433,0.02040816326530612,0.8550214608737914,1
MSME_04916,Kakamega,Agriculture,103,5,70220.63,58808.37,1488134.82,430408.41,0.0,57761.55,0.8374680280135907,0.28922656401080377,0.009615384615384616,0.8225606554561607,0
MSME_04917,Nyeri,Construction,28,15,26586.36,27084.13,1299955.05,1084464.01,6595.85,18316.41,1.0186844425320905,0.8342312880500844,0.034482758620689655,0.6889142058481925,1
MSME_04918,Meru,Services,41,10,136360.2,143419.73,1298593.5,200774.4,30255.51,127552.43,1.0517634781741434,0.15460900227130178,0.023809523809523808,0.9354011991680917,1
MSME_04919,Thika,Digital Commerce,99,3,42489.24,41194.04,3107203.23,2624938.63,14905.62,29739.74,0.9694941708966578,0.8447911484724002,0.01,0.6999193226491544,1
MSME_04920,Mombasa,Digital Commerce,47,1,406699.15,353923.67,2338414.11,1790975.97,219037.73,382942.72,0.8702324550408943,0.7658930881608955,0.020833333333333332,0.9415848998334521,1
MSME_04921,Thika,Agriculture,112,15,253690.5,261364.17,245444.34,28657.17,0.0,231658.09,1.0302440956831427,0.11675581210871634,0.008849557522123894,0.9131488047490751,0
MSME_04922,Kisumu,Transport,18,10,62347.28,54357.91,1637952.39,554526.0,0.0,42596.6,0.871842976261735,0.33854809507125233,0.05263157894736842,0.6832040915964321,0
MSME_04923,Nyeri,Manufacturing,78,2,210195.23,139008.51,2767554.67,389575.73,0.0,120327.08,0.6613273225690108,0.14076527320586835,0.012658227848101266,0.5724511804992887,0
MSME_04924,Kisumu,Construction,99,1,77021.62,51141.36,1937684.61,1736949.59,0.0,41624.55,0.6639784520443476,0.8964042365985264,0.01,0.5404198143350616,1
MSME_04925,Machakos,Agriculture,108,3,126476.0,141870.75,2119920.76,937588.39,0.0,93486.47,1.1217118527479304,0.44227499697913386,0.009174311926605505,0.7391578706009788,1
MSME_04926,Eldoret,Food Services,105,1,127813.64,91701.13,608829.37,383403.49,115621.05,107803.59,0.7174540412584975,0.6297377872263501,0.009433962264150943,0.8434369490067805,1
MSME_04927,Kisumu,Services,71,15,95260.4,99905.18,335106.8,96293.76,0.0,55176.87,1.0487477614227798,0.28735159253231346,0.013888888888888888,0.5792154009913775,1
MSME_04928,Nairobi,Food Services,105,25,305797.95,224971.87,550468.14,466240.45,486808.78,196687.69,0.7356855541851925,0.8469874442007775,0.009433962264150943,0.6431928232585494,1
MSME_04929,Eldoret,Manufacturing,13,1,43513.93,36418.07,315456.24,100737.57,39829.11,34103.57,0.8369097686702013,0.31933827228057915,0.07142857142857142,0.7837211274383298,0
MSME_04930,Kakamega,Food Services,82,3,227971.55,218903.17,2431546.31,749333.73,0.0,161264.96,0.9602172279074829,0.30817156093088727,0.012048192771084338,0.7073876218869333,0
MSME_04931,Kakamega,Transport,101,1,180688.37,124201.02,912551.47,320926.17,13864.18,139444.53,0.6873731420946346,0.3516796902648239,0.00980392156862745,0.7717362122630679,0
MSME_04932,Kisumu,Agriculture,13,5,32709.65,32889.08,1960037.29,921200.54,11146.71,26310.51,1.0054547983607784,0.4699910938984769,0.07142857142857142,0.8043407880919516,1
MSME_04933,Nakuru,Transport,100,2,60209.11,58971.94,128215.43,14722.49,26955.89,40419.15,0.9794358455747715,0.11482529969053108,0.009900990099009901,0.6713017132836994,0
MSME_04934,Kakamega,Digital Commerce,31,3,44628.18,40107.15,426871.22,246846.82,56967.19,38098.4,0.8986754854111144,0.5782686444201031,0.03125,0.8536656958519068,1
MSME_04935,Nakuru,Services,2,2,92371.46,84172.51,213141.08,26713.53,47228.15,75401.83,0.9112294941587568,0.1253320320417254,0.3333333333333333,0.8162804151800223,0
MSME_04936,Kisumu,Manufacturing,16,1,139864.09,92054.98,103687.71,55095.71,147752.08,113205.85,0.6581698120667566,0.5313568854314032,0.058823529411764705,0.8093931802424752,0
MSME_04937,Thika,Manufacturing,9,2,52660.11,44222.49,1045374.08,487466.21,0.0,29872.37,0.8397561312323268,0.4663074711901493,0.1,0.5672567479113144,0
MSME_04938,Thika,Transport,73,1,351206.13,227446.1,203329.92,59786.65,107849.85,250552.57,0.6476124217637609,0.29403619479024634,0.013513513513513514,0.7134039960976875,0
MSME_04939,Nairobi,Construction,38,3,383763.81,295239.02,466210.9,169614.25,67284.59,291556.04,0.769322804766805,0.3638136435384854,0.02564102564102564,0.7597258331215934,0
MSME_04940,Nakuru,Retail,75,1,457906.19,501485.89,227339.59,151073.49,52815.48,275601.74,1.0951692852868287,0.6645249315135497,0.013157894736842105,0.6018724886149964,1
MSME_04941,Nairobi,Manufacturing,54,2,8795.14,8056.29,447322.97,48166.85,0.0,7399.84,0.915889242326748,0.10767777546103778,0.01818181818181818,0.8412599162814599,0
MSME_04942,Nyeri,Agriculture,56,15,934875.12,942809.3,1478601.69,522416.16,13930.5,518375.46,1.0084858087935757,0.35331746894089583,0.017543859649122806,0.5544857215948569,1
MSME_04943,Nyeri,Construction,86,10,157322.7,144050.52,231411.56,149084.08,78077.91,89270.54,0.9156314020074533,0.644235040656393,0.011494252873563218,0.5674322432030265,0
MSME_04944,Thika,Manufacturing,97,15,139706.56,98748.82,423176.31,93868.58,0.0,95837.82,0.7068251710931034,0.22181855638715603,0.01020408163265306,0.6859887897261967,0
MSME_04945,Mombasa,Transport,100,15,120346.0,111578.14,1375157.49,754010.57,3729.91,67502.69,0.9271368625723948,0.5483081226513752,0.009900990099009901,0.5609004794469327,1
MSME_04946,Nakuru,Transport,109,1,35551.99,36101.75,1652759.7,388640.4,0.0,17962.28,1.0154349887309058,0.23514620114091533,0.00909090909090909,0.5052255801832701,1
MSME_04947,Kisumu,Food Services,87,1,190948.32,129104.5,454627.83,101750.03,0.0,130824.59,0.6761191922547826,0.22380901360786995,0.011363636363636364,0.6851272892723577,0
MSME_04948,Machakos,Construction,45,3,667933.8,700862.06,1039614.39,746260.24,0.0,528902.35,1.0492971170239969,0.71782338658915,0.021739130434782608,0.7918472731170766,0
MSME_04949,Mombasa,Retail,109,15,155441.36,140746.82,1945213.4,609280.29,0.0,112354.92,0.9054598759308596,0.3132201211342051,0.00909090909090909,0.7228076053400116,0
MSME_04950,Kakamega,Transport,34,50,43691.26,26317.49,205227.22,82217.16,0.0,22871.54,0.602337576495242,0.4006133269586415,0.02857142857142857,0.5234689164625497,0
MSME_04951,Mombasa,Digital Commerce,9,1,28989.63,25681.28,309764.57,211883.44,105262.19,17527.4,0.8858475997244626,0.6840122354463086,0.1,0.604588448060632,1
MSME_04952,Nairobi,Food Services,88,2,99307.49,81195.72,465739.92,113461.55,24156.57,73086.03,0.8176110622566106,0.2436151626960328,0.011235955056179775,0.7359494641394708,0
MSME_04953,Meru,Food Services,8,1,63321.06,48316.86,1246927.08,655122.54,0.0,52692.1,0.7630336094561675,0.5253891948603804,0.1111111111111111,0.8321286452146377,1
MSME_04954,Kisumu,Agriculture,7,5,269029.09,275537.3,912764.83,761479.29,213230.33,230628.59,1.0241876661454485,0.8342548164845304,0.125,0.8572594612000464,1
MSME_04955,Machakos,Food Services,36,3,524614.37,574308.43,788220.61,428052.23,0.0,384917.86,1.094722844281135,0.5430607643451947,0.02702702702702703,0.7337144163351523,0
MSME_04956,Nyeri,Retail,18,1,213128.7,217276.01,212431.1,29544.2,81728.12,168533.09,1.0194543979557988,0.13907596827409793,0.05263157894736842,0.7907536584530452,0
MSME_04957,Nairobi,Agriculture,3,2,122382.64,130426.23,2074179.68,1185928.45,0.0,110944.49,1.0657162182788484,0.5717575433206715,0.25,0.9065303989977745,1
MSME_04958,Thika,Transport,28,3,116712.44,128363.79,400827.7,68991.55,0.0,61780.5,1.0998201235436125,0.1721222806650322,0.034482758620689655,0.5293349249238134,1
MSME_04959,Machakos,Construction,70,5,143069.18,157654.53,529739.31,172535.9,17918.0,77919.43,1.101938433291969,0.3256990203369647,0.014084507042253521,0.5446238342609201,0
MSME_04960,Thika,Digital Commerce,108,1,41775.25,27699.12,922062.32,718968.95,5234.19,29494.87,0.6630350976930672,0.7797392374311126,0.009174311926605505,0.706020047275665,0
MSME_04961,Meru,Transport,44,15,243352.25,207095.69,7784066.31,847336.89,39138.07,188447.26,0.8510085236174163,0.10885528814883796,0.022222222222222223,0.77437741225975,0
MSME_04962,Kakamega,Food Services,21,3,45214.94,27136.09,337952.25,54616.68,6276.65,22701.76,0.600144329632426,0.16161016353593285,0.045454545454545456,0.5020742684991177,0
MSME_04963,Kisumu,Manufacturing,28,10,406837.38,357428.78,318309.44,124360.73,52477.04,286269.8,0.8785522644151715,0.3906900760151002,0.034482758620689655,0.7036450199216701,0
MSME_04964,Thika,Retail,104,10,92665.63,102704.48,465340.13,418581.22,0.0,53536.86,1.1083221651634465,0.8995147710240012,0.009523809523809525,0.5777361278812017,1
MSME_04965,Kakamega,Services,54,1,305837.47,216993.6,2937714.7,979701.78,4855.54,241702.46,0.7095039417376108,0.33349101140045645,0.01818181818181818,0.7902944976150319,0
MSME_04966,Nakuru,Services,54,1,30538.11,29068.7,872481.8,197023.57,42522.7,18948.32,0.9518515765521655,0.22581943162661774,0.01818181818181818,0.6204607796363417,1
MSME_04967,Kakamega,Retail,65,5,303689.06,289843.41,1145176.58,617865.95,0.0,275103.46,0.9544053236381855,0.539537239281265,0.015151515151515152,0.9058691614733786,1
MSME_04968,Kisumu,Food Services,100,1,520490.74,358198.96,1920757.5,989966.13,0.0,275199.77,0.6881933611472875,0.5154037480505748,0.009900990099009901,0.5287303310519395,0
MSME_04969,Machakos,Retail,21,10,36990.73,27047.26,2822026.24,1297273.25,0.0,31965.27,0.7311704535040668,0.45969550953023397,0.045454545454545456,0.8641193585701452,0
MSME_04970,Nyeri,Services,107,5,118954.51,101600.47,326527.77,279939.77,0.0,80478.36,0.8541047825359246,0.8573203825194331,0.009259259259259259,0.6765416751187062,1
MSME_04971,Nyeri,Digital Commerce,99,10,186257.64,131035.07,1365937.77,442727.06,495454.49,164972.54,0.7035113646271658,0.3241192575564716,0.01,0.8857175162451524,0
MSME_04972,Eldoret,Services,13,1,195607.99,180301.02,2908673.87,973415.0,7354.29,169554.02,0.9217419915107173,0.3346592670221681,0.07142857142857142,0.8668007538917306,0
MSME_04973,Nairobi,Agriculture,57,2,94887.47,82219.8,933819.57,198161.72,15436.05,57661.38,0.8664888368418208,0.21220534904258964,0.017241379310344827,0.6076753055455526,0
MSME_04974,Thika,Food Services,49,3,79551.88,70447.88,273020.05,179600.89,183786.39,41586.18,0.8855478268040076,0.6578279953139146,0.02,0.5227488935661412,1
MSME_04975,Thika,Manufacturing,118,1,171658.61,115690.55,215843.35,77076.71,0.0,139555.81,0.6739532380389307,0.3570939429269286,0.008403361344537815,0.8129798850177977,0
MSME_04976,Kisumu,Services,54,5,189577.64,167679.24,1254358.58,930975.2,0.0,112225.71,0.884483821595091,0.7421916449189154,0.01818181818181818,0.5919744439563445,1
MSME_04977,Eldoret,Transport,10,10,71153.52,44628.41,182855.23,160438.33,7431.66,65370.75,0.6272041466937027,0.8774014973402874,0.09090909090909091,0.9187153535713543,1
MSME_04978,Meru,Retail,53,2,58393.39,63347.74,274939.73,37102.62,11579.52,30963.32,1.0848257854906953,0.13494770309222648,0.018518518518518517,0.5302447718008528,1
MSME_04979,Nyeri,Construction,44,5,447474.9,352962.53,405219.75,362468.06,74426.71,288975.27,0.7887855636471148,0.8944953090383452,0.022222222222222223,0.6457895721311472,1
MSME_04980,Machakos,Transport,47,1,148400.32,158934.6,1021230.2,309722.15,6468.78,75044.86,1.0709783443974756,0.30328308614151234,0.020833333333333332,0.5056886286456211,1
MSME_04981,Meru,Manufacturing,53,2,13743.15,13549.52,1469194.54,640698.53,8468.18,8832.16,0.9858390660753849,0.43608799003024473,0.018518518518518517,0.6426123114197677,0
MSME_04982,Thika,Manufacturing,74,50,450228.75,459861.36,311134.18,224699.45,31777.13,334774.97,1.0213926556385933,0.7221923602467584,0.013333333333333334,0.7435647466654524,1
MSME_04983,Eldoret,Agriculture,46,50,73339.67,56691.53,153883.29,97295.01,176544.81,58282.17,0.7729889841475405,0.6322608370224146,0.02127659574468085,0.7946773597786876,1
MSME_04984,Kakamega,Manufacturing,13,2,142449.14,103312.54,1942556.33,1403981.69,56422.69,117790.51,0.7252540432743694,0.7227491659152216,0.07142857142857142,0.8268893944224974,1
MSME_04985,Eldoret,Manufacturing,37,25,193854.72,159679.55,1640878.77,776243.32,0.0,169633.07,0.8237030612251214,0.4730653239755646,0.02631578947368421,0.8750480512001401,0
MSME_04986,Eldoret,Retail,102,2,30221.73,18535.72,1281148.88,1067009.54,44245.78,16617.5,0.6133039602974318,0.8328530148244638,0.009708737864077669,0.5498345119716187,1
MSME_04987,Nakuru,Transport,24,1,99827.35,110340.73,1144330.96,837596.07,0.0,84138.75,1.1053045552691194,0.7319520028086954,0.04,0.8428342249471217,1
MSME_04988,Mombasa,Construction,2,1,497611.08,404487.07,452825.97,157303.76,18109.53,311139.26,0.8128562112077343,0.34738160582617245,0.3333333333333333,0.6252646840888589,0
MSME_04989,Nyeri,Retail,86,15,396075.21,452993.65,589404.42,506171.19,0.0,222677.87,1.1437032534723557,0.8587827203896428,0.011494252873563218,0.5622096565708907,1
MSME_04990,Nyeri,Retail,81,1,99672.07,101545.62,798918.71,694135.21,48267.86,61751.31,1.0187869200778104,0.8688422645124126,0.012195121951219513,0.6195385574057265,1
MSME_04991,Machakos,Digital Commerce,100,3,272619.9,175644.44,265268.5,114607.36,75660.31,241567.64,0.6442809043620646,0.4320412259984657,0.009900990099009901,0.886093619381346,0
MSME_04992,Machakos,Food Services,14,3,310992.77,299518.24,1155615.68,718294.18,0.0,243297.81,0.9631004505331409,0.6215678541434692,0.06666666666666667,0.7823237423695014,1
MSME_04993,Machakos,Services,10,5,295522.85,221335.25,841595.83,632724.22,47657.73,227204.37,0.7489590095689401,0.7518139297173921,0.09090909090909091,0.768819064857202,0
MSME_04994,Meru,Construction,35,2,42360.63,31094.62,620038.92,467410.5,0.0,32324.83,0.7340279399069394,0.753839365697615,0.027777777777777776,0.7630686071333894,1
MSME_04995,Thika,Food Services,25,1,687729.09,509682.54,2180379.6,242673.71,0.0,470325.82,0.7411083903570367,0.11129878425812446,0.038461538461538464,0.683881404694682,0
MSME_04996,Nakuru,Agriculture,3,1,83797.41,92499.04,646122.2,389747.96,20252.2,57623.46,1.1038281036597233,0.6032099760541024,0.25,0.6876438347696573,1
MSME_04997,Mombasa,Construction,111,3,148648.07,130065.44,1609689.53,1414851.8,0.0,84245.7,0.8749832070930548,0.8789588890729202,0.008928571428571428,0.5667421935434913,1
MSME_04998,Eldoret,Agriculture,102,5,93781.15,90799.75,175181.75,49940.41,23237.28,60927.35,0.9681986390800382,0.2850760705606003,0.009708737864077669,0.6496689401981081,1
MSME_04999,Thika,Manufacturing,17,3,167671.36,126511.61,1999188.16,1472376.27,0.0,122469.59,0.7545167849966448,0.7364867214466089,0.05555555555555555,0.7304101284194963,0
